"entity_type","name","alt_names","slug","category","subcategory","short_description","long_description","key_facts","real_world_basis","first_shown_in","first_shown_date","confirmed_status","source_tier","source_url","source_date","confidence","official_image_exists","related_entities","search_terms","notes"
"business","24/7","Twenty Four Seven","24-7","convenience store","convenience store","24/7 is a convenience store listed for GTA 6 on the GTA Fandom wiki.","24/7 appears on the GTA Fandom wiki as a Grand Theft Auto VI business. The wiki describes it as a convenience store. It is also called Twenty Four Seven. The wiki lists it across 6 places in the series: Liberty City, Liberty, Carcer City, State of San Andreas, Key Lento, Leonida. Leonida, Key Lento and Vice City are the GTA 6 entries in that list. Vehicles tied to it are given as Benson, Steed, Yankee. Named staff are given as DarkSoulLock (Formerly). The wiki marks its story status as active. Grand Theft Auto VI has not released and Rockstar has published no list of its own, so this entry records what the wiki says and does not treat it as confirmed.","Business type: convenience store;Listed locations: Liberty City, Liberty, Carcer City, State of San Andreas, Key Lento, Leonida;Associated vehicles: Benson, Steed, Yankee;Story status: active;Source: GTA Fandom wiki, via outlawdb","","","","COMMUNITY_IDENTIFIED","TIER_3_COMMUNITY","https://gta.fandom.com/wiki/24%2F7_(HD_Universe)","2026-09-13","LOW","NO","Benson;Steed;Yankee","gta 6 24/7;24/7 gta 6;gta 6 convenience store","Data from outlawdb (https://outlawdb.com/en/gta-6/businesses), derived from GTA Wiki, CC BY-SA 3.0."
"business","420 Rolling Papers","","420-rolling-papers","drug","drug","420 Rolling Papers are drugs listed for GTA 6 on the GTA Fandom wiki.","420 Rolling Papers appear on the GTA Fandom wiki as a Grand Theft Auto VI business. The wiki describes it as a drug. The wiki marks its story status as active. Grand Theft Auto VI has not released and Rockstar has published no list of its own, so this entry records what the wiki says and does not treat it as confirmed.","Business type: drug;Story status: active;Source: GTA Fandom wiki, via outlawdb","","","","COMMUNITY_IDENTIFIED","TIER_3_COMMUNITY","https://gta.fandom.com/wiki/420_Rolling_Papers","2026-09-13","LOW","NO","","gta 6 420 rolling papers;420 rolling papers gta 6;gta 6 drug","Data from outlawdb (https://outlawdb.com/en/gta-6/businesses), derived from GTA Wiki, CC BY-SA 3.0."
"business","After Shaft","","after-shaft","vehicleparts","vehicleparts","After Shaft is a vehicleparts listed for GTA 6 on the GTA Fandom wiki.","After Shaft appears on the GTA Fandom wiki as a Grand Theft Auto VI business. The wiki describes it as a vehicleparts. The wiki marks its story status as active. Grand Theft Auto VI has not released and Rockstar has published no list of its own, so this entry records what the wiki says and does not treat it as confirmed.","Business type: vehicleparts;Story status: active;Source: GTA Fandom wiki, via outlawdb","","","","COMMUNITY_IDENTIFIED","TIER_3_COMMUNITY","https://gta.fandom.com/wiki/After_Shaft","2026-09-13","LOW","NO","","gta 6 after shaft;after shaft gta 6;gta 6 vehicleparts","Data from outlawdb (https://outlawdb.com/en/gta-6/businesses), derived from GTA Wiki, CC BY-SA 3.0."
"business","Air Herler","","air-herler","airline","airline","Air Herler is a airline listed for GTA 6 on the GTA Fandom wiki.","Air Herler appears on the GTA Fandom wiki as a Grand Theft Auto VI business. The wiki describes it as a airline. The wiki lists it across 3 places in the series: Los Santos International Airport, Los Santos, San Andreas. None of those entries name a GTA 6 location, so the GTA 6 listing rests on the wiki alone. Vehicles tied to it are given as Aircraft, Jet, Shamal, Numerous static aircraft. The wiki marks its story status as active. Grand Theft Auto VI has not released and Rockstar has published no list of its own, so this entry records what the wiki says and does not treat it as confirmed.","Business type: airline;Listed locations: Los Santos International Airport, Los Santos, San Andreas;Associated vehicles: Aircraft, Jet, Shamal, Numerous static aircraft;Story status: active;Source: GTA Fandom wiki, via outlawdb","","","","COMMUNITY_IDENTIFIED","TIER_3_COMMUNITY","https://gta.fandom.com/wiki/Air_Herler","2026-09-13","LOW","NO","Aircraft;Jet;Shamal;Numerous static aircraft","gta 6 air herler;air herler gta 6;gta 6 airline","Data from outlawdb (https://outlawdb.com/en/gta-6/businesses), derived from GTA Wiki, CC BY-SA 3.0."
"business","Airaide","","airaide","electronics","electronics","Airaide is a electronics listed for GTA 6 on the GTA Fandom wiki.","Airaide appears on the GTA Fandom wiki as a Grand Theft Auto VI business. The wiki describes it as a electronics. The wiki marks its story status as active. Grand Theft Auto VI has not released and Rockstar has published no list of its own, so this entry records what the wiki says and does not treat it as confirmed.","Business type: electronics;Story status: active;Source: GTA Fandom wiki, via outlawdb","","","","COMMUNITY_IDENTIFIED","TIER_3_COMMUNITY","https://gta.fandom.com/wiki/Airaide","2026-09-13","LOW","NO","","gta 6 airaide;airaide gta 6;gta 6 electronics","Data from outlawdb (https://outlawdb.com/en/gta-6/businesses), derived from GTA Wiki, CC BY-SA 3.0."
"business","Airgator Airboats","","airgator-airboats","vehicles","vehicles","Airgator Airboats are vehicless listed for GTA 6 on the GTA Fandom wiki.","Airgator Airboats appear on the GTA Fandom wiki as a Grand Theft Auto VI business. The wiki describes it as a vehicles. The wiki marks its story status as active. Grand Theft Auto VI has not released and Rockstar has published no list of its own, so this entry records what the wiki says and does not treat it as confirmed.","Business type: vehicles;Story status: active;Source: GTA Fandom wiki, via outlawdb","","","","COMMUNITY_IDENTIFIED","TIER_3_COMMUNITY","https://gta.fandom.com/wiki/Airgator_Airboats","2026-09-13","LOW","NO","","gta 6 airgator airboats;airgator airboats gta 6;gta 6 vehicles","Data from outlawdb (https://outlawdb.com/en/gta-6/businesses), derived from GTA Wiki, CC BY-SA 3.0."
"business","Albany","","albany","vehicles","vehicles","Albany is a vehicles listed for GTA 6 on the GTA Fandom wiki.","Albany appears on the GTA Fandom wiki as a Grand Theft Auto VI business. The wiki describes it as a vehicles. The wiki lists it across 3 places in the series: Mosley Auto Service, Los Santos, San Andreas. None of those entries name a GTA 6 location, so the GTA 6 listing rests on the wiki alone. Grand Theft Auto VI has not released and Rockstar has published no list of its own, so this entry records what the wiki says and does not treat it as confirmed.","Business type: vehicles;Listed locations: Mosley Auto Service, Los Santos, San Andreas;Source: GTA Fandom wiki, via outlawdb","","","","COMMUNITY_IDENTIFIED","TIER_3_COMMUNITY","https://gta.fandom.com/wiki/Albany","2026-09-13","LOW","NO","","gta 6 albany;albany gta 6;gta 6 vehicles","Data from outlawdb (https://outlawdb.com/en/gta-6/businesses), derived from GTA Wiki, CC BY-SA 3.0."
"business","Allied Crystal","","allied-crystal","agriculture","agriculture","Allied Crystal is a agriculture listed for GTA 6 on the GTA Fandom wiki.","Allied Crystal appears on the GTA Fandom wiki as a Grand Theft Auto VI business. The wiki describes it as a agriculture. The wiki lists it across 3 places in the series: Allied Crystal Sugar Refinery, Ambrosia, Leonida. Leonida, Key Lento and Vice City are the GTA 6 entries in that list. The wiki marks its story status as active. Grand Theft Auto VI has not released and Rockstar has published no list of its own, so this entry records what the wiki says and does not treat it as confirmed.","Business type: agriculture;Listed locations: Allied Crystal Sugar Refinery, Ambrosia, Leonida;Story status: active;Source: GTA Fandom wiki, via outlawdb","","","","COMMUNITY_IDENTIFIED","TIER_3_COMMUNITY","https://gta.fandom.com/wiki/Allied_Crystal","2026-09-13","LOW","NO","","gta 6 allied crystal;allied crystal gta 6;gta 6 agriculture","Data from outlawdb (https://outlawdb.com/en/gta-6/businesses), derived from GTA Wiki, CC BY-SA 3.0."
"business","Ambrosia County Sheriff","","ambrosia-county-sheriff","police","police","Ambrosia County Sheriff is a police listed for GTA 6 on the GTA Fandom wiki.","Ambrosia County Sheriff appears on the GTA Fandom wiki as a Grand Theft Auto VI business. The wiki describes it as a police. The wiki lists it across 2 places in the series: Ambrosia County, Leonida. Leonida, Key Lento and Vice City are the GTA 6 entries in that list. Grand Theft Auto VI has not released and Rockstar has published no list of its own, so this entry records what the wiki says and does not treat it as confirmed.","Business type: police;Listed locations: Ambrosia County, Leonida;Source: GTA Fandom wiki, via outlawdb","","","","COMMUNITY_IDENTIFIED","TIER_3_COMMUNITY","https://gta.fandom.com/wiki/Ambrosia_County_Sheriff","2026-09-13","LOW","NO","","gta 6 ambrosia county sheriff;ambrosia county sheriff gta 6;gta 6 police","Data from outlawdb (https://outlawdb.com/en/gta-6/businesses), derived from GTA Wiki, CC BY-SA 3.0."
"business","American Football Federation","AFF","american-football-federation","sportsleague","sportsleague","American Football Federation is a sportsleague listed for GTA 6 on the GTA Fandom wiki.","American Football Federation appears on the GTA Fandom wiki as a Grand Theft Auto VI business. The wiki describes it as a sportsleague. It is also called AFF. The wiki lists it across 1 place in the series: United States of America. None of those entries name a GTA 6 location, so the GTA 6 listing rests on the wiki alone. Grand Theft Auto VI has not released and Rockstar has published no list of its own, so this entry records what the wiki says and does not treat it as confirmed.","Business type: sportsleague;Listed locations: United States of America;Source: GTA Fandom wiki, via outlawdb","","","","COMMUNITY_IDENTIFIED","TIER_3_COMMUNITY","https://gta.fandom.com/wiki/American_Football_Federation","2026-09-13","LOW","NO","","gta 6 american football federation;american football federation gta 6;gta 6 sportsleague","Data from outlawdb (https://outlawdb.com/en/gta-6/businesses), derived from GTA Wiki, CC BY-SA 3.0."
"business","Annis","","annis","vehicles","vehicles","Annis is a vehicles listed for GTA 6 on the GTA Fandom wiki.","Annis appears on the GTA Fandom wiki as a Grand Theft Auto VI business. The wiki describes it as a vehicles. The wiki marks its story status as active. Grand Theft Auto VI has not released and Rockstar has published no list of its own, so this entry records what the wiki says and does not treat it as confirmed.","Business type: vehicles;Story status: active;Source: GTA Fandom wiki, via outlawdb","","","","COMMUNITY_IDENTIFIED","TIER_3_COMMUNITY","https://gta.fandom.com/wiki/Annis","2026-09-13","LOW","NO","","gta 6 annis;annis gta 6;gta 6 vehicles","Data from outlawdb (https://outlawdb.com/en/gta-6/businesses), derived from GTA Wiki, CC BY-SA 3.0."
"business","Arrow Gasoline","","arrow-gasoline","gasoline","gasoline","Arrow Gasoline is a gasoline listed for GTA 6 on the GTA Fandom wiki.","Arrow Gasoline appears on the GTA Fandom wiki as a Grand Theft Auto VI business. The wiki describes it as a gasoline. The wiki lists it across 1 place in the series: State of Leonida (See more). Leonida, Key Lento and Vice City are the GTA 6 entries in that list. The wiki marks its story status as active. Grand Theft Auto VI has not released and Rockstar has published no list of its own, so this entry records what the wiki says and does not treat it as confirmed.","Business type: gasoline;Listed locations: State of Leonida (See more);Story status: active;Source: GTA Fandom wiki, via outlawdb","","","","COMMUNITY_IDENTIFIED","TIER_3_COMMUNITY","https://gta.fandom.com/wiki/Arrow_Gasoline","2026-09-13","LOW","NO","","gta 6 arrow gasoline;arrow gasoline gta 6;gta 6 gasoline","Data from outlawdb (https://outlawdb.com/en/gta-6/businesses), derived from GTA Wiki, CC BY-SA 3.0."
"business","Artek","","artek","houseware","houseware","Artek is a houseware listed for GTA 6 on the GTA Fandom wiki.","Artek appears on the GTA Fandom wiki as a Grand Theft Auto VI business. The wiki describes it as a houseware. The wiki marks its story status as active. Grand Theft Auto VI has not released and Rockstar has published no list of its own, so this entry records what the wiki says and does not treat it as confirmed.","Business type: houseware;Story status: active;Source: GTA Fandom wiki, via outlawdb","","","","COMMUNITY_IDENTIFIED","TIER_3_COMMUNITY","https://gta.fandom.com/wiki/Artek","2026-09-13","LOW","NO","","gta 6 artek;artek gta 6;gta 6 houseware","Data from outlawdb (https://outlawdb.com/en/gta-6/businesses), derived from GTA Wiki, CC BY-SA 3.0."
"business","Atomic","","atomic","vehicleparts","vehicleparts","Atomic is a vehicleparts listed for GTA 6 on the GTA Fandom wiki.","Atomic appears on the GTA Fandom wiki as a Grand Theft Auto VI business. The wiki describes it as a vehicleparts. The wiki marks its story status as active. Grand Theft Auto VI has not released and Rockstar has published no list of its own, so this entry records what the wiki says and does not treat it as confirmed.","Business type: vehicleparts;Story status: active;Source: GTA Fandom wiki, via outlawdb","","","","COMMUNITY_IDENTIFIED","TIER_3_COMMUNITY","https://gta.fandom.com/wiki/Atomic","2026-09-13","LOW","NO","","gta 6 atomic;atomic gta 6;gta 6 vehicleparts","Data from outlawdb (https://outlawdb.com/en/gta-6/businesses), derived from GTA Wiki, CC BY-SA 3.0."
"business","Autograph","","autograph","airline","airline","Autograph is a airline listed for GTA 6 on the GTA Fandom wiki.","Autograph appears on the GTA Fandom wiki as a Grand Theft Auto VI business. The wiki describes it as a airline. The wiki lists it across 3 places in the series: Vice City International Airport, Vice City, Leonida. Leonida, Key Lento and Vice City are the GTA 6 entries in that list. The wiki marks its story status as active. Grand Theft Auto VI has not released and Rockstar has published no list of its own, so this entry records what the wiki says and does not treat it as confirmed.","Business type: airline;Listed locations: Vice City International Airport, Vice City, Leonida;Story status: active;Source: GTA Fandom wiki, via outlawdb","","","","COMMUNITY_IDENTIFIED","TIER_3_COMMUNITY","https://gta.fandom.com/wiki/Autograph","2026-09-13","LOW","NO","","gta 6 autograph;autograph gta 6;gta 6 airline","Data from outlawdb (https://outlawdb.com/en/gta-6/businesses), derived from GTA Wiki, CC BY-SA 3.0."
"business","Backside Skateboards","","backside-skateboards","fashion","fashion","Backside Skateboards are fashions listed for GTA 6 on the GTA Fandom wiki.","Backside Skateboards appear on the GTA Fandom wiki as a Grand Theft Auto VI business. The wiki describes it as a fashion. The wiki marks its story status as active. Grand Theft Auto VI has not released and Rockstar has published no list of its own, so this entry records what the wiki says and does not treat it as confirmed.","Business type: fashion;Story status: active;Source: GTA Fandom wiki, via outlawdb","","","","COMMUNITY_IDENTIFIED","TIER_3_COMMUNITY","https://gta.fandom.com/wiki/Backside_Skateboards","2026-09-13","LOW","NO","","gta 6 backside skateboards;backside skateboards gta 6;gta 6 fashion","Data from outlawdb (https://outlawdb.com/en/gta-6/businesses), derived from GTA Wiki, CC BY-SA 3.0."
"business","Ballfin","","ballfin","","","Ballfin is a business listed for GTA 6 on the GTA Fandom wiki.","Ballfin appears on the GTA Fandom wiki as a Grand Theft Auto VI business. The wiki marks its story status as active. Grand Theft Auto VI has not released and Rockstar has published no list of its own, so this entry records what the wiki says and does not treat it as confirmed.","Story status: active;Source: GTA Fandom wiki, via outlawdb","","","","COMMUNITY_IDENTIFIED","TIER_3_COMMUNITY","https://gta.fandom.com/wiki/Ballfin","2026-09-13","LOW","NO","","gta 6 ballfin;ballfin gta 6","Data from outlawdb (https://outlawdb.com/en/gta-6/businesses), derived from GTA Wiki, CC BY-SA 3.0."
"business","Beast","","beast","sportsequipment","sportsequipment","Beast is a sportsequipment listed for GTA 6 on the GTA Fandom wiki.","Beast appears on the GTA Fandom wiki as a Grand Theft Auto VI business. The wiki describes it as a sportsequipment. The wiki marks its story status as active. Grand Theft Auto VI has not released and Rockstar has published no list of its own, so this entry records what the wiki says and does not treat it as confirmed.","Business type: sportsequipment;Story status: active;Source: GTA Fandom wiki, via outlawdb","","","","COMMUNITY_IDENTIFIED","TIER_3_COMMUNITY","https://gta.fandom.com/wiki/Beast_(brand)","2026-09-13","LOW","NO","","gta 6 beast;beast gta 6;gta 6 sportsequipment","Data from outlawdb (https://outlawdb.com/en/gta-6/businesses), derived from GTA Wiki, CC BY-SA 3.0."
"business","Benedict Light Beer","","benedict-light-beer","alcohol","alcohol","Benedict Light Beer is a alcohol listed for GTA 6 on the GTA Fandom wiki.","Benedict Light Beer appears on the GTA Fandom wiki as a Grand Theft Auto VI business. The wiki describes it as a alcohol. The wiki marks its story status as active. Grand Theft Auto VI has not released and Rockstar has published no list of its own, so this entry records what the wiki says and does not treat it as confirmed.","Business type: alcohol;Story status: active;Source: GTA Fandom wiki, via outlawdb","","","","COMMUNITY_IDENTIFIED","TIER_3_COMMUNITY","https://gta.fandom.com/wiki/Benedict_Light_Beer","2026-09-13","LOW","NO","","gta 6 benedict light beer;benedict light beer gta 6;gta 6 alcohol","Data from outlawdb (https://outlawdb.com/en/gta-6/businesses), derived from GTA Wiki, CC BY-SA 3.0."
"business","Benefactor","","benefactor","vehicles","vehicles","Benefactor is a vehicles listed for GTA 6 on the GTA Fandom wiki.","Benefactor appears on the GTA Fandom wiki as a Grand Theft Auto VI business. The wiki describes it as a vehicles. The wiki lists it across 3 places in the series: Benefactor-Gallivanter Dealership, Los Santos, San Andreas. None of those entries name a GTA 6 location, so the GTA 6 listing rests on the wiki alone. The wiki marks its story status as active. Grand Theft Auto VI has not released and Rockstar has published no list of its own, so this entry records what the wiki says and does not treat it as confirmed.","Business type: vehicles;Listed locations: Benefactor-Gallivanter Dealership, Los Santos, San Andreas;Story status: active;Source: GTA Fandom wiki, via outlawdb","","","","COMMUNITY_IDENTIFIED","TIER_3_COMMUNITY","https://gta.fandom.com/wiki/Benefactor","2026-09-13","LOW","NO","","gta 6 benefactor;benefactor gta 6;gta 6 vehicles","Data from outlawdb (https://outlawdb.com/en/gta-6/businesses), derived from GTA Wiki, CC BY-SA 3.0."
"business","Bilgeco","","bilgeco","shipping","shipping","Bilgeco is a shipping listed for GTA 6 on the GTA Fandom wiki.","Bilgeco appears on the GTA Fandom wiki as a Grand Theft Auto VI business. The wiki describes it as a shipping. The wiki lists it across 10 places in the series: Port of Los Santos, Los Santos, San Andreas, LSIA, Los Santos, San Andreas, PortViceCity, Vice City, Vice-Dale County, Leonida. Leonida, Key Lento and Vice City are the GTA 6 entries in that list. The wiki marks its story status as active. Grand Theft Auto VI has not released and Rockstar has published no list of its own, so this entry records what the wiki says and does not treat it as confirmed.","Business type: shipping;Listed locations: Port of Los Santos, Los Santos, San Andreas, LSIA, Los Santos, San Andreas, PortViceCity, Vice City, Vice-Dale County, Leonida;Story status: active;Source: GTA Fandom wiki, via outlawdb","","","","COMMUNITY_IDENTIFIED","TIER_3_COMMUNITY","https://gta.fandom.com/wiki/Bilgeco","2026-09-13","LOW","NO","","gta 6 bilgeco;bilgeco gta 6;gta 6 shipping","Data from outlawdb (https://outlawdb.com/en/gta-6/businesses), derived from GTA Wiki, CC BY-SA 3.0."
"business","Bite!","","bite","fastfood","fastfood","Bite! is a fastfood listed for GTA 6 on the GTA Fandom wiki.","Bite! appears on the GTA Fandom wiki as a Grand Theft Auto VI business. The wiki describes it as a fastfood. The wiki lists it across 7 places in the series: State of Alderney, Liberty City, Liberty, Los Santos, San Andreas, Vice City, Leonida (See more). Leonida, Key Lento and Vice City are the GTA 6 entries in that list. The wiki marks its story status as active. Grand Theft Auto VI has not released and Rockstar has published no list of its own, so this entry records what the wiki says and does not treat it as confirmed.","Business type: fastfood;Listed locations: State of Alderney, Liberty City, Liberty, Los Santos, San Andreas, Vice City, Leonida (See more);Story status: active;Source: GTA Fandom wiki, via outlawdb","","","","COMMUNITY_IDENTIFIED","TIER_3_COMMUNITY","https://gta.fandom.com/wiki/Bite!","2026-09-13","LOW","NO","","gta 6 bite!;bite! gta 6;gta 6 fastfood","Data from outlawdb (https://outlawdb.com/en/gta-6/businesses), derived from GTA Wiki, CC BY-SA 3.0."
"business","Blarneys Stout","","blarneys-stout","Alcohol Beverage","Alcohol Beverage","Blarneys Stout is a Alcohol Beverage listed for GTA 6 on the GTA Fandom wiki.","Blarneys Stout appears on the GTA Fandom wiki as a Grand Theft Auto VI business. The wiki describes it as a Alcohol Beverage. The wiki lists it across 2 places in the series: Port Tudor, Alderney Steinway Beer Garden Vinewood Boulevard. None of those entries name a GTA 6 location, so the GTA 6 listing rests on the wiki alone. Grand Theft Auto VI has not released and Rockstar has published no list of its own, so this entry records what the wiki says and does not treat it as confirmed.","Business type: Alcohol Beverage;Listed locations: Port Tudor, Alderney Steinway Beer Garden Vinewood Boulevard;Source: GTA Fandom wiki, via outlawdb","","","","COMMUNITY_IDENTIFIED","TIER_3_COMMUNITY","https://gta.fandom.com/wiki/Blarneys_Stout","2026-09-13","LOW","NO","","gta 6 blarneys stout;blarneys stout gta 6;gta 6 Alcohol Beverage","Data from outlawdb (https://outlawdb.com/en/gta-6/businesses), derived from GTA Wiki, CC BY-SA 3.0."
"business","Blick","","blick","electronics","electronics","Blick is a electronics listed for GTA 6 on the GTA Fandom wiki.","Blick appears on the GTA Fandom wiki as a Grand Theft Auto VI business. The wiki describes it as a electronics. The wiki lists it across 2 places in the series: Little Seoul, Los Santos. None of those entries name a GTA 6 location, so the GTA 6 listing rests on the wiki alone. Grand Theft Auto VI has not released and Rockstar has published no list of its own, so this entry records what the wiki says and does not treat it as confirmed.","Business type: electronics;Listed locations: Little Seoul, Los Santos;Source: GTA Fandom wiki, via outlawdb","","","","COMMUNITY_IDENTIFIED","TIER_3_COMMUNITY","https://gta.fandom.com/wiki/Blick","2026-09-13","LOW","NO","","gta 6 blick;blick gta 6;gta 6 electronics","Data from outlawdb (https://outlawdb.com/en/gta-6/businesses), derived from GTA Wiki, CC BY-SA 3.0."
"business","Bobby Hurricane's","","bobby-hurricanes","fastfood","fastfood","Bobby Hurricane's are fastfoods listed for GTA 6 on the GTA Fandom wiki.","Bobby Hurricane's appear on the GTA Fandom wiki as a Grand Theft Auto VI business. The wiki describes it as a fastfood. The wiki lists it across 2 places in the series: Vice Beach, Leonida (See more). Leonida, Key Lento and Vice City are the GTA 6 entries in that list. The wiki marks its story status as active. Grand Theft Auto VI has not released and Rockstar has published no list of its own, so this entry records what the wiki says and does not treat it as confirmed.","Business type: fastfood;Listed locations: Vice Beach, Leonida (See more);Story status: active;Source: GTA Fandom wiki, via outlawdb","","","","COMMUNITY_IDENTIFIED","TIER_3_COMMUNITY","https://gta.fandom.com/wiki/Bobby_Hurricane's","2026-09-13","LOW","NO","","gta 6 bobby hurricane's;bobby hurricane's gta 6;gta 6 fastfood","Data from outlawdb (https://outlawdb.com/en/gta-6/businesses), derived from GTA Wiki, CC BY-SA 3.0."
"business","Bocadillos","","bocadillos","snack","snack","Bocadillos are snacks listed for GTA 6 on the GTA Fandom wiki.","Bocadillos appear on the GTA Fandom wiki as a Grand Theft Auto VI business. The wiki describes it as a snack. The wiki marks its story status as active. Grand Theft Auto VI has not released and Rockstar has published no list of its own, so this entry records what the wiki says and does not treat it as confirmed.","Business type: snack;Story status: active;Source: GTA Fandom wiki, via outlawdb","","","","COMMUNITY_IDENTIFIED","TIER_3_COMMUNITY","https://gta.fandom.com/wiki/Bocadillos","2026-09-13","LOW","NO","","gta 6 bocadillos;bocadillos gta 6;gta 6 snack","Data from outlawdb (https://outlawdb.com/en/gta-6/businesses), derived from GTA Wiki, CC BY-SA 3.0."
"business","Boxtrax","","boxtrax","shipping","shipping","Boxtrax is a shipping listed for GTA 6 on the GTA Fandom wiki.","Boxtrax appears on the GTA Fandom wiki as a Grand Theft Auto VI business. The wiki describes it as a shipping. Vehicles tied to it are given as Freight Train. The wiki marks its story status as active. Grand Theft Auto VI has not released and Rockstar has published no list of its own, so this entry records what the wiki says and does not treat it as confirmed.","Business type: shipping;Associated vehicles: Freight Train;Story status: active;Source: GTA Fandom wiki, via outlawdb","","","","COMMUNITY_IDENTIFIED","TIER_3_COMMUNITY","https://gta.fandom.com/wiki/Boxtrax","2026-09-13","LOW","NO","Freight Train","gta 6 boxtrax;boxtrax gta 6;gta 6 shipping","Data from outlawdb (https://outlawdb.com/en/gta-6/businesses), derived from GTA Wiki, CC BY-SA 3.0."
"business","Bravado","","bravado","vehicles","vehicles","Bravado is a vehicles listed for GTA 6 on the GTA Fandom wiki.","Bravado appears on the GTA Fandom wiki as a Grand Theft Auto VI business. The wiki describes it as a vehicles. The wiki marks its story status as active. Grand Theft Auto VI has not released and Rockstar has published no list of its own, so this entry records what the wiki says and does not treat it as confirmed.","Business type: vehicles;Story status: active;Source: GTA Fandom wiki, via outlawdb","","","","COMMUNITY_IDENTIFIED","TIER_3_COMMUNITY","https://gta.fandom.com/wiki/Bravado","2026-09-13","LOW","NO","","gta 6 bravado;bravado gta 6;gta 6 vehicles","Data from outlawdb (https://outlawdb.com/en/gta-6/businesses), derived from GTA Wiki, CC BY-SA 3.0."
"business","Brute","","brute","vehicles","vehicles","Brute is a vehicles listed for GTA 6 on the GTA Fandom wiki.","Brute appears on the GTA Fandom wiki as a Grand Theft Auto VI business. The wiki describes it as a vehicles. The wiki marks its story status as active. Grand Theft Auto VI has not released and Rockstar has published no list of its own, so this entry records what the wiki says and does not treat it as confirmed.","Business type: vehicles;Story status: active;Source: GTA Fandom wiki, via outlawdb","","","","COMMUNITY_IDENTIFIED","TIER_3_COMMUNITY","https://gta.fandom.com/wiki/Brute_(HD_Universe)","2026-09-13","LOW","NO","","gta 6 brute;brute gta 6;gta 6 vehicles","Data from outlawdb (https://outlawdb.com/en/gta-6/businesses), derived from GTA Wiki, CC BY-SA 3.0."
"business","Buckingham","","buckingham","vehicles","vehicles","Buckingham is a vehicles listed for GTA 6 on the GTA Fandom wiki.","Buckingham appears on the GTA Fandom wiki as a Grand Theft Auto VI business. The wiki describes it as a vehicles. The wiki marks its story status as active. Grand Theft Auto VI has not released and Rockstar has published no list of its own, so this entry records what the wiki says and does not treat it as confirmed.","Business type: vehicles;Story status: active;Source: GTA Fandom wiki, via outlawdb","","","","COMMUNITY_IDENTIFIED","TIER_3_COMMUNITY","https://gta.fandom.com/wiki/Buckingham","2026-09-13","LOW","NO","","gta 6 buckingham;buckingham gta 6;gta 6 vehicles","Data from outlawdb (https://outlawdb.com/en/gta-6/businesses), derived from GTA Wiki, CC BY-SA 3.0."
"business","Callus","","callus","","","Callus is a business listed for GTA 6 on the GTA Fandom wiki.","Callus appears on the GTA Fandom wiki as a Grand Theft Auto VI business. The wiki marks its story status as active. Grand Theft Auto VI has not released and Rockstar has published no list of its own, so this entry records what the wiki says and does not treat it as confirmed.","Story status: active;Source: GTA Fandom wiki, via outlawdb","","","","COMMUNITY_IDENTIFIED","TIER_3_COMMUNITY","https://gta.fandom.com/wiki/Callus","2026-09-13","LOW","NO","","gta 6 callus;callus gta 6","Data from outlawdb (https://outlawdb.com/en/gta-6/businesses), derived from GTA Wiki, CC BY-SA 3.0."
"business","Canis","","canis","vehicles","vehicles","Canis is a vehicles listed for GTA 6 on the GTA Fandom wiki.","Canis appears on the GTA Fandom wiki as a Grand Theft Auto VI business. The wiki describes it as a vehicles. The wiki marks its story status as active. Grand Theft Auto VI has not released and Rockstar has published no list of its own, so this entry records what the wiki says and does not treat it as confirmed.","Business type: vehicles;Story status: active;Source: GTA Fandom wiki, via outlawdb","","","","COMMUNITY_IDENTIFIED","TIER_3_COMMUNITY","https://gta.fandom.com/wiki/Canis","2026-09-13","LOW","NO","","gta 6 canis;canis gta 6;gta 6 vehicles","Data from outlawdb (https://outlawdb.com/en/gta-6/businesses), derived from GTA Wiki, CC BY-SA 3.0."
"business","Capo","","capo","weapons","weapons","Capo is a weapons listed for GTA 6 on the GTA Fandom wiki.","Capo appears on the GTA Fandom wiki as a Grand Theft Auto VI business. The wiki describes it as a weapons. The wiki marks its story status as active. Grand Theft Auto VI has not released and Rockstar has published no list of its own, so this entry records what the wiki says and does not treat it as confirmed.","Business type: weapons;Story status: active;Source: GTA Fandom wiki, via outlawdb","","","","COMMUNITY_IDENTIFIED","TIER_3_COMMUNITY","https://gta.fandom.com/wiki/Capo_(manufacturer)","2026-09-13","LOW","NO","","gta 6 capo;capo gta 6;gta 6 weapons","Data from outlawdb (https://outlawdb.com/en/gta-6/businesses), derived from GTA Wiki, CC BY-SA 3.0."
"business","Cerveza Barracho","","cerveza-barracho","alcohol","alcohol","Cerveza Barracho is a alcohol listed for GTA 6 on the GTA Fandom wiki.","Cerveza Barracho appears on the GTA Fandom wiki as a Grand Theft Auto VI business. The wiki describes it as a alcohol. The wiki marks its story status as active. Grand Theft Auto VI has not released and Rockstar has published no list of its own, so this entry records what the wiki says and does not treat it as confirmed.","Business type: alcohol;Story status: active;Source: GTA Fandom wiki, via outlawdb","","","","COMMUNITY_IDENTIFIED","TIER_3_COMMUNITY","https://gta.fandom.com/wiki/Cerveza_Barracho","2026-09-13","LOW","NO","","gta 6 cerveza barracho;cerveza barracho gta 6;gta 6 alcohol","Data from outlawdb (https://outlawdb.com/en/gta-6/businesses), derived from GTA Wiki, CC BY-SA 3.0."
"business","Cerveza Lavazas","","cerveza-lavazas","alcohol","alcohol","Cerveza Lavazas is a alcohol listed for GTA 6 on the GTA Fandom wiki.","Cerveza Lavazas appears on the GTA Fandom wiki as a Grand Theft Auto VI business. The wiki describes it as a alcohol. The wiki marks its story status as active. Grand Theft Auto VI has not released and Rockstar has published no list of its own, so this entry records what the wiki says and does not treat it as confirmed.","Business type: alcohol;Story status: active;Source: GTA Fandom wiki, via outlawdb","","","","COMMUNITY_IDENTIFIED","TIER_3_COMMUNITY","https://gta.fandom.com/wiki/Lavazas","2026-09-13","LOW","NO","","gta 6 cerveza lavazas;cerveza lavazas gta 6;gta 6 alcohol","Data from outlawdb (https://outlawdb.com/en/gta-6/businesses), derived from GTA Wiki, CC BY-SA 3.0."
"business","Chacey's","","chaceys","","","Chacey's are businesses listed for GTA 6 on the GTA Fandom wiki.","Chacey's appear on the GTA Fandom wiki as a Grand Theft Auto VI business. The wiki marks its story status as active. Grand Theft Auto VI has not released and Rockstar has published no list of its own, so this entry records what the wiki says and does not treat it as confirmed.","Story status: active;Source: GTA Fandom wiki, via outlawdb","","","","COMMUNITY_IDENTIFIED","TIER_3_COMMUNITY","https://gta.fandom.com/wiki/Chacey's","2026-09-13","LOW","NO","","gta 6 chacey's;chacey's gta 6","Data from outlawdb (https://outlawdb.com/en/gta-6/businesses), derived from GTA Wiki, CC BY-SA 3.0."
"business","Chepalle","","chepalle","vehicleparts","vehicleparts","Chepalle is a vehicleparts listed for GTA 6 on the GTA Fandom wiki.","Chepalle appears on the GTA Fandom wiki as a Grand Theft Auto VI business. The wiki describes it as a vehicleparts. The wiki marks its story status as active. Grand Theft Auto VI has not released and Rockstar has published no list of its own, so this entry records what the wiki says and does not treat it as confirmed.","Business type: vehicleparts;Story status: active;Source: GTA Fandom wiki, via outlawdb","","","","COMMUNITY_IDENTIFIED","TIER_3_COMMUNITY","https://gta.fandom.com/wiki/Chepalle","2026-09-13","LOW","NO","","gta 6 chepalle;chepalle gta 6;gta 6 vehicleparts","Data from outlawdb (https://outlawdb.com/en/gta-6/businesses), derived from GTA Wiki, CC BY-SA 3.0."
"business","Cherenkov Vodka","","cherenkov-vodka","alcohol","alcohol","Cherenkov Vodka is a alcohol listed for GTA 6 on the GTA Fandom wiki.","Cherenkov Vodka appears on the GTA Fandom wiki as a Grand Theft Auto VI business. The wiki describes it as a alcohol. Grand Theft Auto VI has not released and Rockstar has published no list of its own, so this entry records what the wiki says and does not treat it as confirmed.","Business type: alcohol;Source: GTA Fandom wiki, via outlawdb","","","","COMMUNITY_IDENTIFIED","TIER_3_COMMUNITY","https://gta.fandom.com/wiki/Cherenkov_Vodka","2026-09-13","LOW","NO","","gta 6 cherenkov vodka;cherenkov vodka gta 6;gta 6 alcohol","Data from outlawdb (https://outlawdb.com/en/gta-6/businesses), derived from GTA Wiki, CC BY-SA 3.0."
"business","Classique","","classique","vehicles","vehicles","Classique is a vehicles listed for GTA 6 on the GTA Fandom wiki.","Classique appears on the GTA Fandom wiki as a Grand Theft Auto VI business. The wiki describes it as a vehicles. Grand Theft Auto VI has not released and Rockstar has published no list of its own, so this entry records what the wiki says and does not treat it as confirmed.","Business type: vehicles;Source: GTA Fandom wiki, via outlawdb","","","","COMMUNITY_IDENTIFIED","TIER_3_COMMUNITY","https://gta.fandom.com/wiki/Classique","2026-09-13","LOW","NO","","gta 6 classique;classique gta 6;gta 6 vehicles","Data from outlawdb (https://outlawdb.com/en/gta-6/businesses), derived from GTA Wiki, CC BY-SA 3.0."
"business","Conglomerated National Television","","conglomerated-national-television","entertainment","entertainment","Conglomerated National Television is a entertainment listed for GTA 6 on the GTA Fandom wiki.","Conglomerated National Television appears on the GTA Fandom wiki as a Grand Theft Auto VI business. The wiki describes it as a entertainment. The wiki lists it across 4 places in the series: Liberty City, Liberty, Los Santos, San Andreas (See more). None of those entries name a GTA 6 location, so the GTA 6 listing rests on the wiki alone. The wiki marks its story status as active. Grand Theft Auto VI has not released and Rockstar has published no list of its own, so this entry records what the wiki says and does not treat it as confirmed.","Business type: entertainment;Listed locations: Liberty City, Liberty, Los Santos, San Andreas (See more);Story status: active;Source: GTA Fandom wiki, via outlawdb","","","","COMMUNITY_IDENTIFIED","TIER_3_COMMUNITY","https://gta.fandom.com/wiki/Conglomerated_National_Television","2026-09-13","LOW","NO","","gta 6 conglomerated national television;conglomerated national television gta 6;gta 6 entertainment","Data from outlawdb (https://outlawdb.com/en/gta-6/businesses), derived from GTA Wiki, CC BY-SA 3.0."
"business","Crest Kayaks","","crest-kayaks","vehicles","vehicles","Crest Kayaks are vehicless listed for GTA 6 on the GTA Fandom wiki.","Crest Kayaks appear on the GTA Fandom wiki as a Grand Theft Auto VI business. The wiki describes it as a vehicles. The wiki marks its story status as active. Grand Theft Auto VI has not released and Rockstar has published no list of its own, so this entry records what the wiki says and does not treat it as confirmed.","Business type: vehicles;Story status: active;Source: GTA Fandom wiki, via outlawdb","","","","COMMUNITY_IDENTIFIED","TIER_3_COMMUNITY","https://gta.fandom.com/wiki/Crest_Kayaks","2026-09-13","LOW","NO","","gta 6 crest kayaks;crest kayaks gta 6;gta 6 vehicles","Data from outlawdb (https://outlawdb.com/en/gta-6/businesses), derived from GTA Wiki, CC BY-SA 3.0."
"business","Crowex","","crowex","Watch manufacturing","Watch manufacturing","Crowex is a Watch manufacturing listed for GTA 6 on the GTA Fandom wiki.","Crowex appears on the GTA Fandom wiki as a Grand Theft Auto VI business. The wiki describes it as a Watch manufacturing. Grand Theft Auto VI has not released and Rockstar has published no list of its own, so this entry records what the wiki says and does not treat it as confirmed.","Business type: Watch manufacturing;Source: GTA Fandom wiki, via outlawdb","","","","COMMUNITY_IDENTIFIED","TIER_3_COMMUNITY","https://gta.fandom.com/wiki/Crowex","2026-09-13","LOW","NO","","gta 6 crowex;crowex gta 6;gta 6 Watch manufacturing","Data from outlawdb (https://outlawdb.com/en/gta-6/businesses), derived from GTA Wiki, CC BY-SA 3.0."
"business","Daewang","","daewang","electronics","electronics","Daewang is a electronics listed for GTA 6 on the GTA Fandom wiki.","Daewang appears on the GTA Fandom wiki as a Grand Theft Auto VI business. The wiki describes it as a electronics. The wiki marks its story status as active. Grand Theft Auto VI has not released and Rockstar has published no list of its own, so this entry records what the wiki says and does not treat it as confirmed.","Business type: electronics;Story status: active;Source: GTA Fandom wiki, via outlawdb","","","","COMMUNITY_IDENTIFIED","TIER_3_COMMUNITY","https://gta.fandom.com/wiki/Daewang","2026-09-13","LOW","NO","","gta 6 daewang;daewang gta 6;gta 6 electronics","Data from outlawdb (https://outlawdb.com/en/gta-6/businesses), derived from GTA Wiki, CC BY-SA 3.0."
"business","Declasse","","declasse","vehicles","vehicles","Declasse is a vehicles listed for GTA 6 on the GTA Fandom wiki.","Declasse appears on the GTA Fandom wiki as a Grand Theft Auto VI business. The wiki describes it as a vehicles. The wiki marks its story status as active. Grand Theft Auto VI has not released and Rockstar has published no list of its own, so this entry records what the wiki says and does not treat it as confirmed.","Business type: vehicles;Story status: active;Source: GTA Fandom wiki, via outlawdb","","","","COMMUNITY_IDENTIFIED","TIER_3_COMMUNITY","https://gta.fandom.com/wiki/Declasse","2026-09-13","LOW","NO","","gta 6 declasse;declasse gta 6;gta 6 vehicles","Data from outlawdb (https://outlawdb.com/en/gta-6/businesses), derived from GTA Wiki, CC BY-SA 3.0."
"business","Demonoil","","demonoil","vehicleproducts","vehicleproducts","Demonoil is a vehicleproducts listed for GTA 6 on the GTA Fandom wiki.","Demonoil appears on the GTA Fandom wiki as a Grand Theft Auto VI business. The wiki describes it as a vehicleproducts. The wiki marks its story status as active. Grand Theft Auto VI has not released and Rockstar has published no list of its own, so this entry records what the wiki says and does not treat it as confirmed.","Business type: vehicleproducts;Story status: active;Source: GTA Fandom wiki, via outlawdb","","","","COMMUNITY_IDENTIFIED","TIER_3_COMMUNITY","https://gta.fandom.com/wiki/Demonoil","2026-09-13","LOW","NO","","gta 6 demonoil;demonoil gta 6;gta 6 vehicleproducts","Data from outlawdb (https://outlawdb.com/en/gta-6/businesses), derived from GTA Wiki, CC BY-SA 3.0."
"business","Dignity","","dignity","alcohol","alcohol","Dignity is a alcohol listed for GTA 6 on the GTA Fandom wiki.","Dignity appears on the GTA Fandom wiki as a Grand Theft Auto VI business. The wiki describes it as a alcohol. The wiki marks its story status as active. Grand Theft Auto VI has not released and Rockstar has published no list of its own, so this entry records what the wiki says and does not treat it as confirmed.","Business type: alcohol;Story status: active;Source: GTA Fandom wiki, via outlawdb","","","","COMMUNITY_IDENTIFIED","TIER_3_COMMUNITY","https://gta.fandom.com/wiki/Dignity_(brand)","2026-09-13","LOW","NO","","gta 6 dignity;dignity gta 6;gta 6 alcohol","Data from outlawdb (https://outlawdb.com/en/gta-6/businesses), derived from GTA Wiki, CC BY-SA 3.0."
"business","Dreich","","dreich","alcohol","alcohol","Dreich is a alcohol listed for GTA 6 on the GTA Fandom wiki.","Dreich appears on the GTA Fandom wiki as a Grand Theft Auto VI business. The wiki describes it as a alcohol. The wiki marks its story status as active. Grand Theft Auto VI has not released and Rockstar has published no list of its own, so this entry records what the wiki says and does not treat it as confirmed.","Business type: alcohol;Story status: active;Source: GTA Fandom wiki, via outlawdb","","","","COMMUNITY_IDENTIFIED","TIER_3_COMMUNITY","https://gta.fandom.com/wiki/Dreich","2026-09-13","LOW","NO","","gta 6 dreich;dreich gta 6;gta 6 alcohol","Data from outlawdb (https://outlawdb.com/en/gta-6/businesses), derived from GTA Wiki, CC BY-SA 3.0."
"business","Dreyfuss Productions","","dreyfuss-productions","entertainment","entertainment","Dreyfuss Productions are entertainments listed for GTA 6 on the GTA Fandom wiki.","Dreyfuss Productions appear on the GTA Fandom wiki as a Grand Theft Auto VI business. The wiki describes it as a entertainment. The wiki lists it across 2 places in the series: Los Santos, San Andreas. None of those entries name a GTA 6 location, so the GTA 6 listing rests on the wiki alone. The wiki marks its story status as defunct. Grand Theft Auto VI has not released and Rockstar has published no list of its own, so this entry records what the wiki says and does not treat it as confirmed.","Business type: entertainment;Listed locations: Los Santos, San Andreas;Story status: defunct;Source: GTA Fandom wiki, via outlawdb","","","","COMMUNITY_IDENTIFIED","TIER_3_COMMUNITY","https://gta.fandom.com/wiki/Dreyfuss_Productions","2026-09-13","LOW","NO","","gta 6 dreyfuss productions;dreyfuss productions gta 6;gta 6 entertainment","Data from outlawdb (https://outlawdb.com/en/gta-6/businesses), derived from GTA Wiki, CC BY-SA 3.0."
"business","Duke Arms Company","","duke-arms-company","weapons","weapons","Duke Arms Company is a weapons listed for GTA 6 on the GTA Fandom wiki.","Duke Arms Company appears on the GTA Fandom wiki as a Grand Theft Auto VI business. The wiki describes it as a weapons. The wiki marks its story status as active. Grand Theft Auto VI has not released and Rockstar has published no list of its own, so this entry records what the wiki says and does not treat it as confirmed.","Business type: weapons;Story status: active;Source: GTA Fandom wiki, via outlawdb","","","","COMMUNITY_IDENTIFIED","TIER_3_COMMUNITY","https://gta.fandom.com/wiki/Duke_Arms_Company","2026-09-13","LOW","NO","","gta 6 duke arms company;duke arms company gta 6;gta 6 weapons","Data from outlawdb (https://outlawdb.com/en/gta-6/businesses), derived from GTA Wiki, CC BY-SA 3.0."
"business","Dundreary","","dundreary","vehicles","vehicles","Dundreary is a vehicles listed for GTA 6 on the GTA Fandom wiki.","Dundreary appears on the GTA Fandom wiki as a Grand Theft Auto VI business. The wiki describes it as a vehicles. The wiki marks its story status as active. Grand Theft Auto VI has not released and Rockstar has published no list of its own, so this entry records what the wiki says and does not treat it as confirmed.","Business type: vehicles;Story status: active;Source: GTA Fandom wiki, via outlawdb","","","","COMMUNITY_IDENTIFIED","TIER_3_COMMUNITY","https://gta.fandom.com/wiki/Dundreary","2026-09-13","LOW","NO","","gta 6 dundreary;dundreary gta 6;gta 6 vehicles","Data from outlawdb (https://outlawdb.com/en/gta-6/businesses), derived from GTA Wiki, CC BY-SA 3.0."
"business","Emperor Motors","","emperor-motors","vehicles","vehicles","Emperor Motors are vehicless listed for GTA 6 on the GTA Fandom wiki.","Emperor Motors appear on the GTA Fandom wiki as a Grand Theft Auto VI business. The wiki describes it as a vehicles. Grand Theft Auto VI has not released and Rockstar has published no list of its own, so this entry records what the wiki says and does not treat it as confirmed.","Business type: vehicles;Source: GTA Fandom wiki, via outlawdb","","","","COMMUNITY_IDENTIFIED","TIER_3_COMMUNITY","https://gta.fandom.com/wiki/Emperor_(manufacturer)","2026-09-13","LOW","NO","","gta 6 emperor motors;emperor motors gta 6;gta 6 vehicles","Data from outlawdb (https://outlawdb.com/en/gta-6/businesses), derived from GTA Wiki, CC BY-SA 3.0."
"business","Enus","","enus","vehicles","vehicles","Enus is a vehicles listed for GTA 6 on the GTA Fandom wiki.","Enus appears on the GTA Fandom wiki as a Grand Theft Auto VI business. The wiki describes it as a vehicles. The wiki marks its story status as active. Grand Theft Auto VI has not released and Rockstar has published no list of its own, so this entry records what the wiki says and does not treat it as confirmed.","Business type: vehicles;Story status: active;Source: GTA Fandom wiki, via outlawdb","","","","COMMUNITY_IDENTIFIED","TIER_3_COMMUNITY","https://gta.fandom.com/wiki/Enus","2026-09-13","LOW","NO","","gta 6 enus;enus gta 6;gta 6 vehicles","Data from outlawdb (https://outlawdb.com/en/gta-6/businesses), derived from GTA Wiki, CC BY-SA 3.0."
"business","Eris","Eris Footwear","eris","fashion","fashion","Eris is a fashion listed for GTA 6 on the GTA Fandom wiki.","Eris appears on the GTA Fandom wiki as a Grand Theft Auto VI business. The wiki describes it as a fashion. It is also called Eris Footwear. The wiki lists it across 4 places in the series: Liberty City, Liberty, Leftwood, Alderney (See more). None of those entries name a GTA 6 location, so the GTA 6 listing rests on the wiki alone. Grand Theft Auto VI has not released and Rockstar has published no list of its own, so this entry records what the wiki says and does not treat it as confirmed.","Business type: fashion;Listed locations: Liberty City, Liberty, Leftwood, Alderney (See more);Source: GTA Fandom wiki, via outlawdb","","","","COMMUNITY_IDENTIFIED","TIER_3_COMMUNITY","https://gta.fandom.com/wiki/Eris_(HD_Universe)","2026-09-13","LOW","NO","","gta 6 eris;eris gta 6;gta 6 fashion","Data from outlawdb (https://outlawdb.com/en/gta-6/businesses), derived from GTA Wiki, CC BY-SA 3.0."
"business","Facade","","facade","","","Facade is a business listed for GTA 6 on the GTA Fandom wiki.","Facade appears on the GTA Fandom wiki as a Grand Theft Auto VI business. Grand Theft Auto VI has not released and Rockstar has published no list of its own, so this entry records what the wiki says and does not treat it as confirmed.","Source: GTA Fandom wiki, via outlawdb","","","","COMMUNITY_IDENTIFIED","TIER_3_COMMUNITY","https://gta.fandom.com/wiki/Facade","2026-09-13","LOW","NO","","gta 6 facade;facade gta 6","Data from outlawdb (https://outlawdb.com/en/gta-6/businesses), derived from GTA Wiki, CC BY-SA 3.0."
"business","Farshtunken International","","farshtunken-international","fashion","fashion","Farshtunken International is a fashion listed for GTA 6 on the GTA Fandom wiki.","Farshtunken International appears on the GTA Fandom wiki as a Grand Theft Auto VI business. The wiki describes it as a fashion. The wiki lists it across 4 places in the series: 310 Portola Drive, Rockford Hills, Los Santos, San Andreas. None of those entries name a GTA 6 location, so the GTA 6 listing rests on the wiki alone. The wiki marks its story status as active. Grand Theft Auto VI has not released and Rockstar has published no list of its own, so this entry records what the wiki says and does not treat it as confirmed.","Business type: fashion;Listed locations: 310 Portola Drive, Rockford Hills, Los Santos, San Andreas;Story status: active;Source: GTA Fandom wiki, via outlawdb","","","","COMMUNITY_IDENTIFIED","TIER_3_COMMUNITY","https://gta.fandom.com/wiki/Farshtunken_International","2026-09-13","LOW","NO","","gta 6 farshtunken international;farshtunken international gta 6;gta 6 fashion","Data from outlawdb (https://outlawdb.com/en/gta-6/businesses), derived from GTA Wiki, CC BY-SA 3.0."
"business","Ferruccio Tucci","","ferruccio-tucci","clothing store","clothing store","Ferruccio Tucci is a clothing store listed for GTA 6 on the GTA Fandom wiki.","Ferruccio Tucci appears on the GTA Fandom wiki as a Grand Theft Auto VI business. The wiki describes it as a clothing store. The wiki marks its story status as active. Grand Theft Auto VI has not released and Rockstar has published no list of its own, so this entry records what the wiki says and does not treat it as confirmed.","Business type: clothing store;Story status: active;Source: GTA Fandom wiki, via outlawdb","","","","COMMUNITY_IDENTIFIED","TIER_3_COMMUNITY","https://gta.fandom.com/wiki/Ferruccio_Tucci","2026-09-13","LOW","NO","","gta 6 ferruccio tucci;ferruccio tucci gta 6;gta 6 clothing store","Data from outlawdb (https://outlawdb.com/en/gta-6/businesses), derived from GTA Wiki, CC BY-SA 3.0."
"business","Final Chapter Motorcycle Club","","final-chapter-motorcycle-club","mc","mc","Final Chapter Motorcycle Club is a mc listed for GTA 6 on the GTA Fandom wiki.","Final Chapter Motorcycle Club appears on the GTA Fandom wiki as a Grand Theft Auto VI business. The wiki describes it as a mc. The wiki lists it across 2 places in the series: Ambrosia County, Leonida. Leonida, Key Lento and Vice City are the GTA 6 entries in that list. Vehicles tied to it are given as Avarus, Unnamed Sovereign stock motorcycle. The wiki marks its story status as active. Grand Theft Auto VI has not released and Rockstar has published no list of its own, so this entry records what the wiki says and does not treat it as confirmed.","Business type: mc;Listed locations: Ambrosia County, Leonida;Associated vehicles: Avarus, Unnamed Sovereign stock motorcycle;Story status: active;Source: GTA Fandom wiki, via outlawdb","","","","COMMUNITY_IDENTIFIED","TIER_3_COMMUNITY","https://gta.fandom.com/wiki/Final_Chapter_MC","2026-09-13","LOW","NO","Avarus;Unnamed Sovereign stock motorcycle","gta 6 final chapter motorcycle club;final chapter motorcycle club gta 6;gta 6 mc","Data from outlawdb (https://outlawdb.com/en/gta-6/businesses), derived from GTA Wiki, CC BY-SA 3.0."
"business","FizzAzz","","fizzazz","drink","drink","FizzAzz is a drink listed for GTA 6 on the GTA Fandom wiki.","FizzAzz appears on the GTA Fandom wiki as a Grand Theft Auto VI business. The wiki describes it as a drink. The wiki marks its story status as active. Grand Theft Auto VI has not released and Rockstar has published no list of its own, so this entry records what the wiki says and does not treat it as confirmed.","Business type: drink;Story status: active;Source: GTA Fandom wiki, via outlawdb","","","","COMMUNITY_IDENTIFIED","TIER_3_COMMUNITY","https://gta.fandom.com/wiki/FizzAzz","2026-09-13","LOW","NO","","gta 6 fizzazz;fizzazz gta 6;gta 6 drink","Data from outlawdb (https://outlawdb.com/en/gta-6/businesses), derived from GTA Wiki, CC BY-SA 3.0."
"business","Flaming-Os","","flaming-os","snack","snack","Flaming-Os are snacks listed for GTA 6 on the GTA Fandom wiki.","Flaming-Os appear on the GTA Fandom wiki as a Grand Theft Auto VI business. The wiki describes it as a snack. The wiki marks its story status as active. Grand Theft Auto VI has not released and Rockstar has published no list of its own, so this entry records what the wiki says and does not treat it as confirmed.","Business type: snack;Story status: active;Source: GTA Fandom wiki, via outlawdb","","","","COMMUNITY_IDENTIFIED","TIER_3_COMMUNITY","https://gta.fandom.com/wiki/Flaming-Os","2026-09-13","LOW","NO","","gta 6 flaming-os;flaming-os gta 6;gta 6 snack","Data from outlawdb (https://outlawdb.com/en/gta-6/businesses), derived from GTA Wiki, CC BY-SA 3.0."
"business","Flow Water","","flow-water","drink","drink","Flow Water is a drink listed for GTA 6 on the GTA Fandom wiki.","Flow Water appears on the GTA Fandom wiki as a Grand Theft Auto VI business. The wiki describes it as a drink. The wiki marks its story status as active. Grand Theft Auto VI has not released and Rockstar has published no list of its own, so this entry records what the wiki says and does not treat it as confirmed.","Business type: drink;Story status: active;Source: GTA Fandom wiki, via outlawdb","","","","COMMUNITY_IDENTIFIED","TIER_3_COMMUNITY","https://gta.fandom.com/wiki/Flow_Water","2026-09-13","LOW","NO","","gta 6 flow water;flow water gta 6;gta 6 drink","Data from outlawdb (https://outlawdb.com/en/gta-6/businesses), derived from GTA Wiki, CC BY-SA 3.0."
"business","Fruit","Fruit Computers","fruit","technology","technology","Fruit is a technology listed for GTA 6 on the GTA Fandom wiki.","Fruit appears on the GTA Fandom wiki as a Grand Theft Auto VI business. The wiki describes it as a technology. It is also called Fruit Computers. The wiki marks its story status as active. Grand Theft Auto VI has not released and Rockstar has published no list of its own, so this entry records what the wiki says and does not treat it as confirmed.","Business type: technology;Story status: active;Source: GTA Fandom wiki, via outlawdb","","","","COMMUNITY_IDENTIFIED","TIER_3_COMMUNITY","https://gta.fandom.com/wiki/Fruit_(HD_Universe)","2026-09-13","LOW","NO","","gta 6 fruit;fruit gta 6;gta 6 technology","Data from outlawdb (https://outlawdb.com/en/gta-6/businesses), derived from GTA Wiki, CC BY-SA 3.0."
"business","Gainz","","gainz","sportsequipment","sportsequipment","Gainz is a sportsequipment listed for GTA 6 on the GTA Fandom wiki.","Gainz appears on the GTA Fandom wiki as a Grand Theft Auto VI business. The wiki describes it as a sportsequipment. The wiki marks its story status as active. Grand Theft Auto VI has not released and Rockstar has published no list of its own, so this entry records what the wiki says and does not treat it as confirmed.","Business type: sportsequipment;Story status: active;Source: GTA Fandom wiki, via outlawdb","","","","COMMUNITY_IDENTIFIED","TIER_3_COMMUNITY","https://gta.fandom.com/wiki/Gainz","2026-09-13","LOW","NO","","gta 6 gainz;gainz gta 6;gta 6 sportsequipment","Data from outlawdb (https://outlawdb.com/en/gta-6/businesses), derived from GTA Wiki, CC BY-SA 3.0."
"business","Gallivanter","","gallivanter","vehicles","vehicles","Gallivanter is a vehicles listed for GTA 6 on the GTA Fandom wiki.","Gallivanter appears on the GTA Fandom wiki as a Grand Theft Auto VI business. The wiki describes it as a vehicles. The wiki lists it across 3 places in the series: Benefactor-Gallivanter Dealership, Los Santos, San Andreas. None of those entries name a GTA 6 location, so the GTA 6 listing rests on the wiki alone. The wiki marks its story status as active. Grand Theft Auto VI has not released and Rockstar has published no list of its own, so this entry records what the wiki says and does not treat it as confirmed.","Business type: vehicles;Listed locations: Benefactor-Gallivanter Dealership, Los Santos, San Andreas;Story status: active;Source: GTA Fandom wiki, via outlawdb","","","","COMMUNITY_IDENTIFIED","TIER_3_COMMUNITY","https://gta.fandom.com/wiki/Gallivanter","2026-09-13","LOW","NO","","gta 6 gallivanter;gallivanter gta 6;gta 6 vehicles","Data from outlawdb (https://outlawdb.com/en/gta-6/businesses), derived from GTA Wiki, CC BY-SA 3.0."
"business","Gas Stop","","gas-stop","gas station","gas station","Gas Stop is a gas station listed for GTA 6 on the GTA Fandom wiki.","Gas Stop appears on the GTA Fandom wiki as a Grand Theft Auto VI business. The wiki describes it as a gas station. The wiki lists it across 1 place in the series: State of Leonida. Leonida, Key Lento and Vice City are the GTA 6 entries in that list. The wiki marks its story status as active. Grand Theft Auto VI has not released and Rockstar has published no list of its own, so this entry records what the wiki says and does not treat it as confirmed.","Business type: gas station;Listed locations: State of Leonida;Story status: active;Source: GTA Fandom wiki, via outlawdb","","","","COMMUNITY_IDENTIFIED","TIER_3_COMMUNITY","https://gta.fandom.com/wiki/Gas_Stop","2026-09-13","LOW","NO","","gta 6 gas stop;gas stop gta 6;gta 6 gas station","Data from outlawdb (https://outlawdb.com/en/gta-6/businesses), derived from GTA Wiki, CC BY-SA 3.0."
"business","Globe Oil","","globe-oil","gasoline","gasoline","Globe Oil is a gasoline listed for GTA 6 on the GTA Fandom wiki.","Globe Oil appears on the GTA Fandom wiki as a Grand Theft Auto VI business. The wiki describes it as a gasoline. The wiki lists it across 8 places in the series: Liberty City, Liberty, Tudor, Alderney, Los Santos, San Andreas, Port Gellhorn, Leonida (See more). Leonida, Key Lento and Vice City are the GTA 6 entries in that list. The wiki marks its story status as active. Grand Theft Auto VI has not released and Rockstar has published no list of its own, so this entry records what the wiki says and does not treat it as confirmed.","Business type: gasoline;Listed locations: Liberty City, Liberty, Tudor, Alderney, Los Santos, San Andreas, Port Gellhorn, Leonida (See more);Story status: active;Source: GTA Fandom wiki, via outlawdb","","","","COMMUNITY_IDENTIFIED","TIER_3_COMMUNITY","https://gta.fandom.com/wiki/Globe_Oil","2026-09-13","LOW","NO","","gta 6 globe oil;globe oil gta 6;gta 6 gasoline","Data from outlawdb (https://outlawdb.com/en/gta-6/businesses), derived from GTA Wiki, CC BY-SA 3.0."
"business","GoPostal","","gopostal","","","GoPostal is a business listed for GTA 6 on the GTA Fandom wiki.","GoPostal appears on the GTA Fandom wiki as a Grand Theft Auto VI business. The wiki lists it across 6 places in the series: Alta Street, Downtown Vinewood, Pillbox Hill, Los Santos International Airport, Chumash Plaza, Chumash. None of those entries name a GTA 6 location, so the GTA 6 listing rests on the wiki alone. Grand Theft Auto VI has not released and Rockstar has published no list of its own, so this entry records what the wiki says and does not treat it as confirmed.","Listed locations: Alta Street, Downtown Vinewood, Pillbox Hill, Los Santos International Airport, Chumash Plaza, Chumash;Source: GTA Fandom wiki, via outlawdb","","","","COMMUNITY_IDENTIFIED","TIER_3_COMMUNITY","https://gta.fandom.com/wiki/GoPostal","2026-09-13","LOW","NO","","gta 6 gopostal;gopostal gta 6","Data from outlawdb (https://outlawdb.com/en/gta-6/businesses), derived from GTA Wiki, CC BY-SA 3.0."
"business","Gorge","","gorge","","","Gorge is a business listed for GTA 6 on the GTA Fandom wiki.","Gorge appears on the GTA Fandom wiki as a Grand Theft Auto VI business. The wiki marks its story status as active. Grand Theft Auto VI has not released and Rockstar has published no list of its own, so this entry records what the wiki says and does not treat it as confirmed.","Story status: active;Source: GTA Fandom wiki, via outlawdb","","","","COMMUNITY_IDENTIFIED","TIER_3_COMMUNITY","https://gta.fandom.com/wiki/Gorge_(brand)","2026-09-13","LOW","NO","","gta 6 gorge;gorge gta 6","Data from outlawdb (https://outlawdb.com/en/gta-6/businesses), derived from GTA Wiki, CC BY-SA 3.0."
"business","Grease Nation","","grease-nation","vehicleproducts","vehicleproducts","Grease Nation is a vehicleproducts listed for GTA 6 on the GTA Fandom wiki.","Grease Nation appears on the GTA Fandom wiki as a Grand Theft Auto VI business. The wiki describes it as a vehicleproducts. The wiki marks its story status as active. Grand Theft Auto VI has not released and Rockstar has published no list of its own, so this entry records what the wiki says and does not treat it as confirmed.","Business type: vehicleproducts;Story status: active;Source: GTA Fandom wiki, via outlawdb","","","","COMMUNITY_IDENTIFIED","TIER_3_COMMUNITY","https://gta.fandom.com/wiki/Grease_Nation","2026-09-13","LOW","NO","","gta 6 grease nation;grease nation gta 6;gta 6 vehicleproducts","Data from outlawdb (https://outlawdb.com/en/gta-6/businesses), derived from GTA Wiki, CC BY-SA 3.0."
"business","Grotti Automobile","","grotti-automobile","vehicles","vehicles","Grotti Automobile is a vehicles listed for GTA 6 on the GTA Fandom wiki.","Grotti Automobile appears on the GTA Fandom wiki as a Grand Theft Auto VI business. The wiki describes it as a vehicles. The wiki lists it across 3 places in the series: Grotti Showroom, Liberty City, Liberty. None of those entries name a GTA 6 location, so the GTA 6 listing rests on the wiki alone. The wiki marks its story status as active. Grand Theft Auto VI has not released and Rockstar has published no list of its own, so this entry records what the wiki says and does not treat it as confirmed.","Business type: vehicles;Listed locations: Grotti Showroom, Liberty City, Liberty;Story status: active;Source: GTA Fandom wiki, via outlawdb","","","","COMMUNITY_IDENTIFIED","TIER_3_COMMUNITY","https://gta.fandom.com/wiki/Grotti_(HD_Universe)","2026-09-13","LOW","NO","","gta 6 grotti automobile;grotti automobile gta 6;gta 6 vehicles","Data from outlawdb (https://outlawdb.com/en/gta-6/businesses), derived from GTA Wiki, CC BY-SA 3.0."
"business","Güffy","","guffy","clothing store","clothing store","Güffy is a clothing store listed for GTA 6 on the GTA Fandom wiki.","Güffy appears on the GTA Fandom wiki as a Grand Theft Auto VI business. The wiki describes it as a clothing store. Grand Theft Auto VI has not released and Rockstar has published no list of its own, so this entry records what the wiki says and does not treat it as confirmed.","Business type: clothing store;Source: GTA Fandom wiki, via outlawdb","","","","COMMUNITY_IDENTIFIED","TIER_3_COMMUNITY","https://gta.fandom.com/wiki/G%C3%BCffy","2026-09-13","LOW","NO","","gta 6 güffy;güffy gta 6;gta 6 clothing store","Data from outlawdb (https://outlawdb.com/en/gta-6/businesses), derived from GTA Wiki, CC BY-SA 3.0."
"business","Halt","","halt","vehicleparts","vehicleparts","Halt is a vehicleparts listed for GTA 6 on the GTA Fandom wiki.","Halt appears on the GTA Fandom wiki as a Grand Theft Auto VI business. The wiki describes it as a vehicleparts. The wiki marks its story status as active. Grand Theft Auto VI has not released and Rockstar has published no list of its own, so this entry records what the wiki says and does not treat it as confirmed.","Business type: vehicleparts;Story status: active;Source: GTA Fandom wiki, via outlawdb","","","","COMMUNITY_IDENTIFIED","TIER_3_COMMUNITY","https://gta.fandom.com/wiki/Halt","2026-09-13","LOW","NO","","gta 6 halt;halt gta 6;gta 6 vehicleparts","Data from outlawdb (https://outlawdb.com/en/gta-6/businesses), derived from GTA Wiki, CC BY-SA 3.0."
"business","Hawx","","hawx","vehicleparts","vehicleparts","Hawx is a vehicleparts listed for GTA 6 on the GTA Fandom wiki.","Hawx appears on the GTA Fandom wiki as a Grand Theft Auto VI business. The wiki describes it as a vehicleparts. The wiki marks its story status as active. Grand Theft Auto VI has not released and Rockstar has published no list of its own, so this entry records what the wiki says and does not treat it as confirmed.","Business type: vehicleparts;Story status: active;Source: GTA Fandom wiki, via outlawdb","","","","COMMUNITY_IDENTIFIED","TIER_3_COMMUNITY","https://gta.fandom.com/wiki/Hawx","2026-09-13","LOW","NO","","gta 6 hawx;hawx gta 6;gta 6 vehicleparts","Data from outlawdb (https://outlawdb.com/en/gta-6/businesses), derived from GTA Wiki, CC BY-SA 3.0."
"business","Hinterland","","hinterland","fashion","fashion","Hinterland is a fashion listed for GTA 6 on the GTA Fandom wiki.","Hinterland appears on the GTA Fandom wiki as a Grand Theft Auto VI business. The wiki describes it as a fashion. The wiki lists it across 2 places in the series: Liberty City, Liberty (See more). None of those entries name a GTA 6 location, so the GTA 6 listing rests on the wiki alone. Grand Theft Auto VI has not released and Rockstar has published no list of its own, so this entry records what the wiki says and does not treat it as confirmed.","Business type: fashion;Listed locations: Liberty City, Liberty (See more);Source: GTA Fandom wiki, via outlawdb","","","","COMMUNITY_IDENTIFIED","TIER_3_COMMUNITY","https://gta.fandom.com/wiki/Hinterland","2026-09-13","LOW","NO","","gta 6 hinterland;hinterland gta 6;gta 6 fashion","Data from outlawdb (https://outlawdb.com/en/gta-6/businesses), derived from GTA Wiki, CC BY-SA 3.0."
"business","Horny's Burgers","","hornys-burgers","fastfood","fastfood","Horny's Burgers are fastfoods listed for GTA 6 on the GTA Fandom wiki.","Horny's Burgers appear on the GTA Fandom wiki as a Grand Theft Auto VI business. The wiki describes it as a fastfood. The wiki lists it across 2 places in the series: Los Santos, San Andreas (See more). None of those entries name a GTA 6 location, so the GTA 6 listing rests on the wiki alone. The wiki marks its story status as active. Grand Theft Auto VI has not released and Rockstar has published no list of its own, so this entry records what the wiki says and does not treat it as confirmed.","Business type: fastfood;Listed locations: Los Santos, San Andreas (See more);Story status: active;Source: GTA Fandom wiki, via outlawdb","","","","COMMUNITY_IDENTIFIED","TIER_3_COMMUNITY","https://gta.fandom.com/wiki/Horny's_Burgers","2026-09-13","LOW","NO","","gta 6 horny's burgers;horny's burgers gta 6;gta 6 fastfood","Data from outlawdb (https://outlawdb.com/en/gta-6/businesses), derived from GTA Wiki, CC BY-SA 3.0."
"business","Household Order Bin Operations Inc.","HOBO","household-order-bin-operations-inc","sanitation","sanitation","Household Order Bin Operations Inc. is a sanitation listed for GTA 6 on the GTA Fandom wiki.","Household Order Bin Operations Inc. appears on the GTA Fandom wiki as a Grand Theft Auto VI business. The wiki describes it as a sanitation. It is also called HOBO. The wiki lists it across 2 places in the series: San Andreas, Leonida. Leonida, Key Lento and Vice City are the GTA 6 entries in that list. Vehicles tied to it are given as Biff. The wiki marks its story status as active. Grand Theft Auto VI has not released and Rockstar has published no list of its own, so this entry records what the wiki says and does not treat it as confirmed.","Business type: sanitation;Listed locations: San Andreas, Leonida;Associated vehicles: Biff;Story status: active;Source: GTA Fandom wiki, via outlawdb","","","","COMMUNITY_IDENTIFIED","TIER_3_COMMUNITY","https://gta.fandom.com/wiki/Household_Order_Bin_Operations","2026-09-13","LOW","NO","Biff","gta 6 household order bin operations inc.;household order bin operations inc. gta 6;gta 6 sanitation","Data from outlawdb (https://outlawdb.com/en/gta-6/businesses), derived from GTA Wiki, CC BY-SA 3.0."
"business","HVY","HVY Industries","hvy","vehicles","vehicles","HVY is a vehicles listed for GTA 6 on the GTA Fandom wiki.","HVY appears on the GTA Fandom wiki as a Grand Theft Auto VI business. The wiki describes it as a vehicles. It is also called HVY Industries. The wiki marks its story status as active. Grand Theft Auto VI has not released and Rockstar has published no list of its own, so this entry records what the wiki says and does not treat it as confirmed.","Business type: vehicles;Story status: active;Source: GTA Fandom wiki, via outlawdb","","","","COMMUNITY_IDENTIFIED","TIER_3_COMMUNITY","https://gta.fandom.com/wiki/HVY","2026-09-13","LOW","NO","","gta 6 hvy;hvy gta 6;gta 6 vehicles","Data from outlawdb (https://outlawdb.com/en/gta-6/businesses), derived from GTA Wiki, CC BY-SA 3.0."
"business","Imponte","","imponte","vehicles","vehicles","Imponte is a vehicles listed for GTA 6 on the GTA Fandom wiki.","Imponte appears on the GTA Fandom wiki as a Grand Theft Auto VI business. The wiki describes it as a vehicles. The wiki marks its story status as defunct. Grand Theft Auto VI has not released and Rockstar has published no list of its own, so this entry records what the wiki says and does not treat it as confirmed.","Business type: vehicles;Story status: defunct;Source: GTA Fandom wiki, via outlawdb","","","","COMMUNITY_IDENTIFIED","TIER_3_COMMUNITY","https://gta.fandom.com/wiki/Imponte_(HD_Universe)","2026-09-13","LOW","NO","","gta 6 imponte;imponte gta 6;gta 6 vehicles","Data from outlawdb (https://outlawdb.com/en/gta-6/businesses), derived from GTA Wiki, CC BY-SA 3.0."
"business","Impure","","impure","personalcare","personalcare","Impure is a personalcare listed for GTA 6 on the GTA Fandom wiki.","Impure appears on the GTA Fandom wiki as a Grand Theft Auto VI business. The wiki describes it as a personalcare. The wiki marks its story status as active. Grand Theft Auto VI has not released and Rockstar has published no list of its own, so this entry records what the wiki says and does not treat it as confirmed.","Business type: personalcare;Story status: active;Source: GTA Fandom wiki, via outlawdb","","","","COMMUNITY_IDENTIFIED","TIER_3_COMMUNITY","https://gta.fandom.com/wiki/Impure","2026-09-13","LOW","NO","","gta 6 impure;impure gta 6;gta 6 personalcare","Data from outlawdb (https://outlawdb.com/en/gta-6/businesses), derived from GTA Wiki, CC BY-SA 3.0."
"business","Invetero","","invetero","vehicles","vehicles","Invetero is a vehicles listed for GTA 6 on the GTA Fandom wiki.","Invetero appears on the GTA Fandom wiki as a Grand Theft Auto VI business. The wiki describes it as a vehicles. The wiki marks its story status as active. Grand Theft Auto VI has not released and Rockstar has published no list of its own, so this entry records what the wiki says and does not treat it as confirmed.","Business type: vehicles;Story status: active;Source: GTA Fandom wiki, via outlawdb","","","","COMMUNITY_IDENTIFIED","TIER_3_COMMUNITY","https://gta.fandom.com/wiki/Invetero","2026-09-13","LOW","NO","","gta 6 invetero;invetero gta 6;gta 6 vehicles","Data from outlawdb (https://outlawdb.com/en/gta-6/businesses), derived from GTA Wiki, CC BY-SA 3.0."
"business","Jack of Hearts","","jack-of-hearts","","","Jack of Hearts are businesses listed for GTA 6 on the GTA Fandom wiki.","Jack of Hearts appear on the GTA Fandom wiki as a Grand Theft Auto VI business. The wiki lists it across 4 places in the series: Crosstown, Vice City, Vice-Dale County, Leonida. Leonida, Key Lento and Vice City are the GTA 6 entries in that list. The wiki marks its story status as active. Grand Theft Auto VI has not released and Rockstar has published no list of its own, so this entry records what the wiki says and does not treat it as confirmed.","Listed locations: Crosstown, Vice City, Vice-Dale County, Leonida;Story status: active;Source: GTA Fandom wiki, via outlawdb","","","","COMMUNITY_IDENTIFIED","TIER_3_COMMUNITY","https://gta.fandom.com/wiki/Jack_of_Hearts","2026-09-13","LOW","NO","","gta 6 jack of hearts;jack of hearts gta 6","Data from outlawdb (https://outlawdb.com/en/gta-6/businesses), derived from GTA Wiki, CC BY-SA 3.0."
"business","Jacked","","jacked","","","Jacked is a business listed for GTA 6 on the GTA Fandom wiki.","Jacked appears on the GTA Fandom wiki as a Grand Theft Auto VI business. The wiki marks its story status as active. Grand Theft Auto VI has not released and Rockstar has published no list of its own, so this entry records what the wiki says and does not treat it as confirmed.","Story status: active;Source: GTA Fandom wiki, via outlawdb","","","","COMMUNITY_IDENTIFIED","TIER_3_COMMUNITY","https://gta.fandom.com/wiki/Jacked","2026-09-13","LOW","NO","","gta 6 jacked;jacked gta 6","Data from outlawdb (https://outlawdb.com/en/gta-6/businesses), derived from GTA Wiki, CC BY-SA 3.0."
"business","Jester's","","jesters","snack","snack","Jester's are snacks listed for GTA 6 on the GTA Fandom wiki.","Jester's appear on the GTA Fandom wiki as a Grand Theft Auto VI business. The wiki describes it as a snack. The wiki marks its story status as active. Grand Theft Auto VI has not released and Rockstar has published no list of its own, so this entry records what the wiki says and does not treat it as confirmed.","Business type: snack;Story status: active;Source: GTA Fandom wiki, via outlawdb","","","","COMMUNITY_IDENTIFIED","TIER_3_COMMUNITY","https://gta.fandom.com/wiki/Jester's","2026-09-13","LOW","NO","","gta 6 jester's;jester's gta 6;gta 6 snack","Data from outlawdb (https://outlawdb.com/en/gta-6/businesses), derived from GTA Wiki, CC BY-SA 3.0."
"business","Jetsam","","jetsam","shipping","shipping","Jetsam is a shipping listed for GTA 6 on the GTA Fandom wiki.","Jetsam appears on the GTA Fandom wiki as a Grand Theft Auto VI business. The wiki describes it as a shipping. The wiki lists it across 7 places in the series: Port of Los Santos, Los Santos, San Andreas, PortViceCity, Vice City, Vice-Dale County, Leonida. Leonida, Key Lento and Vice City are the GTA 6 entries in that list. The wiki marks its story status as active. Grand Theft Auto VI has not released and Rockstar has published no list of its own, so this entry records what the wiki says and does not treat it as confirmed.","Business type: shipping;Listed locations: Port of Los Santos, Los Santos, San Andreas, PortViceCity, Vice City, Vice-Dale County, Leonida;Story status: active;Source: GTA Fandom wiki, via outlawdb","","","","COMMUNITY_IDENTIFIED","TIER_3_COMMUNITY","https://gta.fandom.com/wiki/Jetsam","2026-09-13","LOW","NO","","gta 6 jetsam;jetsam gta 6;gta 6 shipping","Data from outlawdb (https://outlawdb.com/en/gta-6/businesses), derived from GTA Wiki, CC BY-SA 3.0."
"business","JoBuilt","","jobuilt","Automotive","Automotive","JoBuilt is a Automotive listed for GTA 6 on the GTA Fandom wiki.","JoBuilt appears on the GTA Fandom wiki as a Grand Theft Auto VI business. The wiki describes it as a Automotive. Grand Theft Auto VI has not released and Rockstar has published no list of its own, so this entry records what the wiki says and does not treat it as confirmed.","Business type: Automotive;Source: GTA Fandom wiki, via outlawdb","","","","COMMUNITY_IDENTIFIED","TIER_3_COMMUNITY","https://gta.fandom.com/wiki/Jobuilt","2026-09-13","LOW","NO","","gta 6 jobuilt;jobuilt gta 6;gta 6 Automotive","Data from outlawdb (https://outlawdb.com/en/gta-6/businesses), derived from GTA Wiki, CC BY-SA 3.0."
"business","John Samuels","","john-samuels","alcohol","alcohol","John Samuels are alcohols listed for GTA 6 on the GTA Fandom wiki.","John Samuels appear on the GTA Fandom wiki as a Grand Theft Auto VI business. The wiki describes it as a alcohol. The wiki marks its story status as active. Grand Theft Auto VI has not released and Rockstar has published no list of its own, so this entry records what the wiki says and does not treat it as confirmed.","Business type: alcohol;Story status: active;Source: GTA Fandom wiki, via outlawdb","","","","COMMUNITY_IDENTIFIED","TIER_3_COMMUNITY","https://gta.fandom.com/wiki/John_Samuels","2026-09-13","LOW","NO","","gta 6 john samuels;john samuels gta 6;gta 6 alcohol","Data from outlawdb (https://outlawdb.com/en/gta-6/businesses), derived from GTA Wiki, CC BY-SA 3.0."
"business","Karin","","karin","vehicles","vehicles","Karin is a vehicles listed for GTA 6 on the GTA Fandom wiki.","Karin appears on the GTA Fandom wiki as a Grand Theft Auto VI business. The wiki describes it as a vehicles. The wiki marks its story status as active. Grand Theft Auto VI has not released and Rockstar has published no list of its own, so this entry records what the wiki says and does not treat it as confirmed.","Business type: vehicles;Story status: active;Source: GTA Fandom wiki, via outlawdb","","","","COMMUNITY_IDENTIFIED","TIER_3_COMMUNITY","https://gta.fandom.com/wiki/Karin","2026-09-13","LOW","NO","","gta 6 karin;karin gta 6;gta 6 vehicles","Data from outlawdb (https://outlawdb.com/en/gta-6/businesses), derived from GTA Wiki, CC BY-SA 3.0."
"business","Kinetline","","kinetline","vehicleparts","vehicleparts","Kinetline is a vehicleparts listed for GTA 6 on the GTA Fandom wiki.","Kinetline appears on the GTA Fandom wiki as a Grand Theft Auto VI business. The wiki describes it as a vehicleparts. The wiki marks its story status as active. Grand Theft Auto VI has not released and Rockstar has published no list of its own, so this entry records what the wiki says and does not treat it as confirmed.","Business type: vehicleparts;Story status: active;Source: GTA Fandom wiki, via outlawdb","","","","COMMUNITY_IDENTIFIED","TIER_3_COMMUNITY","https://gta.fandom.com/wiki/Kinetline","2026-09-13","LOW","NO","","gta 6 kinetline;kinetline gta 6;gta 6 vehicleparts","Data from outlawdb (https://outlawdb.com/en/gta-6/businesses), derived from GTA Wiki, CC BY-SA 3.0."
"business","Kowalski","","kowalski","fashion","fashion","Kowalski is a fashion listed for GTA 6 on the GTA Fandom wiki.","Kowalski appears on the GTA Fandom wiki as a Grand Theft Auto VI business. The wiki describes it as a fashion. The wiki marks its story status as active. Grand Theft Auto VI has not released and Rockstar has published no list of its own, so this entry records what the wiki says and does not treat it as confirmed.","Business type: fashion;Story status: active;Source: GTA Fandom wiki, via outlawdb","","","","COMMUNITY_IDENTIFIED","TIER_3_COMMUNITY","https://gta.fandom.com/wiki/Kowalski","2026-09-13","LOW","NO","","gta 6 kowalski;kowalski gta 6;gta 6 fashion","Data from outlawdb (https://outlawdb.com/en/gta-6/businesses), derived from GTA Wiki, CC BY-SA 3.0."
"business","Lampadati","","lampadati","vehicles","vehicles","Lampadati is a vehicles listed for GTA 6 on the GTA Fandom wiki.","Lampadati appears on the GTA Fandom wiki as a Grand Theft Auto VI business. The wiki describes it as a vehicles. The wiki marks its story status as active. Grand Theft Auto VI has not released and Rockstar has published no list of its own, so this entry records what the wiki says and does not treat it as confirmed.","Business type: vehicles;Story status: active;Source: GTA Fandom wiki, via outlawdb","","","","COMMUNITY_IDENTIFIED","TIER_3_COMMUNITY","https://gta.fandom.com/wiki/Lampadati","2026-09-13","LOW","NO","","gta 6 lampadati;lampadati gta 6;gta 6 vehicles","Data from outlawdb (https://outlawdb.com/en/gta-6/businesses), derived from GTA Wiki, CC BY-SA 3.0."
"business","Lando-Corp","","lando-corp","shipping","shipping","Lando-Corp is a shipping listed for GTA 6 on the GTA Fandom wiki.","Lando-Corp appears on the GTA Fandom wiki as a Grand Theft Auto VI business. The wiki describes it as a shipping. The wiki lists it across 10 places in the series: Port of Los Santos, Los Santos, San Andreas, Cayo Perico, Caribbean Sea, Colombia, PortViceCity, Vice City, Vice-Dale County, Leonida. Leonida, Key Lento and Vice City are the GTA 6 entries in that list. The wiki marks its story status as active. Grand Theft Auto VI has not released and Rockstar has published no list of its own, so this entry records what the wiki says and does not treat it as confirmed.","Business type: shipping;Listed locations: Port of Los Santos, Los Santos, San Andreas, Cayo Perico, Caribbean Sea, Colombia, PortViceCity, Vice City, Vice-Dale County, Leonida;Story status: active;Source: GTA Fandom wiki, via outlawdb","","","","COMMUNITY_IDENTIFIED","TIER_3_COMMUNITY","https://gta.fandom.com/wiki/Lando-Corp","2026-09-13","LOW","NO","","gta 6 lando-corp;lando-corp gta 6;gta 6 shipping","Data from outlawdb (https://outlawdb.com/en/gta-6/businesses), derived from GTA Wiki, CC BY-SA 3.0."
"business","Leonard County Sheriff","","leonard-county-sheriff","police","police","Leonard County Sheriff is a police listed for GTA 6 on the GTA Fandom wiki.","Leonard County Sheriff appears on the GTA Fandom wiki as a Grand Theft Auto VI business. The wiki describes it as a police. The wiki lists it across 2 places in the series: Leonard County, Leonida. Leonida, Key Lento and Vice City are the GTA 6 entries in that list. Vehicles tied to it are given as Vehicles. Grand Theft Auto VI has not released and Rockstar has published no list of its own, so this entry records what the wiki says and does not treat it as confirmed.","Business type: police;Listed locations: Leonard County, Leonida;Associated vehicles: Vehicles;Source: GTA Fandom wiki, via outlawdb","","","","COMMUNITY_IDENTIFIED","TIER_3_COMMUNITY","https://gta.fandom.com/wiki/Leonard_County_Sheriff","2026-09-13","LOW","NO","Vehicles","gta 6 leonard county sheriff;leonard county sheriff gta 6;gta 6 police","Data from outlawdb (https://outlawdb.com/en/gta-6/businesses), derived from GTA Wiki, CC BY-SA 3.0."
"business","Leonida Department of Corrections","LDC","leonida-department-of-corrections","prisonauthority","prisonauthority","Leonida Department of Corrections are prisonauthoritys listed for GTA 6 on the GTA Fandom wiki.","Leonida Department of Corrections appear on the GTA Fandom wiki as a Grand Theft Auto VI business. The wiki describes it as a prisonauthority. It is also called LDC. The wiki lists it across 3 places in the series: State of Leonida, Vice-Dale County, Leonida Penitentiary. Leonida, Key Lento and Vice City are the GTA 6 entries in that list. Named staff are given as Stefanie, Unnamed GTA VI corrections officer. The wiki marks its story status as active. Grand Theft Auto VI has not released and Rockstar has published no list of its own, so this entry records what the wiki says and does not treat it as confirmed.","Business type: prisonauthority;Listed locations: State of Leonida, Vice-Dale County, Leonida Penitentiary;Story status: active;Source: GTA Fandom wiki, via outlawdb","","","","COMMUNITY_IDENTIFIED","TIER_3_COMMUNITY","https://gta.fandom.com/wiki/Leonida_Department_of_Corrections","2026-09-13","LOW","NO","","gta 6 leonida department of corrections;leonida department of corrections gta 6;gta 6 prisonauthority","Data from outlawdb (https://outlawdb.com/en/gta-6/businesses), derived from GTA Wiki, CC BY-SA 3.0."
"business","Leonida Lottery","","leonida-lottery","","","Leonida Lottery is a business listed for GTA 6 on the GTA Fandom wiki.","Leonida Lottery appears on the GTA Fandom wiki as a Grand Theft Auto VI business. The wiki lists it across 1 place in the series: State of Leonida. Leonida, Key Lento and Vice City are the GTA 6 entries in that list. The wiki marks its story status as active. Grand Theft Auto VI has not released and Rockstar has published no list of its own, so this entry records what the wiki says and does not treat it as confirmed.","Listed locations: State of Leonida;Story status: active;Source: GTA Fandom wiki, via outlawdb","","","","COMMUNITY_IDENTIFIED","TIER_3_COMMUNITY","https://gta.fandom.com/wiki/Leonida_Lottery","2026-09-13","LOW","NO","","gta 6 leonida lottery;leonida lottery gta 6","Data from outlawdb (https://outlawdb.com/en/gta-6/businesses), derived from GTA Wiki, CC BY-SA 3.0."
"business","Liberty City Cycles","","liberty-city-cycles","Automotive","Automotive","Liberty City Cycles are Automotives listed for GTA 6 on the GTA Fandom wiki.","Liberty City Cycles appear on the GTA Fandom wiki as a Grand Theft Auto VI business. The wiki describes it as a Automotive. Grand Theft Auto VI has not released and Rockstar has published no list of its own, so this entry records what the wiki says and does not treat it as confirmed.","Business type: Automotive;Source: GTA Fandom wiki, via outlawdb","","","","COMMUNITY_IDENTIFIED","TIER_3_COMMUNITY","https://gta.fandom.com/wiki/Liberty_City_Cycles","2026-09-13","LOW","NO","","gta 6 liberty city cycles;liberty city cycles gta 6;gta 6 Automotive","Data from outlawdb (https://outlawdb.com/en/gta-6/businesses), derived from GTA Wiki, CC BY-SA 3.0."
"business","Limit","","limit","creditcard","creditcard","Limit is a creditcard listed for GTA 6 on the GTA Fandom wiki.","Limit appears on the GTA Fandom wiki as a Grand Theft Auto VI business. The wiki describes it as a creditcard. The wiki marks its story status as active. Grand Theft Auto VI has not released and Rockstar has published no list of its own, so this entry records what the wiki says and does not treat it as confirmed.","Business type: creditcard;Story status: active;Source: GTA Fandom wiki, via outlawdb","","","","COMMUNITY_IDENTIFIED","TIER_3_COMMUNITY","https://gta.fandom.com/wiki/Limit","2026-09-13","LOW","NO","","gta 6 limit;limit gta 6;gta 6 creditcard","Data from outlawdb (https://outlawdb.com/en/gta-6/businesses), derived from GTA Wiki, CC BY-SA 3.0."
"business","Limited Gasoline","LTD","limited-gasoline","gasoline","gasoline","Limited Gasoline is a gasoline listed for GTA 6 on the GTA Fandom wiki.","Limited Gasoline appears on the GTA Fandom wiki as a Grand Theft Auto VI business. The wiki describes it as a gasoline. It is also called LTD. The wiki lists it across 3 places in the series: State of San Andreas, Hamlet, Leonida. Leonida, Key Lento and Vice City are the GTA 6 entries in that list. The wiki marks its story status as active. Grand Theft Auto VI has not released and Rockstar has published no list of its own, so this entry records what the wiki says and does not treat it as confirmed.","Business type: gasoline;Listed locations: State of San Andreas, Hamlet, Leonida;Story status: active;Source: GTA Fandom wiki, via outlawdb","","","","COMMUNITY_IDENTIFIED","TIER_3_COMMUNITY","https://gta.fandom.com/wiki/Limited_Gasoline","2026-09-13","LOW","NO","","gta 6 limited gasoline;limited gasoline gta 6;gta 6 gasoline","Data from outlawdb (https://outlawdb.com/en/gta-6/businesses), derived from GTA Wiki, CC BY-SA 3.0."
"business","Lobon Sportswear","","lobon-sportswear","fashion","fashion","Lobon Sportswear is a fashion listed for GTA 6 on the GTA Fandom wiki.","Lobon Sportswear appears on the GTA Fandom wiki as a Grand Theft Auto VI business. The wiki describes it as a fashion. The wiki marks its story status as active. Grand Theft Auto VI has not released and Rockstar has published no list of its own, so this entry records what the wiki says and does not treat it as confirmed.","Business type: fashion;Story status: active;Source: GTA Fandom wiki, via outlawdb","","","","COMMUNITY_IDENTIFIED","TIER_3_COMMUNITY","https://gta.fandom.com/wiki/Lobon_Sportswear","2026-09-13","LOW","NO","","gta 6 lobon sportswear;lobon sportswear gta 6;gta 6 fashion","Data from outlawdb (https://outlawdb.com/en/gta-6/businesses), derived from GTA Wiki, CC BY-SA 3.0."
"business","Logger","","logger","alcohol","alcohol","Logger is a alcohol listed for GTA 6 on the GTA Fandom wiki.","Logger appears on the GTA Fandom wiki as a Grand Theft Auto VI business. The wiki describes it as a alcohol. The wiki marks its story status as active. Grand Theft Auto VI has not released and Rockstar has published no list of its own, so this entry records what the wiki says and does not treat it as confirmed.","Business type: alcohol;Story status: active;Source: GTA Fandom wiki, via outlawdb","","","","COMMUNITY_IDENTIFIED","TIER_3_COMMUNITY","https://gta.fandom.com/wiki/Logger_Beer","2026-09-13","LOW","NO","","gta 6 logger;logger gta 6;gta 6 alcohol","Data from outlawdb (https://outlawdb.com/en/gta-6/businesses), derived from GTA Wiki, CC BY-SA 3.0."
"business","Lombank","","lombank","bank","bank","Lombank is a bank listed for GTA 6 on the GTA Fandom wiki.","Lombank appears on the GTA Fandom wiki as a Grand Theft Auto VI business. The wiki describes it as a bank. The wiki lists it across 8 places in the series: Liberty City, Liberty, Alderney City, Alderney, Los Santos, San Andreas, Vice City, Leonida (See more). Leonida, Key Lento and Vice City are the GTA 6 entries in that list. The wiki marks its story status as active. Grand Theft Auto VI has not released and Rockstar has published no list of its own, so this entry records what the wiki says and does not treat it as confirmed.","Business type: bank;Listed locations: Liberty City, Liberty, Alderney City, Alderney, Los Santos, San Andreas, Vice City, Leonida (See more);Story status: active;Source: GTA Fandom wiki, via outlawdb","","","","COMMUNITY_IDENTIFIED","TIER_3_COMMUNITY","https://gta.fandom.com/wiki/Lombank","2026-09-13","LOW","NO","","gta 6 lombank;lombank gta 6;gta 6 bank","Data from outlawdb (https://outlawdb.com/en/gta-6/businesses), derived from GTA Wiki, CC BY-SA 3.0."
"business","LPL","","lpl","utility","utility","LPL is a utility listed for GTA 6 on the GTA Fandom wiki.","LPL appears on the GTA Fandom wiki as a Grand Theft Auto VI business. The wiki describes it as a utility. The wiki lists it across 1 place in the series: State of Leonida. Leonida, Key Lento and Vice City are the GTA 6 entries in that list. The wiki marks its story status as active. Grand Theft Auto VI has not released and Rockstar has published no list of its own, so this entry records what the wiki says and does not treat it as confirmed.","Business type: utility;Listed locations: State of Leonida;Story status: active;Source: GTA Fandom wiki, via outlawdb","","","","COMMUNITY_IDENTIFIED","TIER_3_COMMUNITY","https://gta.fandom.com/wiki/LPL","2026-09-13","LOW","NO","","gta 6 lpl;lpl gta 6;gta 6 utility","Data from outlawdb (https://outlawdb.com/en/gta-6/businesses), derived from GTA Wiki, CC BY-SA 3.0."
"business","LU-83","","lu-83","vehicleproducts","vehicleproducts","LU-83 is a vehicleproducts listed for GTA 6 on the GTA Fandom wiki.","LU-83 appears on the GTA Fandom wiki as a Grand Theft Auto VI business. The wiki describes it as a vehicleproducts. The wiki marks its story status as active. Grand Theft Auto VI has not released and Rockstar has published no list of its own, so this entry records what the wiki says and does not treat it as confirmed.","Business type: vehicleproducts;Story status: active;Source: GTA Fandom wiki, via outlawdb","","","","COMMUNITY_IDENTIFIED","TIER_3_COMMUNITY","https://gta.fandom.com/wiki/LU-83","2026-09-13","LOW","NO","","gta 6 lu-83;lu-83 gta 6;gta 6 vehicleproducts","Data from outlawdb (https://outlawdb.com/en/gta-6/businesses), derived from GTA Wiki, CC BY-SA 3.0."
"business","Lucky Plucker","","lucky-plucker","fastfood","fastfood","Lucky Plucker is a fastfood listed for GTA 6 on the GTA Fandom wiki.","Lucky Plucker appears on the GTA Fandom wiki as a Grand Theft Auto VI business. The wiki describes it as a fastfood. The wiki lists it across 4 places in the series: Los Santos, San Andreas, Port Gellhorn, Leonida (See more). Leonida, Key Lento and Vice City are the GTA 6 entries in that list. The wiki marks its story status as active. Grand Theft Auto VI has not released and Rockstar has published no list of its own, so this entry records what the wiki says and does not treat it as confirmed.","Business type: fastfood;Listed locations: Los Santos, San Andreas, Port Gellhorn, Leonida (See more);Story status: active;Source: GTA Fandom wiki, via outlawdb","","","","COMMUNITY_IDENTIFIED","TIER_3_COMMUNITY","https://gta.fandom.com/wiki/Lucky_Plucker","2026-09-13","LOW","NO","","gta 6 lucky plucker;lucky plucker gta 6;gta 6 fastfood","Data from outlawdb (https://outlawdb.com/en/gta-6/businesses), derived from GTA Wiki, CC BY-SA 3.0."
"business","Lucré","","lucre","food","food","Lucré is a food listed for GTA 6 on the GTA Fandom wiki.","Lucré appears on the GTA Fandom wiki as a Grand Theft Auto VI business. The wiki describes it as a food. Grand Theft Auto VI has not released and Rockstar has published no list of its own, so this entry records what the wiki says and does not treat it as confirmed.","Business type: food;Source: GTA Fandom wiki, via outlawdb","","","","COMMUNITY_IDENTIFIED","TIER_3_COMMUNITY","https://gta.fandom.com/wiki/Lucr%C3%A9","2026-09-13","LOW","NO","","gta 6 lucré;lucré gta 6;gta 6 food","Data from outlawdb (https://outlawdb.com/en/gta-6/businesses), derived from GTA Wiki, CC BY-SA 3.0."
"business","Lure Predator","","lure-predator","vehicles","vehicles","Lure Predator is a vehicles listed for GTA 6 on the GTA Fandom wiki.","Lure Predator appears on the GTA Fandom wiki as a Grand Theft Auto VI business. The wiki describes it as a vehicles. The wiki marks its story status as active. Grand Theft Auto VI has not released and Rockstar has published no list of its own, so this entry records what the wiki says and does not treat it as confirmed.","Business type: vehicles;Story status: active;Source: GTA Fandom wiki, via outlawdb","","","","COMMUNITY_IDENTIFIED","TIER_3_COMMUNITY","https://gta.fandom.com/wiki/Lure_Predator","2026-09-13","LOW","NO","","gta 6 lure predator;lure predator gta 6;gta 6 vehicles","Data from outlawdb (https://outlawdb.com/en/gta-6/businesses), derived from GTA Wiki, CC BY-SA 3.0."
"business","Lure & Reel","","lure-reel","","","Lure & Reel is a business listed for GTA 6 on the GTA Fandom wiki.","Lure & Reel appears on the GTA Fandom wiki as a Grand Theft Auto VI business. The wiki marks its story status as active. Grand Theft Auto VI has not released and Rockstar has published no list of its own, so this entry records what the wiki says and does not treat it as confirmed.","Story status: active;Source: GTA Fandom wiki, via outlawdb","","","","COMMUNITY_IDENTIFIED","TIER_3_COMMUNITY","https://gta.fandom.com/wiki/Lure_%26_Reel","2026-09-13","LOW","NO","","gta 6 lure & reel;lure & reel gta 6","Data from outlawdb (https://outlawdb.com/en/gta-6/businesses), derived from GTA Wiki, CC BY-SA 3.0."
"business","Maibatsu Corporation","","maibatsu-corporation","conglomerate","conglomerate","Maibatsu Corporation is a conglomerate listed for GTA 6 on the GTA Fandom wiki.","Maibatsu Corporation appears on the GTA Fandom wiki as a Grand Theft Auto VI business. The wiki describes it as a conglomerate. The wiki lists it across 3 places in the series: Maibatsu Factory, Los Santos, San Andreas. None of those entries name a GTA 6 location, so the GTA 6 listing rests on the wiki alone. The wiki marks its story status as active. Grand Theft Auto VI has not released and Rockstar has published no list of its own, so this entry records what the wiki says and does not treat it as confirmed.","Business type: conglomerate;Listed locations: Maibatsu Factory, Los Santos, San Andreas;Story status: active;Source: GTA Fandom wiki, via outlawdb","","","","COMMUNITY_IDENTIFIED","TIER_3_COMMUNITY","https://gta.fandom.com/wiki/Maibatsu_Corporation_(HD_Universe)","2026-09-13","LOW","NO","","gta 6 maibatsu corporation;maibatsu corporation gta 6;gta 6 conglomerate","Data from outlawdb (https://outlawdb.com/en/gta-6/businesses), derived from GTA Wiki, CC BY-SA 3.0."
"business","Mammoth","","mammoth","Automotive","Automotive","Mammoth is a Automotive listed for GTA 6 on the GTA Fandom wiki.","Mammoth appears on the GTA Fandom wiki as a Grand Theft Auto VI business. The wiki describes it as a Automotive. Grand Theft Auto VI has not released and Rockstar has published no list of its own, so this entry records what the wiki says and does not treat it as confirmed.","Business type: Automotive;Source: GTA Fandom wiki, via outlawdb","","","","COMMUNITY_IDENTIFIED","TIER_3_COMMUNITY","https://gta.fandom.com/wiki/Mammoth","2026-09-13","LOW","NO","","gta 6 mammoth;mammoth gta 6;gta 6 Automotive","Data from outlawdb (https://outlawdb.com/en/gta-6/businesses), derived from GTA Wiki, CC BY-SA 3.0."
"business","Manman","","manman","food","food","Manman is a food listed for GTA 6 on the GTA Fandom wiki.","Manman appears on the GTA Fandom wiki as a Grand Theft Auto VI business. The wiki describes it as a food. The wiki marks its story status as active. Grand Theft Auto VI has not released and Rockstar has published no list of its own, so this entry records what the wiki says and does not treat it as confirmed.","Business type: food;Story status: active;Source: GTA Fandom wiki, via outlawdb","","","","COMMUNITY_IDENTIFIED","TIER_3_COMMUNITY","https://gta.fandom.com/wiki/Manman","2026-09-13","LOW","NO","","gta 6 manman;manman gta 6;gta 6 food","Data from outlawdb (https://outlawdb.com/en/gta-6/businesses), derived from GTA Wiki, CC BY-SA 3.0."
"business","Marbles","","marbles","","","Marbles are businesses listed for GTA 6 on the GTA Fandom wiki.","Marbles appear on the GTA Fandom wiki as a Grand Theft Auto VI business. The wiki marks its story status as active. Grand Theft Auto VI has not released and Rockstar has published no list of its own, so this entry records what the wiki says and does not treat it as confirmed.","Story status: active;Source: GTA Fandom wiki, via outlawdb","","","","COMMUNITY_IDENTIFIED","TIER_3_COMMUNITY","https://gta.fandom.com/wiki/Marbles","2026-09-13","LOW","NO","","gta 6 marbles;marbles gta 6","Data from outlawdb (https://outlawdb.com/en/gta-6/businesses), derived from GTA Wiki, CC BY-SA 3.0."
"business","Mega Noticias","","mega-noticias","news","news","Mega Noticias is a news listed for GTA 6 on the GTA Fandom wiki.","Mega Noticias appears on the GTA Fandom wiki as a Grand Theft Auto VI business. The wiki describes it as a news. The wiki lists it across 2 places in the series: Vice City, Leonida. Leonida, Key Lento and Vice City are the GTA 6 entries in that list. The wiki marks its story status as active. Grand Theft Auto VI has not released and Rockstar has published no list of its own, so this entry records what the wiki says and does not treat it as confirmed.","Business type: news;Listed locations: Vice City, Leonida;Story status: active;Source: GTA Fandom wiki, via outlawdb","","","","COMMUNITY_IDENTIFIED","TIER_3_COMMUNITY","https://gta.fandom.com/wiki/Mega_Noticias","2026-09-13","LOW","NO","","gta 6 mega noticias;mega noticias gta 6;gta 6 news","Data from outlawdb (https://outlawdb.com/en/gta-6/businesses), derived from GTA Wiki, CC BY-SA 3.0."
"business","Megamundo","","megamundo","entertainment","entertainment","Megamundo is a Grand Theft Auto VI entertainment venue, the Megamundo Building in Vice City, Leonida, listed on the GTA Fandom wiki.","Megamundo appears on the GTA Fandom wiki as a Grand Theft Auto VI business. The wiki describes it as a entertainment. The wiki lists it across 3 places in the series: Megamundo Building, Vice City, Leonida. Leonida, Key Lento and Vice City are the GTA 6 entries in that list. The wiki marks its story status as active. Grand Theft Auto VI has not released and Rockstar has published no list of its own, so this entry records what the wiki says and does not treat it as confirmed.","Business type: entertainment;Listed locations: Megamundo Building, Vice City, Leonida;Story status: active;Source: GTA Fandom wiki, via outlawdb","","","","COMMUNITY_IDENTIFIED","TIER_3_COMMUNITY","https://gta.fandom.com/wiki/Megamundo","2026-09-13","LOW","NO","","gta 6 megamundo;megamundo gta 6;gta 6 entertainment","Data from outlawdb (https://outlawdb.com/en/gta-6/businesses), derived from GTA Wiki, CC BY-SA 3.0."
"business","MID","","mid","","","MID is a business listed for GTA 6 on the GTA Fandom wiki.","MID appears on the GTA Fandom wiki as a Grand Theft Auto VI business. The wiki marks its story status as active. Grand Theft Auto VI has not released and Rockstar has published no list of its own, so this entry records what the wiki says and does not treat it as confirmed.","Story status: active;Source: GTA Fandom wiki, via outlawdb","","","","COMMUNITY_IDENTIFIED","TIER_3_COMMUNITY","https://gta.fandom.com/wiki/MID","2026-09-13","LOW","NO","","gta 6 mid;mid gta 6","Data from outlawdb (https://outlawdb.com/en/gta-6/businesses), derived from GTA Wiki, CC BY-SA 3.0."
"business","MTL","","mtl","vehicles","vehicles","MTL is a vehicles listed for GTA 6 on the GTA Fandom wiki.","MTL appears on the GTA Fandom wiki as a Grand Theft Auto VI business. The wiki describes it as a vehicles. The wiki marks its story status as active. Grand Theft Auto VI has not released and Rockstar has published no list of its own, so this entry records what the wiki says and does not treat it as confirmed.","Business type: vehicles;Story status: active;Source: GTA Fandom wiki, via outlawdb","","","","COMMUNITY_IDENTIFIED","TIER_3_COMMUNITY","https://gta.fandom.com/wiki/MTL","2026-09-13","LOW","NO","","gta 6 mtl;mtl gta 6;gta 6 vehicles","Data from outlawdb (https://outlawdb.com/en/gta-6/businesses), derived from GTA Wiki, CC BY-SA 3.0."
"business","Music Entertainment Television","MeTV","music-entertainment-television","entertainment","entertainment","Music Entertainment Television is a entertainment listed for GTA 6 on the GTA Fandom wiki.","Music Entertainment Television appears on the GTA Fandom wiki as a Grand Theft Auto VI business. The wiki describes it as a entertainment. It is also called MeTV. The wiki lists it across 3 places in the series: MeTV Building, Liberty City, Liberty. None of those entries name a GTA 6 location, so the GTA 6 listing rests on the wiki alone. Grand Theft Auto VI has not released and Rockstar has published no list of its own, so this entry records what the wiki says and does not treat it as confirmed.","Business type: entertainment;Listed locations: MeTV Building, Liberty City, Liberty;Source: GTA Fandom wiki, via outlawdb","","","","COMMUNITY_IDENTIFIED","TIER_3_COMMUNITY","https://gta.fandom.com/wiki/MeTV","2026-09-13","LOW","NO","","gta 6 music entertainment television;music entertainment television gta 6;gta 6 entertainment","Data from outlawdb (https://outlawdb.com/en/gta-6/businesses), derived from GTA Wiki, CC BY-SA 3.0."
"business","Nagasaki","","nagasaki","vehicles","vehicles","Nagasaki is a vehicles listed for GTA 6 on the GTA Fandom wiki.","Nagasaki appears on the GTA Fandom wiki as a Grand Theft Auto VI business. The wiki describes it as a vehicles. The wiki marks its story status as active. Grand Theft Auto VI has not released and Rockstar has published no list of its own, so this entry records what the wiki says and does not treat it as confirmed.","Business type: vehicles;Story status: active;Source: GTA Fandom wiki, via outlawdb","","","","COMMUNITY_IDENTIFIED","TIER_3_COMMUNITY","https://gta.fandom.com/wiki/Nagasaki","2026-09-13","LOW","NO","","gta 6 nagasaki;nagasaki gta 6;gta 6 vehicles","Data from outlawdb (https://outlawdb.com/en/gta-6/businesses), derived from GTA Wiki, CC BY-SA 3.0."
"business","Navitrak","","navitrak","shipping","shipping","Navitrak is a shipping listed for GTA 6 on the GTA Fandom wiki.","Navitrak appears on the GTA Fandom wiki as a Grand Theft Auto VI business. The wiki describes it as a shipping. The wiki marks its story status as active. Grand Theft Auto VI has not released and Rockstar has published no list of its own, so this entry records what the wiki says and does not treat it as confirmed.","Business type: shipping;Story status: active;Source: GTA Fandom wiki, via outlawdb","","","","COMMUNITY_IDENTIFIED","TIER_3_COMMUNITY","https://gta.fandom.com/wiki/Navitrak","2026-09-13","LOW","NO","","gta 6 navitrak;navitrak gta 6;gta 6 shipping","Data from outlawdb (https://outlawdb.com/en/gta-6/businesses), derived from GTA Wiki, CC BY-SA 3.0."
"business","NEDS","Nitrous Enhanced Drive Systems","neds","vehicleparts","vehicleparts","NEDS are vehiclepartss listed for GTA 6 on the GTA Fandom wiki.","NEDS appear on the GTA Fandom wiki as a Grand Theft Auto VI business. The wiki describes it as a vehicleparts. It is also called Nitrous Enhanced Drive Systems. The wiki marks its story status as active. Grand Theft Auto VI has not released and Rockstar has published no list of its own, so this entry records what the wiki says and does not treat it as confirmed.","Business type: vehicleparts;Story status: active;Source: GTA Fandom wiki, via outlawdb","","","","COMMUNITY_IDENTIFIED","TIER_3_COMMUNITY","https://gta.fandom.com/wiki/Nitrous_Enhanced_Drive_Systems","2026-09-13","LOW","NO","","gta 6 neds;neds gta 6;gta 6 vehicleparts","Data from outlawdb (https://outlawdb.com/en/gta-6/businesses), derived from GTA Wiki, CC BY-SA 3.0."
"business","Obey","","obey","vehicles","vehicles","Obey is a vehicles listed for GTA 6 on the GTA Fandom wiki.","Obey appears on the GTA Fandom wiki as a Grand Theft Auto VI business. The wiki describes it as a vehicles. The wiki marks its story status as active. Grand Theft Auto VI has not released and Rockstar has published no list of its own, so this entry records what the wiki says and does not treat it as confirmed.","Business type: vehicles;Story status: active;Source: GTA Fandom wiki, via outlawdb","","","","COMMUNITY_IDENTIFIED","TIER_3_COMMUNITY","https://gta.fandom.com/wiki/Obey","2026-09-13","LOW","NO","","gta 6 obey;obey gta 6;gta 6 vehicles","Data from outlawdb (https://outlawdb.com/en/gta-6/businesses), derived from GTA Wiki, CC BY-SA 3.0."
"business","Ocelot","","ocelot","vehicles","vehicles","Ocelot is a vehicles listed for GTA 6 on the GTA Fandom wiki.","Ocelot appears on the GTA Fandom wiki as a Grand Theft Auto VI business. The wiki describes it as a vehicles. The wiki marks its story status as active. Grand Theft Auto VI has not released and Rockstar has published no list of its own, so this entry records what the wiki says and does not treat it as confirmed.","Business type: vehicles;Story status: active;Source: GTA Fandom wiki, via outlawdb","","","","COMMUNITY_IDENTIFIED","TIER_3_COMMUNITY","https://gta.fandom.com/wiki/Ocelot","2026-09-13","LOW","NO","","gta 6 ocelot;ocelot gta 6;gta 6 vehicles","Data from outlawdb (https://outlawdb.com/en/gta-6/businesses), derived from GTA Wiki, CC BY-SA 3.0."
"business","oilio","","oilio","vehicleparts","vehicleparts","oilio is a vehicleparts listed for GTA 6 on the GTA Fandom wiki.","oilio appears on the GTA Fandom wiki as a Grand Theft Auto VI business. The wiki describes it as a vehicleparts. The wiki marks its story status as active. Grand Theft Auto VI has not released and Rockstar has published no list of its own, so this entry records what the wiki says and does not treat it as confirmed.","Business type: vehicleparts;Story status: active;Source: GTA Fandom wiki, via outlawdb","","","","COMMUNITY_IDENTIFIED","TIER_3_COMMUNITY","https://gta.fandom.com/wiki/Oilio","2026-09-13","LOW","NO","","gta 6 oilio;oilio gta 6;gta 6 vehicleparts","Data from outlawdb (https://outlawdb.com/en/gta-6/businesses), derived from GTA Wiki, CC BY-SA 3.0."
"business","Old Gen","OG","old-gen","fashion","fashion","Old Gen is a fashion listed for GTA 6 on the GTA Fandom wiki.","Old Gen appears on the GTA Fandom wiki as a Grand Theft Auto VI business. The wiki describes it as a fashion. It is also called OG. The wiki marks its story status as active. Grand Theft Auto VI has not released and Rockstar has published no list of its own, so this entry records what the wiki says and does not treat it as confirmed.","Business type: fashion;Story status: active;Source: GTA Fandom wiki, via outlawdb","","","","COMMUNITY_IDENTIFIED","TIER_3_COMMUNITY","https://gta.fandom.com/wiki/Old_Gen","2026-09-13","LOW","NO","","gta 6 old gen;old gen gta 6;gta 6 fashion","Data from outlawdb (https://outlawdb.com/en/gta-6/businesses), derived from GTA Wiki, CC BY-SA 3.0."
"business","ONO","","ono","electronics","electronics","ONO is a electronics listed for GTA 6 on the GTA Fandom wiki.","ONO appears on the GTA Fandom wiki as a Grand Theft Auto VI business. The wiki describes it as a electronics. The wiki marks its story status as active. Grand Theft Auto VI has not released and Rockstar has published no list of its own, so this entry records what the wiki says and does not treat it as confirmed.","Business type: electronics;Story status: active;Source: GTA Fandom wiki, via outlawdb","","","","COMMUNITY_IDENTIFIED","TIER_3_COMMUNITY","https://gta.fandom.com/wiki/ONO","2026-09-13","LOW","NO","","gta 6 ono;ono gta 6;gta 6 electronics","Data from outlawdb (https://outlawdb.com/en/gta-6/businesses), derived from GTA Wiki, CC BY-SA 3.0."
"business","Patriot Beer","Patriot","patriot-beer","alcohol","alcohol","Patriot Beer is a alcohol listed for GTA 6 on the GTA Fandom wiki.","Patriot Beer appears on the GTA Fandom wiki as a Grand Theft Auto VI business. The wiki describes it as a alcohol. It is also called Patriot. The wiki marks its story status as active. Grand Theft Auto VI has not released and Rockstar has published no list of its own, so this entry records what the wiki says and does not treat it as confirmed.","Business type: alcohol;Story status: active;Source: GTA Fandom wiki, via outlawdb","","","","COMMUNITY_IDENTIFIED","TIER_3_COMMUNITY","https://gta.fandom.com/wiki/Patriot_Beer","2026-09-13","LOW","NO","","gta 6 patriot beer;patriot beer gta 6;gta 6 alcohol","Data from outlawdb (https://outlawdb.com/en/gta-6/businesses), derived from GTA Wiki, CC BY-SA 3.0."
"business","Pegassi","","pegassi","vehicles","vehicles","Pegassi is a vehicles listed for GTA 6 on the GTA Fandom wiki.","Pegassi appears on the GTA Fandom wiki as a Grand Theft Auto VI business. The wiki describes it as a vehicles. The wiki marks its story status as active. Grand Theft Auto VI has not released and Rockstar has published no list of its own, so this entry records what the wiki says and does not treat it as confirmed.","Business type: vehicles;Story status: active;Source: GTA Fandom wiki, via outlawdb","","","","COMMUNITY_IDENTIFIED","TIER_3_COMMUNITY","https://gta.fandom.com/wiki/Pegassi","2026-09-13","LOW","NO","","gta 6 pegassi;pegassi gta 6;gta 6 vehicles","Data from outlawdb (https://outlawdb.com/en/gta-6/businesses), derived from GTA Wiki, CC BY-SA 3.0."
"business","Perseus","","perseus","fashion","fashion","Perseus is a fashion listed for GTA 6 on the GTA Fandom wiki.","Perseus appears on the GTA Fandom wiki as a Grand Theft Auto VI business. The wiki describes it as a fashion. The wiki lists it across 4 places in the series: Liberty City, Liberty, Los Santos, San Andreas (See more). None of those entries name a GTA 6 location, so the GTA 6 listing rests on the wiki alone. Named staff are given as Marcus (GTA IV). The wiki marks its story status as active. Grand Theft Auto VI has not released and Rockstar has published no list of its own, so this entry records what the wiki says and does not treat it as confirmed.","Business type: fashion;Listed locations: Liberty City, Liberty, Los Santos, San Andreas (See more);Story status: active;Source: GTA Fandom wiki, via outlawdb","","","","COMMUNITY_IDENTIFIED","TIER_3_COMMUNITY","https://gta.fandom.com/wiki/Perseus","2026-09-13","LOW","NO","","gta 6 perseus;perseus gta 6;gta 6 fashion","Data from outlawdb (https://outlawdb.com/en/gta-6/businesses), derived from GTA Wiki, CC BY-SA 3.0."
"business","Pfister","","pfister","vehicles","vehicles","Pfister is a vehicles listed for GTA 6 on the GTA Fandom wiki.","Pfister appears on the GTA Fandom wiki as a Grand Theft Auto VI business. The wiki describes it as a vehicles. The wiki marks its story status as active. Grand Theft Auto VI has not released and Rockstar has published no list of its own, so this entry records what the wiki says and does not treat it as confirmed.","Business type: vehicles;Story status: active;Source: GTA Fandom wiki, via outlawdb","","","","COMMUNITY_IDENTIFIED","TIER_3_COMMUNITY","https://gta.fandom.com/wiki/Pfister_(HD_Universe)","2026-09-13","LOW","NO","","gta 6 pfister;pfister gta 6;gta 6 vehicles","Data from outlawdb (https://outlawdb.com/en/gta-6/businesses), derived from GTA Wiki, CC BY-SA 3.0."
"business","Phat Chips","","phat-chips","snack","snack","Phat Chips are snacks listed for GTA 6 on the GTA Fandom wiki.","Phat Chips appear on the GTA Fandom wiki as a Grand Theft Auto VI business. The wiki describes it as a snack. The wiki marks its story status as active. Grand Theft Auto VI has not released and Rockstar has published no list of its own, so this entry records what the wiki says and does not treat it as confirmed.","Business type: snack;Story status: active;Source: GTA Fandom wiki, via outlawdb","","","","COMMUNITY_IDENTIFIED","TIER_3_COMMUNITY","https://gta.fandom.com/wiki/Phat_Chips","2026-09-13","LOW","NO","","gta 6 phat chips;phat chips gta 6;gta 6 snack","Data from outlawdb (https://outlawdb.com/en/gta-6/businesses), derived from GTA Wiki, CC BY-SA 3.0."
"business","Phix","","phix","medicine","medicine","Phix is a medicine listed for GTA 6 on the GTA Fandom wiki.","Phix appears on the GTA Fandom wiki as a Grand Theft Auto VI business. The wiki describes it as a medicine. The wiki marks its story status as active. Grand Theft Auto VI has not released and Rockstar has published no list of its own, so this entry records what the wiki says and does not treat it as confirmed.","Business type: medicine;Story status: active;Source: GTA Fandom wiki, via outlawdb","","","","COMMUNITY_IDENTIFIED","TIER_3_COMMUNITY","https://gta.fandom.com/wiki/Phix","2026-09-13","LOW","NO","","gta 6 phix;phix gta 6;gta 6 medicine","Data from outlawdb (https://outlawdb.com/en/gta-6/businesses), derived from GTA Wiki, CC BY-SA 3.0."
"business","Pißwasser","","pi-wasser","alcohol","alcohol","Pißwasser is a alcohol listed for GTA 6 on the GTA Fandom wiki.","Pißwasser appears on the GTA Fandom wiki as a Grand Theft Auto VI business. The wiki describes it as a alcohol. Grand Theft Auto VI has not released and Rockstar has published no list of its own, so this entry records what the wiki says and does not treat it as confirmed.","Business type: alcohol;Source: GTA Fandom wiki, via outlawdb","","","","COMMUNITY_IDENTIFIED","TIER_3_COMMUNITY","https://gta.fandom.com/wiki/Pi%C3%9Fwasser","2026-09-13","LOW","NO","","gta 6 pißwasser;pißwasser gta 6;gta 6 alcohol","Data from outlawdb (https://outlawdb.com/en/gta-6/businesses), derived from GTA Wiki, CC BY-SA 3.0."
"business","Pîlok","","pilok","alcohol","alcohol","Pîlok is a alcohol listed for GTA 6 on the GTA Fandom wiki.","Pîlok appears on the GTA Fandom wiki as a Grand Theft Auto VI business. The wiki describes it as a alcohol. The wiki marks its story status as active. Grand Theft Auto VI has not released and Rockstar has published no list of its own, so this entry records what the wiki says and does not treat it as confirmed.","Business type: alcohol;Story status: active;Source: GTA Fandom wiki, via outlawdb","","","","COMMUNITY_IDENTIFIED","TIER_3_COMMUNITY","https://gta.fandom.com/wiki/P%C3%AElok","2026-09-13","LOW","NO","","gta 6 pîlok;pîlok gta 6;gta 6 alcohol","Data from outlawdb (https://outlawdb.com/en/gta-6/businesses), derived from GTA Wiki, CC BY-SA 3.0."
"business","Pindayho Cerveza","","pindayho-cerveza","alcohol","alcohol","Pindayho Cerveza is a alcohol listed for GTA 6 on the GTA Fandom wiki.","Pindayho Cerveza appears on the GTA Fandom wiki as a Grand Theft Auto VI business. The wiki describes it as a alcohol. The wiki marks its story status as active. Grand Theft Auto VI has not released and Rockstar has published no list of its own, so this entry records what the wiki says and does not treat it as confirmed.","Business type: alcohol;Story status: active;Source: GTA Fandom wiki, via outlawdb","","","","COMMUNITY_IDENTIFIED","TIER_3_COMMUNITY","https://gta.fandom.com/wiki/Pindayho_Cerveza","2026-09-13","LOW","NO","","gta 6 pindayho cerveza;pindayho cerveza gta 6;gta 6 alcohol","Data from outlawdb (https://outlawdb.com/en/gta-6/businesses), derived from GTA Wiki, CC BY-SA 3.0."
"business","Port Gellhorn Police Department","PGPD","port-gellhorn-police-department","police","police","Port Gellhorn Police Department is a police listed for GTA 6 on the GTA Fandom wiki.","Port Gellhorn Police Department appears on the GTA Fandom wiki as a Grand Theft Auto VI business. The wiki describes it as a police. It is also called PGPD. Vehicles tied to it are given as Vehicles. The wiki marks its story status as active. Grand Theft Auto VI has not released and Rockstar has published no list of its own, so this entry records what the wiki says and does not treat it as confirmed.","Business type: police;Associated vehicles: Vehicles;Story status: active;Source: GTA Fandom wiki, via outlawdb","","","","COMMUNITY_IDENTIFIED","TIER_3_COMMUNITY","https://gta.fandom.com/wiki/Port_Gellhorn_Police_Department","2026-09-13","LOW","NO","Vehicles","gta 6 port gellhorn police department;port gellhorn police department gta 6;gta 6 police","Data from outlawdb (https://outlawdb.com/en/gta-6/businesses), derived from GTA Wiki, CC BY-SA 3.0."
"business","Principe","","principe","vehicles","vehicles","Principe is a vehicles listed for GTA 6 on the GTA Fandom wiki.","Principe appears on the GTA Fandom wiki as a Grand Theft Auto VI business. The wiki describes it as a vehicles. Grand Theft Auto VI has not released and Rockstar has published no list of its own, so this entry records what the wiki says and does not treat it as confirmed.","Business type: vehicles;Source: GTA Fandom wiki, via outlawdb","","","","COMMUNITY_IDENTIFIED","TIER_3_COMMUNITY","https://gta.fandom.com/wiki/Principe","2026-09-13","LOW","NO","","gta 6 principe;principe gta 6;gta 6 vehicles","Data from outlawdb (https://outlawdb.com/en/gta-6/businesses), derived from GTA Wiki, CC BY-SA 3.0."
"business","Protection of Animals & Controlled Hunting","","protection-of-animals-controlled-hunting","animalprotection","animalprotection","Protection of Animals & Controlled Hunting is a animalprotection listed for GTA 6 on the GTA Fandom wiki.","Protection of Animals & Controlled Hunting appears on the GTA Fandom wiki as a Grand Theft Auto VI business. The wiki describes it as a animalprotection. The wiki lists it across 1 place in the series: Leonida. Leonida, Key Lento and Vice City are the GTA 6 entries in that list. Vehicles tied to it are given as Vehicles. The wiki marks its story status as active. Grand Theft Auto VI has not released and Rockstar has published no list of its own, so this entry records what the wiki says and does not treat it as confirmed.","Business type: animalprotection;Listed locations: Leonida;Associated vehicles: Vehicles;Story status: active;Source: GTA Fandom wiki, via outlawdb","","","","COMMUNITY_IDENTIFIED","TIER_3_COMMUNITY","https://gta.fandom.com/wiki/Protection_of_Animals_%26_Controlled_Hunting","2026-09-13","LOW","NO","Vehicles","gta 6 protection of animals & controlled hunting;protection of animals & controlled hunting gta 6;gta 6 animalprotection","Data from outlawdb (https://outlawdb.com/en/gta-6/businesses), derived from GTA Wiki, CC BY-SA 3.0."
"business","Pussycat","","pussycat","Adult Entertainment magazine","Adult Entertainment magazine","Pussycat is a Adult Entertainment magazine listed for GTA 6 on the GTA Fandom wiki.","Pussycat appears on the GTA Fandom wiki as a Grand Theft Auto VI business. The wiki describes it as a Adult Entertainment magazine. Grand Theft Auto VI has not released and Rockstar has published no list of its own, so this entry records what the wiki says and does not treat it as confirmed.","Business type: Adult Entertainment magazine;Source: GTA Fandom wiki, via outlawdb","","","","COMMUNITY_IDENTIFIED","TIER_3_COMMUNITY","https://gta.fandom.com/wiki/Pussycat","2026-09-13","LOW","NO","","gta 6 pussycat;pussycat gta 6;gta 6 Adult Entertainment magazine","Data from outlawdb (https://outlawdb.com/en/gta-6/businesses), derived from GTA Wiki, CC BY-SA 3.0."
"business","Quickshop","Quickshop Grocery Store/Gas Station","quickshop","convenience store","convenience store","Quickshop is a convenience store listed for GTA 6 on the GTA Fandom wiki.","Quickshop appears on the GTA Fandom wiki as a Grand Theft Auto VI business. The wiki describes it as a convenience store. It is also called Quickshop Grocery Store/Gas Station. The wiki lists it across 1 place in the series: State of Leonida. Leonida, Key Lento and Vice City are the GTA 6 entries in that list. The wiki marks its story status as active. Grand Theft Auto VI has not released and Rockstar has published no list of its own, so this entry records what the wiki says and does not treat it as confirmed.","Business type: convenience store;Listed locations: State of Leonida;Story status: active;Source: GTA Fandom wiki, via outlawdb","","","","COMMUNITY_IDENTIFIED","TIER_3_COMMUNITY","https://gta.fandom.com/wiki/Quickshop","2026-09-13","LOW","NO","","gta 6 quickshop;quickshop gta 6;gta 6 convenience store","Data from outlawdb (https://outlawdb.com/en/gta-6/businesses), derived from GTA Wiki, CC BY-SA 3.0."
"business","Ragga Rum","","ragga-rum","alcohol","alcohol","Ragga Rum is a alcohol listed for GTA 6 on the GTA Fandom wiki.","Ragga Rum appears on the GTA Fandom wiki as a Grand Theft Auto VI business. The wiki describes it as a alcohol. The wiki marks its story status as active. Grand Theft Auto VI has not released and Rockstar has published no list of its own, so this entry records what the wiki says and does not treat it as confirmed.","Business type: alcohol;Story status: active;Source: GTA Fandom wiki, via outlawdb","","","","COMMUNITY_IDENTIFIED","TIER_3_COMMUNITY","https://gta.fandom.com/wiki/Ragga_Rum","2026-09-13","LOW","NO","","gta 6 ragga rum;ragga rum gta 6;gta 6 alcohol","Data from outlawdb (https://outlawdb.com/en/gta-6/businesses), derived from GTA Wiki, CC BY-SA 3.0."
"business","Rearwall","","rearwall","fashion","fashion","Rearwall is a fashion listed for GTA 6 on the GTA Fandom wiki.","Rearwall appears on the GTA Fandom wiki as a Grand Theft Auto VI business. The wiki describes it as a fashion. The wiki lists it across 4 places in the series: Liberty City, Liberty, Los Santos, San Andreas (See more). None of those entries name a GTA 6 location, so the GTA 6 listing rests on the wiki alone. Grand Theft Auto VI has not released and Rockstar has published no list of its own, so this entry records what the wiki says and does not treat it as confirmed.","Business type: fashion;Listed locations: Liberty City, Liberty, Los Santos, San Andreas (See more);Source: GTA Fandom wiki, via outlawdb","","","","COMMUNITY_IDENTIFIED","TIER_3_COMMUNITY","https://gta.fandom.com/wiki/Rearwall","2026-09-13","LOW","NO","","gta 6 rearwall;rearwall gta 6;gta 6 fashion","Data from outlawdb (https://outlawdb.com/en/gta-6/businesses), derived from GTA Wiki, CC BY-SA 3.0."
"business","Redwood Cigarettes","","redwood-cigarettes","tobacco","tobacco","Redwood Cigarettes are tobaccos listed for GTA 6 on the GTA Fandom wiki.","Redwood Cigarettes appear on the GTA Fandom wiki as a Grand Theft Auto VI business. The wiki describes it as a tobacco. Grand Theft Auto VI has not released and Rockstar has published no list of its own, so this entry records what the wiki says and does not treat it as confirmed.","Business type: tobacco;Source: GTA Fandom wiki, via outlawdb","","","","COMMUNITY_IDENTIFIED","TIER_3_COMMUNITY","https://gta.fandom.com/wiki/Redwood_Cigarettes","2026-09-13","LOW","NO","","gta 6 redwood cigarettes;redwood cigarettes gta 6;gta 6 tobacco","Data from outlawdb (https://outlawdb.com/en/gta-6/businesses), derived from GTA Wiki, CC BY-SA 3.0."
"business","Resaca Extra","","resaca-extra","alcohol","alcohol","Resaca Extra is a alcohol listed for GTA 6 on the GTA Fandom wiki.","Resaca Extra appears on the GTA Fandom wiki as a Grand Theft Auto VI business. The wiki describes it as a alcohol. The wiki marks its story status as active. Grand Theft Auto VI has not released and Rockstar has published no list of its own, so this entry records what the wiki says and does not treat it as confirmed.","Business type: alcohol;Story status: active;Source: GTA Fandom wiki, via outlawdb","","","","COMMUNITY_IDENTIFIED","TIER_3_COMMUNITY","https://gta.fandom.com/wiki/Resaca_Extra","2026-09-13","LOW","NO","","gta 6 resaca extra;resaca extra gta 6;gta 6 alcohol","Data from outlawdb (https://outlawdb.com/en/gta-6/businesses), derived from GTA Wiki, CC BY-SA 3.0."
"business","Richards Majestic Productions","","richards-majestic-productions","entertainment","entertainment","Richards Majestic Productions are entertainments listed for GTA 6 on the GTA Fandom wiki.","Richards Majestic Productions appear on the GTA Fandom wiki as a Grand Theft Auto VI business. The wiki describes it as a entertainment. The wiki lists it across 3 places in the series: Backlot City, Los Santos, San Andreas. None of those entries name a GTA 6 location, so the GTA 6 listing rests on the wiki alone. Grand Theft Auto VI has not released and Rockstar has published no list of its own, so this entry records what the wiki says and does not treat it as confirmed.","Business type: entertainment;Listed locations: Backlot City, Los Santos, San Andreas;Source: GTA Fandom wiki, via outlawdb","","","","COMMUNITY_IDENTIFIED","TIER_3_COMMUNITY","https://gta.fandom.com/wiki/Richards_Majestic_Productions","2026-09-13","LOW","NO","","gta 6 richards majestic productions;richards majestic productions gta 6;gta 6 entertainment","Data from outlawdb (https://outlawdb.com/en/gta-6/businesses), derived from GTA Wiki, CC BY-SA 3.0."
"business","Ride Out Customs","","ride-out-customs","vehiclecustoms","vehiclecustoms","Ride Out Customs are vehiclecustomss listed for GTA 6 on the GTA Fandom wiki.","Ride Out Customs appear on the GTA Fandom wiki as a Grand Theft Auto VI business. The wiki describes it as a vehiclecustoms. The wiki lists it across 2 places in the series: Vice City, Leonida. Leonida, Key Lento and Vice City are the GTA 6 entries in that list. The wiki marks its story status as active. Grand Theft Auto VI has not released and Rockstar has published no list of its own, so this entry records what the wiki says and does not treat it as confirmed.","Business type: vehiclecustoms;Listed locations: Vice City, Leonida;Story status: active;Source: GTA Fandom wiki, via outlawdb","","","","COMMUNITY_IDENTIFIED","TIER_3_COMMUNITY","https://gta.fandom.com/wiki/Ride_Out_Customs","2026-09-13","LOW","NO","","gta 6 ride out customs;ride out customs gta 6;gta 6 vehiclecustoms","Data from outlawdb (https://outlawdb.com/en/gta-6/businesses), derived from GTA Wiki, CC BY-SA 3.0."
"business","Rimm Paint","","rimm-paint","vehicleproducts","vehicleproducts","Rimm Paint is a vehicleproducts listed for GTA 6 on the GTA Fandom wiki.","Rimm Paint appears on the GTA Fandom wiki as a Grand Theft Auto VI business. The wiki describes it as a vehicleproducts. The wiki lists it across 1 place in the series: Rimm Paint Factory. None of those entries name a GTA 6 location, so the GTA 6 listing rests on the wiki alone. The wiki marks its story status as active. Grand Theft Auto VI has not released and Rockstar has published no list of its own, so this entry records what the wiki says and does not treat it as confirmed.","Business type: vehicleproducts;Listed locations: Rimm Paint Factory;Story status: active;Source: GTA Fandom wiki, via outlawdb","","","","COMMUNITY_IDENTIFIED","TIER_3_COMMUNITY","https://gta.fandom.com/wiki/Rimm_Paint","2026-09-13","LOW","NO","","gta 6 rimm paint;rimm paint gta 6;gta 6 vehicleproducts","Data from outlawdb (https://outlawdb.com/en/gta-6/businesses), derived from GTA Wiki, CC BY-SA 3.0."
"business","Rollocks Outboards","","rollocks-outboards","vehicleparts","vehicleparts","Rollocks Outboards are vehiclepartss listed for GTA 6 on the GTA Fandom wiki.","Rollocks Outboards appear on the GTA Fandom wiki as a Grand Theft Auto VI business. The wiki describes it as a vehicleparts. The wiki marks its story status as active. Grand Theft Auto VI has not released and Rockstar has published no list of its own, so this entry records what the wiki says and does not treat it as confirmed.","Business type: vehicleparts;Story status: active;Source: GTA Fandom wiki, via outlawdb","","","","COMMUNITY_IDENTIFIED","TIER_3_COMMUNITY","https://gta.fandom.com/wiki/Rollocks_Outboards","2026-09-13","LOW","NO","","gta 6 rollocks outboards;rollocks outboards gta 6;gta 6 vehicleparts","Data from outlawdb (https://outlawdb.com/en/gta-6/businesses), derived from GTA Wiki, CC BY-SA 3.0."
"business","Sahara","","sahara","delivery","delivery","Sahara is a delivery listed for GTA 6 on the GTA Fandom wiki.","Sahara appears on the GTA Fandom wiki as a Grand Theft Auto VI business. The wiki describes it as a delivery. The wiki marks its story status as active. Grand Theft Auto VI has not released and Rockstar has published no list of its own, so this entry records what the wiki says and does not treat it as confirmed.","Business type: delivery;Story status: active;Source: GTA Fandom wiki, via outlawdb","","","","COMMUNITY_IDENTIFIED","TIER_3_COMMUNITY","https://gta.fandom.com/wiki/Sahara","2026-09-13","LOW","NO","","gta 6 sahara;sahara gta 6;gta 6 delivery","Data from outlawdb (https://outlawdb.com/en/gta-6/businesses), derived from GTA Wiki, CC BY-SA 3.0."
"business","Sauerbrey's","","sauerbreys","utility","utility","Sauerbrey's are utilitys listed for GTA 6 on the GTA Fandom wiki.","Sauerbrey's appear on the GTA Fandom wiki as a Grand Theft Auto VI business. The wiki describes it as a utility. Vehicles tied to it are given as Burrito. The wiki marks its story status as active. Grand Theft Auto VI has not released and Rockstar has published no list of its own, so this entry records what the wiki says and does not treat it as confirmed.","Business type: utility;Associated vehicles: Burrito;Story status: active;Source: GTA Fandom wiki, via outlawdb","","","","COMMUNITY_IDENTIFIED","TIER_3_COMMUNITY","https://gta.fandom.com/wiki/Sauerbrey's","2026-09-13","LOW","NO","Burrito","gta 6 sauerbrey's;sauerbrey's gta 6;gta 6 utility","Data from outlawdb (https://outlawdb.com/en/gta-6/businesses), derived from GTA Wiki, CC BY-SA 3.0."
"business","Schlott Construction","","schlott-construction","construction","construction","Schlott Construction is a construction listed for GTA 6 on the GTA Fandom wiki.","Schlott Construction appears on the GTA Fandom wiki as a Grand Theft Auto VI business. The wiki describes it as a construction. The wiki lists it across 2 places in the series: Port Gellhorn, Leonida. Leonida, Key Lento and Vice City are the GTA 6 entries in that list. Vehicles tied to it are given as Unnamed GTA VI Bravado pickup truck. The wiki marks its story status as active. Grand Theft Auto VI has not released and Rockstar has published no list of its own, so this entry records what the wiki says and does not treat it as confirmed.","Business type: construction;Listed locations: Port Gellhorn, Leonida;Associated vehicles: Unnamed GTA VI Bravado pickup truck;Story status: active;Source: GTA Fandom wiki, via outlawdb","","","","COMMUNITY_IDENTIFIED","TIER_3_COMMUNITY","https://gta.fandom.com/wiki/Schlott_Construction","2026-09-13","LOW","NO","Unnamed GTA VI Bravado pickup truck","gta 6 schlott construction;schlott construction gta 6;gta 6 construction","Data from outlawdb (https://outlawdb.com/en/gta-6/businesses), derived from GTA Wiki, CC BY-SA 3.0."
"business","Schyster","","schyster","vehicles","vehicles","Schyster is a vehicles listed for GTA 6 on the GTA Fandom wiki.","Schyster appears on the GTA Fandom wiki as a Grand Theft Auto VI business. The wiki describes it as a vehicles. The wiki marks its story status as active. Grand Theft Auto VI has not released and Rockstar has published no list of its own, so this entry records what the wiki says and does not treat it as confirmed.","Business type: vehicles;Story status: active;Source: GTA Fandom wiki, via outlawdb","","","","COMMUNITY_IDENTIFIED","TIER_3_COMMUNITY","https://gta.fandom.com/wiki/Schyster","2026-09-13","LOW","NO","","gta 6 schyster;schyster gta 6;gta 6 vehicles","Data from outlawdb (https://outlawdb.com/en/gta-6/businesses), derived from GTA Wiki, CC BY-SA 3.0."
"business","SERA","","sera","government","government","SERA is a government listed for GTA 6 on the GTA Fandom wiki.","SERA appears on the GTA Fandom wiki as a Grand Theft Auto VI business. The wiki describes it as a government. Vehicles tied to it are given as Unnamed GTA VI SERA minivan. The wiki marks its story status as active. Grand Theft Auto VI has not released and Rockstar has published no list of its own, so this entry records what the wiki says and does not treat it as confirmed.","Business type: government;Associated vehicles: Unnamed GTA VI SERA minivan;Story status: active;Source: GTA Fandom wiki, via outlawdb","","","","COMMUNITY_IDENTIFIED","TIER_3_COMMUNITY","https://gta.fandom.com/wiki/SERA","2026-09-13","LOW","NO","Unnamed GTA VI SERA minivan","gta 6 sera;sera gta 6;gta 6 government","Data from outlawdb (https://outlawdb.com/en/gta-6/businesses), derived from GTA Wiki, CC BY-SA 3.0."
"business","Sessanta Nove","","sessanta-nove","fashion","fashion","Sessanta Nove is a fashion listed for GTA 6 on the GTA Fandom wiki.","Sessanta Nove appears on the GTA Fandom wiki as a Grand Theft Auto VI business. The wiki describes it as a fashion. The wiki lists it across 2 places in the series: Los Santos, San Andreas (See more). None of those entries name a GTA 6 location, so the GTA 6 listing rests on the wiki alone. The wiki marks its story status as active. Grand Theft Auto VI has not released and Rockstar has published no list of its own, so this entry records what the wiki says and does not treat it as confirmed.","Business type: fashion;Listed locations: Los Santos, San Andreas (See more);Story status: active;Source: GTA Fandom wiki, via outlawdb","","","","COMMUNITY_IDENTIFIED","TIER_3_COMMUNITY","https://gta.fandom.com/wiki/Sessanta_Nove","2026-09-13","LOW","NO","","gta 6 sessanta nove;sessanta nove gta 6;gta 6 fashion","Data from outlawdb (https://outlawdb.com/en/gta-6/businesses), derived from GTA Wiki, CC BY-SA 3.0."
"business","Shark","","shark","Credit Card Company","Credit Card Company","Shark is a Credit Card Company listed for GTA 6 on the GTA Fandom wiki.","Shark appears on the GTA Fandom wiki as a Grand Theft Auto VI business. The wiki describes it as a Credit Card Company. The wiki lists it across 3 places in the series: Shark Offices, The Exchange, Algonquin. None of those entries name a GTA 6 location, so the GTA 6 listing rests on the wiki alone. Grand Theft Auto VI has not released and Rockstar has published no list of its own, so this entry records what the wiki says and does not treat it as confirmed.","Business type: Credit Card Company;Listed locations: Shark Offices, The Exchange, Algonquin;Source: GTA Fandom wiki, via outlawdb","","","","COMMUNITY_IDENTIFIED","TIER_3_COMMUNITY","https://gta.fandom.com/wiki/Shark_(company)","2026-09-13","LOW","NO","","gta 6 shark;shark gta 6;gta 6 Credit Card Company","Data from outlawdb (https://outlawdb.com/en/gta-6/businesses), derived from GTA Wiki, CC BY-SA 3.0."
"business","Shorefront","Shore Front","shorefront","bank","bank","Shorefront is a bank listed for GTA 6 on the GTA Fandom wiki.","Shorefront appears on the GTA Fandom wiki as a Grand Theft Auto VI business. The wiki describes it as a bank. It is also called Shore Front. The wiki lists it across 6 places in the series: Vice City, Leonida:, Shorefront Building, Downtown, Cipher Mall, Rockridge. Leonida, Key Lento and Vice City are the GTA 6 entries in that list. The wiki marks its story status as active. Grand Theft Auto VI has not released and Rockstar has published no list of its own, so this entry records what the wiki says and does not treat it as confirmed.","Business type: bank;Listed locations: Vice City, Leonida:, Shorefront Building, Downtown, Cipher Mall, Rockridge;Story status: active;Source: GTA Fandom wiki, via outlawdb","","","","COMMUNITY_IDENTIFIED","TIER_3_COMMUNITY","https://gta.fandom.com/wiki/Shorefront","2026-09-13","LOW","NO","","gta 6 shorefront;shorefront gta 6;gta 6 bank","Data from outlawdb (https://outlawdb.com/en/gta-6/businesses), derived from GTA Wiki, CC BY-SA 3.0."
"business","Shrewsbury","","shrewsbury","weapons","weapons","Shrewsbury is a weapons listed for GTA 6 on the GTA Fandom wiki.","Shrewsbury appears on the GTA Fandom wiki as a Grand Theft Auto VI business. The wiki describes it as a weapons. Grand Theft Auto VI has not released and Rockstar has published no list of its own, so this entry records what the wiki says and does not treat it as confirmed.","Business type: weapons;Source: GTA Fandom wiki, via outlawdb","","","","COMMUNITY_IDENTIFIED","TIER_3_COMMUNITY","https://gta.fandom.com/wiki/Shrewsbury","2026-09-13","LOW","NO","","gta 6 shrewsbury;shrewsbury gta 6;gta 6 weapons","Data from outlawdb (https://outlawdb.com/en/gta-6/businesses), derived from GTA Wiki, CC BY-SA 3.0."
"business","Sinfrontera National Bank","","sinfrontera-national-bank","bank","bank","Sinfrontera National Bank is a bank listed for GTA 6 on the GTA Fandom wiki.","Sinfrontera National Bank appears on the GTA Fandom wiki as a Grand Theft Auto VI business. The wiki describes it as a bank. The wiki lists it across 1 place in the series: State of Leonida. Leonida, Key Lento and Vice City are the GTA 6 entries in that list. The wiki marks its story status as active. Grand Theft Auto VI has not released and Rockstar has published no list of its own, so this entry records what the wiki says and does not treat it as confirmed.","Business type: bank;Listed locations: State of Leonida;Story status: active;Source: GTA Fandom wiki, via outlawdb","","","","COMMUNITY_IDENTIFIED","TIER_3_COMMUNITY","https://gta.fandom.com/wiki/Sinfrontera_National_Bank","2026-09-13","LOW","NO","","gta 6 sinfrontera national bank;sinfrontera national bank gta 6;gta 6 bank","Data from outlawdb (https://outlawdb.com/en/gta-6/businesses), derived from GTA Wiki, CC BY-SA 3.0."
"business","Skala","","skala","","","Skala is a business listed for GTA 6 on the GTA Fandom wiki.","Skala appears on the GTA Fandom wiki as a Grand Theft Auto VI business. The wiki marks its story status as active. Grand Theft Auto VI has not released and Rockstar has published no list of its own, so this entry records what the wiki says and does not treat it as confirmed.","Story status: active;Source: GTA Fandom wiki, via outlawdb","","","","COMMUNITY_IDENTIFIED","TIER_3_COMMUNITY","https://gta.fandom.com/wiki/Skala","2026-09-13","LOW","NO","","gta 6 skala;skala gta 6","Data from outlawdb (https://outlawdb.com/en/gta-6/businesses), derived from GTA Wiki, CC BY-SA 3.0."
"business","Sol Sisters","","sol-sisters","","","Sol Sisters are businesses listed for GTA 6 on the GTA Fandom wiki.","Sol Sisters appear on the GTA Fandom wiki as a Grand Theft Auto VI business. The wiki lists it across 3 places in the series: Vice Beach, Vice-Dale County, Leonida. Leonida, Key Lento and Vice City are the GTA 6 entries in that list. The wiki marks its story status as active. Grand Theft Auto VI has not released and Rockstar has published no list of its own, so this entry records what the wiki says and does not treat it as confirmed.","Listed locations: Vice Beach, Vice-Dale County, Leonida;Story status: active;Source: GTA Fandom wiki, via outlawdb","","","","COMMUNITY_IDENTIFIED","TIER_3_COMMUNITY","https://gta.fandom.com/wiki/Sol_Sisters","2026-09-13","LOW","NO","","gta 6 sol sisters;sol sisters gta 6","Data from outlawdb (https://outlawdb.com/en/gta-6/businesses), derived from GTA Wiki, CC BY-SA 3.0."
"business","Sound4Sound Studio","","sound4sound-studio","recordlabel","recordlabel","Sound4Sound Studio is a recordlabel listed for GTA 6 on the GTA Fandom wiki.","Sound4Sound Studio appears on the GTA Fandom wiki as a Grand Theft Auto VI business. The wiki describes it as a recordlabel. The wiki lists it across 2 places in the series: Vice City, Leonida. Leonida, Key Lento and Vice City are the GTA 6 entries in that list. The wiki marks its story status as active. Grand Theft Auto VI has not released and Rockstar has published no list of its own, so this entry records what the wiki says and does not treat it as confirmed.","Business type: recordlabel;Listed locations: Vice City, Leonida;Story status: active;Source: GTA Fandom wiki, via outlawdb","","","","COMMUNITY_IDENTIFIED","TIER_3_COMMUNITY","https://gta.fandom.com/wiki/Sound4Sound","2026-09-13","LOW","NO","","gta 6 sound4sound studio;sound4sound studio gta 6;gta 6 recordlabel","Data from outlawdb (https://outlawdb.com/en/gta-6/businesses), derived from GTA Wiki, CC BY-SA 3.0."
"business","Speedophile","","speedophile","vehicles","vehicles","Speedophile is a vehicles listed for GTA 6 on the GTA Fandom wiki.","Speedophile appears on the GTA Fandom wiki as a Grand Theft Auto VI business. The wiki describes it as a vehicles. Vehicles tied to it are given as Vehicles. The wiki marks its story status as active. Grand Theft Auto VI has not released and Rockstar has published no list of its own, so this entry records what the wiki says and does not treat it as confirmed.","Business type: vehicles;Associated vehicles: Vehicles;Story status: active;Source: GTA Fandom wiki, via outlawdb","","","","COMMUNITY_IDENTIFIED","TIER_3_COMMUNITY","https://gta.fandom.com/wiki/Speedophile","2026-09-13","LOW","NO","Vehicles","gta 6 speedophile;speedophile gta 6;gta 6 vehicles","Data from outlawdb (https://outlawdb.com/en/gta-6/businesses), derived from GTA Wiki, CC BY-SA 3.0."
"business","Stronghold Ammunition","","stronghold-ammunition","weapons","weapons","Stronghold Ammunition is a weapons listed for GTA 6 on the GTA Fandom wiki.","Stronghold Ammunition appears on the GTA Fandom wiki as a Grand Theft Auto VI business. The wiki describes it as a weapons. The wiki marks its story status as active. Grand Theft Auto VI has not released and Rockstar has published no list of its own, so this entry records what the wiki says and does not treat it as confirmed.","Business type: weapons;Story status: active;Source: GTA Fandom wiki, via outlawdb","","","","COMMUNITY_IDENTIFIED","TIER_3_COMMUNITY","https://gta.fandom.com/wiki/Stronghold_Ammunition","2026-09-13","LOW","NO","","gta 6 stronghold ammunition;stronghold ammunition gta 6;gta 6 weapons","Data from outlawdb (https://outlawdb.com/en/gta-6/businesses), derived from GTA Wiki, CC BY-SA 3.0."
"business","Stronzo","","stronzo","alcohol","alcohol","Stronzo is a alcohol listed for GTA 6 on the GTA Fandom wiki.","Stronzo appears on the GTA Fandom wiki as a Grand Theft Auto VI business. The wiki describes it as a alcohol. The wiki marks its story status as active. Grand Theft Auto VI has not released and Rockstar has published no list of its own, so this entry records what the wiki says and does not treat it as confirmed.","Business type: alcohol;Story status: active;Source: GTA Fandom wiki, via outlawdb","","","","COMMUNITY_IDENTIFIED","TIER_3_COMMUNITY","https://gta.fandom.com/wiki/Stronzo","2026-09-13","LOW","NO","","gta 6 stronzo;stronzo gta 6;gta 6 alcohol","Data from outlawdb (https://outlawdb.com/en/gta-6/businesses), derived from GTA Wiki, CC BY-SA 3.0."
"business","Sumo","","sumo","electronics","electronics","Sumo is a electronics listed for GTA 6 on the GTA Fandom wiki.","Sumo appears on the GTA Fandom wiki as a Grand Theft Auto VI business. The wiki describes it as a electronics. The wiki lists it across 3 places in the series: LVA Freight Depot, Las Venturas, San Andreas. None of those entries name a GTA 6 location, so the GTA 6 listing rests on the wiki alone. Grand Theft Auto VI has not released and Rockstar has published no list of its own, so this entry records what the wiki says and does not treat it as confirmed.","Business type: electronics;Listed locations: LVA Freight Depot, Las Venturas, San Andreas;Source: GTA Fandom wiki, via outlawdb","","","","COMMUNITY_IDENTIFIED","TIER_3_COMMUNITY","https://gta.fandom.com/wiki/Sumo","2026-09-13","LOW","NO","","gta 6 sumo;sumo gta 6;gta 6 electronics","Data from outlawdb (https://outlawdb.com/en/gta-6/businesses), derived from GTA Wiki, CC BY-SA 3.0."
"business","T-East","","t-east","vehicleparts","vehicleparts","T-East is a vehicleparts listed for GTA 6 on the GTA Fandom wiki.","T-East appears on the GTA Fandom wiki as a Grand Theft Auto VI business. The wiki describes it as a vehicleparts. The wiki marks its story status as active. Grand Theft Auto VI has not released and Rockstar has published no list of its own, so this entry records what the wiki says and does not treat it as confirmed.","Business type: vehicleparts;Story status: active;Source: GTA Fandom wiki, via outlawdb","","","","COMMUNITY_IDENTIFIED","TIER_3_COMMUNITY","https://gta.fandom.com/wiki/T-East","2026-09-13","LOW","NO","","gta 6 t-east;t-east gta 6;gta 6 vehicleparts","Data from outlawdb (https://outlawdb.com/en/gta-6/businesses), derived from GTA Wiki, CC BY-SA 3.0."
"business","Thaw","","thaw","alcohol","alcohol","Thaw is a alcohol listed for GTA 6 on the GTA Fandom wiki.","Thaw appears on the GTA Fandom wiki as a Grand Theft Auto VI business. The wiki describes it as a alcohol. The wiki marks its story status as active. Grand Theft Auto VI has not released and Rockstar has published no list of its own, so this entry records what the wiki says and does not treat it as confirmed.","Business type: alcohol;Story status: active;Source: GTA Fandom wiki, via outlawdb","","","","COMMUNITY_IDENTIFIED","TIER_3_COMMUNITY","https://gta.fandom.com/wiki/Thaw","2026-09-13","LOW","NO","","gta 6 thaw;thaw gta 6;gta 6 alcohol","Data from outlawdb (https://outlawdb.com/en/gta-6/businesses), derived from GTA Wiki, CC BY-SA 3.0."
"business","This/That","","this-that","","","This/That is a business listed for GTA 6 on the GTA Fandom wiki.","This/That appears on the GTA Fandom wiki as a Grand Theft Auto VI business. The wiki marks its story status as active. Grand Theft Auto VI has not released and Rockstar has published no list of its own, so this entry records what the wiki says and does not treat it as confirmed.","Story status: active;Source: GTA Fandom wiki, via outlawdb","","","","COMMUNITY_IDENTIFIED","TIER_3_COMMUNITY","https://gta.fandom.com/wiki/This%2FThat","2026-09-13","LOW","NO","","gta 6 this/that;this/that gta 6","Data from outlawdb (https://outlawdb.com/en/gta-6/businesses), derived from GTA Wiki, CC BY-SA 3.0."
"business","Tiny Frank","","tiny-frank","snack","snack","Tiny Frank is a snack listed for GTA 6 on the GTA Fandom wiki.","Tiny Frank appears on the GTA Fandom wiki as a Grand Theft Auto VI business. The wiki describes it as a snack. The wiki marks its story status as active. Grand Theft Auto VI has not released and Rockstar has published no list of its own, so this entry records what the wiki says and does not treat it as confirmed.","Business type: snack;Story status: active;Source: GTA Fandom wiki, via outlawdb","","","","COMMUNITY_IDENTIFIED","TIER_3_COMMUNITY","https://gta.fandom.com/wiki/Tiny_Frank","2026-09-13","LOW","NO","","gta 6 tiny frank;tiny frank gta 6;gta 6 snack","Data from outlawdb (https://outlawdb.com/en/gta-6/businesses), derived from GTA Wiki, CC BY-SA 3.0."
"business","Übermacht","","ubermacht","vehicles","vehicles","Übermacht is a vehicles listed for GTA 6 on the GTA Fandom wiki.","Übermacht appears on the GTA Fandom wiki as a Grand Theft Auto VI business. The wiki describes it as a vehicles. The wiki marks its story status as active. Grand Theft Auto VI has not released and Rockstar has published no list of its own, so this entry records what the wiki says and does not treat it as confirmed.","Business type: vehicles;Story status: active;Source: GTA Fandom wiki, via outlawdb","","","","COMMUNITY_IDENTIFIED","TIER_3_COMMUNITY","https://gta.fandom.com/wiki/%C3%9Cbermacht","2026-09-13","LOW","NO","","gta 6 übermacht;übermacht gta 6;gta 6 vehicles","Data from outlawdb (https://outlawdb.com/en/gta-6/businesses), derived from GTA Wiki, CC BY-SA 3.0."
"business","Uncle Jack's Liquor","","uncle-jacks-liquor","liquor","liquor","Uncle Jack's Liquor is a liquor listed for GTA 6 on the GTA Fandom wiki.","Uncle Jack's Liquor appears on the GTA Fandom wiki as a Grand Theft Auto VI business. The wiki describes it as a liquor. The wiki lists it across 2 places in the series: Port Gellhorn, Leonida. Leonida, Key Lento and Vice City are the GTA 6 entries in that list. The wiki marks its story status as active. Grand Theft Auto VI has not released and Rockstar has published no list of its own, so this entry records what the wiki says and does not treat it as confirmed.","Business type: liquor;Listed locations: Port Gellhorn, Leonida;Story status: active;Source: GTA Fandom wiki, via outlawdb","","","","COMMUNITY_IDENTIFIED","TIER_3_COMMUNITY","https://gta.fandom.com/wiki/Uncle_Jack's_Liquor","2026-09-13","LOW","NO","","gta 6 uncle jack's liquor;uncle jack's liquor gta 6;gta 6 liquor","Data from outlawdb (https://outlawdb.com/en/gta-6/businesses), derived from GTA Wiki, CC BY-SA 3.0."
"business","Unnamed Attacker group","","unnamed-attacker-group","Armed group","Armed group","Unnamed Attacker group is a Armed group listed for GTA 6 on the GTA Fandom wiki.","Unnamed Attacker group appears on the GTA Fandom wiki as a Grand Theft Auto VI business. The wiki describes it as a Armed group. Grand Theft Auto VI has not released and Rockstar has published no list of its own, so this entry records what the wiki says and does not treat it as confirmed.","Business type: Armed group;Source: GTA Fandom wiki, via outlawdb","","","","COMMUNITY_IDENTIFIED","TIER_3_COMMUNITY","https://gta.fandom.com/wiki/Unnamed_Attacker_group","2026-09-13","LOW","NO","","gta 6 unnamed attacker group;unnamed attacker group gta 6;gta 6 Armed group","Data from outlawdb (https://outlawdb.com/en/gta-6/businesses), derived from GTA Wiki, CC BY-SA 3.0."
"business","Highway patrol agency","","unnamed-highway-patrol-agency","police","police","Highway patrol agency is a police listed for GTA 6 on the GTA Fandom wiki.","Highway patrol agency appears on the GTA Fandom wiki as a Grand Theft Auto VI business. The wiki describes it as a police. The wiki lists it across 1 place in the series: State of Leonida. Leonida, Key Lento and Vice City are the GTA 6 entries in that list. Vehicles tied to it are given as Vehicles. Grand Theft Auto VI has not released and Rockstar has published no list of its own, so this entry records what the wiki says and does not treat it as confirmed.","Business type: police;Listed locations: State of Leonida;Associated vehicles: Vehicles;Source: GTA Fandom wiki, via outlawdb","","","","COMMUNITY_IDENTIFIED","TIER_3_COMMUNITY","https://gta.fandom.com/wiki/Unnamed_GTA_VI_highway_patrol_agency","2026-09-13","LOW","NO","Vehicles","gta 6 highway patrol agency;highway patrol agency gta 6;gta 6 police","Data from outlawdb (https://outlawdb.com/en/gta-6/businesses), derived from GTA Wiki, CC BY-SA 3.0."
"business","Rail service","","unnamed-rail-service","publictransit","publictransit","Rail service is a publictransit listed for GTA 6 on the GTA Fandom wiki.","Rail service appears on the GTA Fandom wiki as a Grand Theft Auto VI business. The wiki describes it as a publictransit. The wiki lists it across 2 places in the series: Vice-Dale County, Leonida. Leonida, Key Lento and Vice City are the GTA 6 entries in that list. Vehicles tied to it are given as Unnamed GTA VI Hitachi Rail-inspired train. The wiki marks its story status as active. Grand Theft Auto VI has not released and Rockstar has published no list of its own, so this entry records what the wiki says and does not treat it as confirmed.","Business type: publictransit;Listed locations: Vice-Dale County, Leonida;Associated vehicles: Unnamed GTA VI Hitachi Rail-inspired train;Story status: active;Source: GTA Fandom wiki, via outlawdb","","","","COMMUNITY_IDENTIFIED","TIER_3_COMMUNITY","https://gta.fandom.com/wiki/Unnamed_GTA_VI_rail_service","2026-09-13","LOW","NO","Unnamed GTA VI Hitachi Rail-inspired train","gta 6 rail service;rail service gta 6;gta 6 publictransit","Data from outlawdb (https://outlawdb.com/en/gta-6/businesses), derived from GTA Wiki, CC BY-SA 3.0."
"business","Val-de-Grâce","","val-de-grace","fashion","fashion","Val-de-Grâce is a fashion listed for GTA 6 on the GTA Fandom wiki.","Val-de-Grâce appears on the GTA Fandom wiki as a Grand Theft Auto VI business. The wiki describes it as a fashion. The wiki lists it across 4 places in the series: Portola Drive, Rockford Hills, Los Santos, San Andreas. None of those entries name a GTA 6 location, so the GTA 6 listing rests on the wiki alone. The wiki marks its story status as active. Grand Theft Auto VI has not released and Rockstar has published no list of its own, so this entry records what the wiki says and does not treat it as confirmed.","Business type: fashion;Listed locations: Portola Drive, Rockford Hills, Los Santos, San Andreas;Story status: active;Source: GTA Fandom wiki, via outlawdb","","","","COMMUNITY_IDENTIFIED","TIER_3_COMMUNITY","https://gta.fandom.com/wiki/Val-de-Gr%C3%A2ce","2026-09-13","LOW","NO","","gta 6 val-de-grâce;val-de-grâce gta 6;gta 6 fashion","Data from outlawdb (https://outlawdb.com/en/gta-6/businesses), derived from GTA Wiki, CC BY-SA 3.0."
"business","Vapeamin","","vapeamin","drug","drug","Vapeamin is a drug listed for GTA 6 on the GTA Fandom wiki.","Vapeamin appears on the GTA Fandom wiki as a Grand Theft Auto VI business. The wiki describes it as a drug. The wiki marks its story status as active. Grand Theft Auto VI has not released and Rockstar has published no list of its own, so this entry records what the wiki says and does not treat it as confirmed.","Business type: drug;Story status: active;Source: GTA Fandom wiki, via outlawdb","","","","COMMUNITY_IDENTIFIED","TIER_3_COMMUNITY","https://gta.fandom.com/wiki/Vapeamin","2026-09-13","LOW","NO","","gta 6 vapeamin;vapeamin gta 6;gta 6 drug","Data from outlawdb (https://outlawdb.com/en/gta-6/businesses), derived from GTA Wiki, CC BY-SA 3.0."
"business","Vapid Motor Company","","vapid-motor-company","vehicles","vehicles","Vapid Motor Company is a vehicles listed for GTA 6 on the GTA Fandom wiki.","Vapid Motor Company appears on the GTA Fandom wiki as a Grand Theft Auto VI business. The wiki describes it as a vehicles. The wiki lists it across 4 places in the series: Vapid of Los Santos, Adam's Apple Boulevard, Downtown Los Santos, San Andreas. None of those entries name a GTA 6 location, so the GTA 6 listing rests on the wiki alone. The wiki marks its story status as active. Grand Theft Auto VI has not released and Rockstar has published no list of its own, so this entry records what the wiki says and does not treat it as confirmed.","Business type: vehicles;Listed locations: Vapid of Los Santos, Adam's Apple Boulevard, Downtown Los Santos, San Andreas;Story status: active;Source: GTA Fandom wiki, via outlawdb","","","","COMMUNITY_IDENTIFIED","TIER_3_COMMUNITY","https://gta.fandom.com/wiki/Vapid","2026-09-13","LOW","NO","","gta 6 vapid motor company;vapid motor company gta 6;gta 6 vehicles","Data from outlawdb (https://outlawdb.com/en/gta-6/businesses), derived from GTA Wiki, CC BY-SA 3.0."
"business","Vice Beach Police Department","VBPD, Vice Beach Police","vice-beach-police-department","police","police","Vice Beach Police Department is a police listed for GTA 6 on the GTA Fandom wiki.","Vice Beach Police Department appears on the GTA Fandom wiki as a Grand Theft Auto VI business. The wiki describes it as a police. It is also called VBPD, Vice Beach Police. The wiki lists it across 3 places in the series: Vice Beach, Vice-Dale County, Leonida. Leonida, Key Lento and Vice City are the GTA 6 entries in that list. Vehicles tied to it are given as Vehicles. Grand Theft Auto VI has not released and Rockstar has published no list of its own, so this entry records what the wiki says and does not treat it as confirmed.","Business type: police;Listed locations: Vice Beach, Vice-Dale County, Leonida;Associated vehicles: Vehicles;Source: GTA Fandom wiki, via outlawdb","","","","COMMUNITY_IDENTIFIED","TIER_3_COMMUNITY","https://gta.fandom.com/wiki/Vice_Beach_Police_Department","2026-09-13","LOW","NO","Vehicles","gta 6 vice beach police department;vice beach police department gta 6;gta 6 police","Data from outlawdb (https://outlawdb.com/en/gta-6/businesses), derived from GTA Wiki, CC BY-SA 3.0."
"business","Vice City Mambas","","vice-city-mambas","football","football","Vice City Mambas is a football listed for GTA 6 on the GTA Fandom wiki.","Vice City Mambas appears on the GTA Fandom wiki as a Grand Theft Auto VI business. The wiki describes it as a football. The wiki lists it across 2 places in the series: Vice City, Leonida. Leonida, Key Lento and Vice City are the GTA 6 entries in that list. Grand Theft Auto VI has not released and Rockstar has published no list of its own, so this entry records what the wiki says and does not treat it as confirmed.","Business type: football;Listed locations: Vice City, Leonida;Source: GTA Fandom wiki, via outlawdb","","","","COMMUNITY_IDENTIFIED","TIER_3_COMMUNITY","https://gta.fandom.com/wiki/Vice_City_Mambas_(HD_Universe)","2026-09-13","LOW","NO","","gta 6 vice city mambas;vice city mambas gta 6;gta 6 football","Data from outlawdb (https://outlawdb.com/en/gta-6/businesses), derived from GTA Wiki, CC BY-SA 3.0."
"business","Vice City Manatees","","vice-city-manatees","football","football","Vice City Manatees are footballs listed for GTA 6 on the GTA Fandom wiki.","Vice City Manatees appear on the GTA Fandom wiki as a Grand Theft Auto VI business. The wiki describes it as a football. The wiki lists it across 2 places in the series: Vice City, Leonida. Leonida, Key Lento and Vice City are the GTA 6 entries in that list. Grand Theft Auto VI has not released and Rockstar has published no list of its own, so this entry records what the wiki says and does not treat it as confirmed.","Business type: football;Listed locations: Vice City, Leonida;Source: GTA Fandom wiki, via outlawdb","","","","COMMUNITY_IDENTIFIED","TIER_3_COMMUNITY","https://gta.fandom.com/wiki/Vice_City_Manatees","2026-09-13","LOW","NO","","gta 6 vice city manatees;vice city manatees gta 6;gta 6 football","Data from outlawdb (https://outlawdb.com/en/gta-6/businesses), derived from GTA Wiki, CC BY-SA 3.0."
"business","Vice City Metro Mule","","vice-city-metro-mule","publictransit","publictransit","Vice City Metro Mule is a publictransit listed for GTA 6 on the GTA Fandom wiki.","Vice City Metro Mule appears on the GTA Fandom wiki as a Grand Theft Auto VI business. The wiki describes it as a publictransit. The wiki lists it across 3 places in the series: Vice City, Vice-Dale County, Leonida. Leonida, Key Lento and Vice City are the GTA 6 entries in that list. Vehicles tied to it are given as Unnamed GTA VI VCMM train. The wiki marks its story status as active. Grand Theft Auto VI has not released and Rockstar has published no list of its own, so this entry records what the wiki says and does not treat it as confirmed.","Business type: publictransit;Listed locations: Vice City, Vice-Dale County, Leonida;Associated vehicles: Unnamed GTA VI VCMM train;Story status: active;Source: GTA Fandom wiki, via outlawdb","","","","COMMUNITY_IDENTIFIED","TIER_3_COMMUNITY","https://gta.fandom.com/wiki/Vice_City_Metro_Mule","2026-09-13","LOW","NO","Unnamed GTA VI VCMM train","gta 6 vice city metro mule;vice city metro mule gta 6;gta 6 publictransit","Data from outlawdb (https://outlawdb.com/en/gta-6/businesses), derived from GTA Wiki, CC BY-SA 3.0."
"business","Vice City Narcos","","vice-city-narcos","basketball","basketball","Vice City Narcos are basketballs listed for GTA 6 on the GTA Fandom wiki.","Vice City Narcos appear on the GTA Fandom wiki as a Grand Theft Auto VI business. The wiki describes it as a basketball. The wiki lists it across 2 places in the series: Vice City, Leonida. Leonida, Key Lento and Vice City are the GTA 6 entries in that list. Grand Theft Auto VI has not released and Rockstar has published no list of its own, so this entry records what the wiki says and does not treat it as confirmed.","Business type: basketball;Listed locations: Vice City, Leonida;Source: GTA Fandom wiki, via outlawdb","","","","COMMUNITY_IDENTIFIED","TIER_3_COMMUNITY","https://gta.fandom.com/wiki/Vice_City_Narcos","2026-09-13","LOW","NO","","gta 6 vice city narcos;vice city narcos gta 6;gta 6 basketball","Data from outlawdb (https://outlawdb.com/en/gta-6/businesses), derived from GTA Wiki, CC BY-SA 3.0."
"business","Vice City Police Department","VCPD, Vice City Police","vice-city-police-department","police","police","Vice City Police Department is a police listed for GTA 6 on the GTA Fandom wiki.","Vice City Police Department appears on the GTA Fandom wiki as a Grand Theft Auto VI business. The wiki describes it as a police. It is also called VCPD, Vice City Police. The wiki lists it across 3 places in the series: Vice City, Vice-Dale County, Leonida. Leonida, Key Lento and Vice City are the GTA 6 entries in that list. Vehicles tied to it are given as Vehicles. Named staff are given as Mendez (leader), Unnamed Interrogator †, unnamed police officers. Grand Theft Auto VI has not released and Rockstar has published no list of its own, so this entry records what the wiki says and does not treat it as confirmed.","Business type: police;Listed locations: Vice City, Vice-Dale County, Leonida;Associated vehicles: Vehicles;Source: GTA Fandom wiki, via outlawdb","","","","COMMUNITY_IDENTIFIED","TIER_3_COMMUNITY","https://gta.fandom.com/wiki/Vice_City_Police_Department_(HD_Universe)","2026-09-13","LOW","NO","Vehicles","gta 6 vice city police department;vice city police department gta 6;gta 6 police","Data from outlawdb (https://outlawdb.com/en/gta-6/businesses), derived from GTA Wiki, CC BY-SA 3.0."
"business","Vice-Dale Police Department","VDPD, Vice-Dale County Police Department","vice-dale-police-department","police","police","Vice-Dale Police Department is a police listed for GTA 6 on the GTA Fandom wiki.","Vice-Dale Police Department appears on the GTA Fandom wiki as a Grand Theft Auto VI business. The wiki describes it as a police. It is also called VDPD, Vice-Dale County Police Department. The wiki lists it across 2 places in the series: Vice-Dale County, Leonida. Leonida, Key Lento and Vice City are the GTA 6 entries in that list. Vehicles tied to it are given as Vehicles. Grand Theft Auto VI has not released and Rockstar has published no list of its own, so this entry records what the wiki says and does not treat it as confirmed.","Business type: police;Listed locations: Vice-Dale County, Leonida;Associated vehicles: Vehicles;Source: GTA Fandom wiki, via outlawdb","","","","COMMUNITY_IDENTIFIED","TIER_3_COMMUNITY","https://gta.fandom.com/wiki/Vice-Dale_Police_Department","2026-09-13","LOW","NO","Vehicles","gta 6 vice-dale police department;vice-dale police department gta 6;gta 6 police","Data from outlawdb (https://outlawdb.com/en/gta-6/businesses), derived from GTA Wiki, CC BY-SA 3.0."
"business","Vinylism","","vinylism","music","music","Vinylism is a music listed for GTA 6 on the GTA Fandom wiki.","Vinylism appears on the GTA Fandom wiki as a Grand Theft Auto VI business. The wiki describes it as a music. The wiki lists it across 4 places in the series: Los Santos, San Andreas, Hamlet, Leonida (See more). Leonida, Key Lento and Vice City are the GTA 6 entries in that list. The wiki marks its story status as active. Grand Theft Auto VI has not released and Rockstar has published no list of its own, so this entry records what the wiki says and does not treat it as confirmed.","Business type: music;Listed locations: Los Santos, San Andreas, Hamlet, Leonida (See more);Story status: active;Source: GTA Fandom wiki, via outlawdb","","","","COMMUNITY_IDENTIFIED","TIER_3_COMMUNITY","https://gta.fandom.com/wiki/Vinylism","2026-09-13","LOW","NO","","gta 6 vinylism;vinylism gta 6;gta 6 music","Data from outlawdb (https://outlawdb.com/en/gta-6/businesses), derived from GTA Wiki, CC BY-SA 3.0."
"business","Visit Leonida","","visit-leonida","tourism","tourism","Visit Leonida is a tourism listed for GTA 6 on the GTA Fandom wiki.","Visit Leonida appears on the GTA Fandom wiki as a Grand Theft Auto VI business. The wiki describes it as a tourism. The wiki marks its story status as active. Grand Theft Auto VI has not released and Rockstar has published no list of its own, so this entry records what the wiki says and does not treat it as confirmed.","Business type: tourism;Story status: active;Source: GTA Fandom wiki, via outlawdb","","","","COMMUNITY_IDENTIFIED","TIER_3_COMMUNITY","https://gta.fandom.com/wiki/Visit_Leonida","2026-09-13","LOW","NO","","gta 6 visit leonida;visit leonida gta 6;gta 6 tourism","Data from outlawdb (https://outlawdb.com/en/gta-6/businesses), derived from GTA Wiki, CC BY-SA 3.0."
"business","Vulcar","","vulcar","vehicles","vehicles","Vulcar is a vehicles listed for GTA 6 on the GTA Fandom wiki.","Vulcar appears on the GTA Fandom wiki as a Grand Theft Auto VI business. The wiki describes it as a vehicles. The wiki marks its story status as active. Grand Theft Auto VI has not released and Rockstar has published no list of its own, so this entry records what the wiki says and does not treat it as confirmed.","Business type: vehicles;Story status: active;Source: GTA Fandom wiki, via outlawdb","","","","COMMUNITY_IDENTIFIED","TIER_3_COMMUNITY","https://gta.fandom.com/wiki/Vulcar","2026-09-13","LOW","NO","","gta 6 vulcar;vulcar gta 6;gta 6 vehicles","Data from outlawdb (https://outlawdb.com/en/gta-6/businesses), derived from GTA Wiki, CC BY-SA 3.0."
"business","Vulcar Marine","","vulcar-marine","vehicleparts","vehicleparts","Vulcar Marine is a vehicleparts listed for GTA 6 on the GTA Fandom wiki.","Vulcar Marine appears on the GTA Fandom wiki as a Grand Theft Auto VI business. The wiki describes it as a vehicleparts. The wiki marks its story status as active. Grand Theft Auto VI has not released and Rockstar has published no list of its own, so this entry records what the wiki says and does not treat it as confirmed.","Business type: vehicleparts;Story status: active;Source: GTA Fandom wiki, via outlawdb","","","","COMMUNITY_IDENTIFIED","TIER_3_COMMUNITY","https://gta.fandom.com/wiki/Vulcar_Marine","2026-09-13","LOW","NO","","gta 6 vulcar marine;vulcar marine gta 6;gta 6 vehicleparts","Data from outlawdb (https://outlawdb.com/en/gta-6/businesses), derived from GTA Wiki, CC BY-SA 3.0."
"business","Want","","want","creditcard","creditcard","Want is a creditcard listed for GTA 6 on the GTA Fandom wiki.","Want appears on the GTA Fandom wiki as a Grand Theft Auto VI business. The wiki describes it as a creditcard. The wiki marks its story status as active. Grand Theft Auto VI has not released and Rockstar has published no list of its own, so this entry records what the wiki says and does not treat it as confirmed.","Business type: creditcard;Story status: active;Source: GTA Fandom wiki, via outlawdb","","","","COMMUNITY_IDENTIFIED","TIER_3_COMMUNITY","https://gta.fandom.com/wiki/Want","2026-09-13","LOW","NO","","gta 6 want;want gta 6;gta 6 creditcard","Data from outlawdb (https://outlawdb.com/en/gta-6/businesses), derived from GTA Wiki, CC BY-SA 3.0."
"business","Waste Transfer Services","","waste-transfer-services","sanitation","sanitation","Waste Transfer Services are sanitations listed for GTA 6 on the GTA Fandom wiki.","Waste Transfer Services appear on the GTA Fandom wiki as a Grand Theft Auto VI business. The wiki describes it as a sanitation. The wiki lists it across 2 places in the series: Ambrosia, Leonida. Leonida, Key Lento and Vice City are the GTA 6 entries in that list. The wiki marks its story status as active. Grand Theft Auto VI has not released and Rockstar has published no list of its own, so this entry records what the wiki says and does not treat it as confirmed.","Business type: sanitation;Listed locations: Ambrosia, Leonida;Story status: active;Source: GTA Fandom wiki, via outlawdb","","","","COMMUNITY_IDENTIFIED","TIER_3_COMMUNITY","https://gta.fandom.com/wiki/Waste_Transfer_Services","2026-09-13","LOW","NO","","gta 6 waste transfer services;waste transfer services gta 6;gta 6 sanitation","Data from outlawdb (https://outlawdb.com/en/gta-6/businesses), derived from GTA Wiki, CC BY-SA 3.0."
"business","We Have Shoes","WHS","we-have-shoes","clothing store","clothing store","We Have Shoes are clothing stores listed for GTA 6 on the GTA Fandom wiki.","We Have Shoes appear on the GTA Fandom wiki as a Grand Theft Auto VI business. The wiki describes it as a clothing store. It is also called WHS. The wiki lists it across 2 places in the series: Port Gellhorn, Leonida. Leonida, Key Lento and Vice City are the GTA 6 entries in that list. The wiki marks its story status as active. Grand Theft Auto VI has not released and Rockstar has published no list of its own, so this entry records what the wiki says and does not treat it as confirmed.","Business type: clothing store;Listed locations: Port Gellhorn, Leonida;Story status: active;Source: GTA Fandom wiki, via outlawdb","","","","COMMUNITY_IDENTIFIED","TIER_3_COMMUNITY","https://gta.fandom.com/wiki/We_Have_Shoes","2026-09-13","LOW","NO","","gta 6 we have shoes;we have shoes gta 6;gta 6 clothing store","Data from outlawdb (https://outlawdb.com/en/gta-6/businesses), derived from GTA Wiki, CC BY-SA 3.0."
"business","Western Company","","western-company","vehicles","vehicles","Western Company is a vehicles listed for GTA 6 on the GTA Fandom wiki.","Western Company appears on the GTA Fandom wiki as a Grand Theft Auto VI business. The wiki describes it as a vehicles. The wiki marks its story status as active. Grand Theft Auto VI has not released and Rockstar has published no list of its own, so this entry records what the wiki says and does not treat it as confirmed.","Business type: vehicles;Story status: active;Source: GTA Fandom wiki, via outlawdb","","","","COMMUNITY_IDENTIFIED","TIER_3_COMMUNITY","https://gta.fandom.com/wiki/Western_Company","2026-09-13","LOW","NO","","gta 6 western company;western company gta 6;gta 6 vehicles","Data from outlawdb (https://outlawdb.com/en/gta-6/businesses), derived from GTA Wiki, CC BY-SA 3.0."
"business","Western Motorcycle Company","","western-motorcycle-company","vehicles","vehicles","Western Motorcycle Company is a vehicles listed for GTA 6 on the GTA Fandom wiki.","Western Motorcycle Company appears on the GTA Fandom wiki as a Grand Theft Auto VI business. The wiki describes it as a vehicles. The wiki marks its story status as active. Grand Theft Auto VI has not released and Rockstar has published no list of its own, so this entry records what the wiki says and does not treat it as confirmed.","Business type: vehicles;Story status: active;Source: GTA Fandom wiki, via outlawdb","","","","COMMUNITY_IDENTIFIED","TIER_3_COMMUNITY","https://gta.fandom.com/wiki/Western_Motorcycle_Company","2026-09-13","LOW","NO","","gta 6 western motorcycle company;western motorcycle company gta 6;gta 6 vehicles","Data from outlawdb (https://outlawdb.com/en/gta-6/businesses), derived from GTA Wiki, CC BY-SA 3.0."
"business","WhatUp!","","whatup","socialmedia","socialmedia","WhatUp! is a socialmedia listed for GTA 6 on the GTA Fandom wiki.","WhatUp! appears on the GTA Fandom wiki as a Grand Theft Auto VI business. The wiki describes it as a socialmedia. The wiki marks its story status as active. Grand Theft Auto VI has not released and Rockstar has published no list of its own, so this entry records what the wiki says and does not treat it as confirmed.","Business type: socialmedia;Story status: active;Source: GTA Fandom wiki, via outlawdb","","","","COMMUNITY_IDENTIFIED","TIER_3_COMMUNITY","https://gta.fandom.com/wiki/WhatUp!","2026-09-13","LOW","NO","","gta 6 whatup!;whatup! gta 6;gta 6 socialmedia","Data from outlawdb (https://outlawdb.com/en/gta-6/businesses), derived from GTA Wiki, CC BY-SA 3.0."
"business","Whirlwind Insurance","","whirlwind-insurance","insurance","insurance","Whirlwind Insurance is a insurance listed for GTA 6 on the GTA Fandom wiki.","Whirlwind Insurance appears on the GTA Fandom wiki as a Grand Theft Auto VI business. The wiki describes it as a insurance. The wiki marks its story status as active. Grand Theft Auto VI has not released and Rockstar has published no list of its own, so this entry records what the wiki says and does not treat it as confirmed.","Business type: insurance;Story status: active;Source: GTA Fandom wiki, via outlawdb","","","","COMMUNITY_IDENTIFIED","TIER_3_COMMUNITY","https://gta.fandom.com/wiki/Whirlwind_Insurance","2026-09-13","LOW","NO","","gta 6 whirlwind insurance;whirlwind insurance gta 6;gta 6 insurance","Data from outlawdb (https://outlawdb.com/en/gta-6/businesses), derived from GTA Wiki, CC BY-SA 3.0."
"business","Whitewolf Knives & Tools","","whitewolf-knives-tools","tools","tools","Whitewolf Knives & Tools are toolss listed for GTA 6 on the GTA Fandom wiki.","Whitewolf Knives & Tools appear on the GTA Fandom wiki as a Grand Theft Auto VI business. The wiki describes it as a tools. The wiki marks its story status as active. Grand Theft Auto VI has not released and Rockstar has published no list of its own, so this entry records what the wiki says and does not treat it as confirmed.","Business type: tools;Story status: active;Source: GTA Fandom wiki, via outlawdb","","","","COMMUNITY_IDENTIFIED","TIER_3_COMMUNITY","https://gta.fandom.com/wiki/Whitewolf","2026-09-13","LOW","NO","","gta 6 whitewolf knives & tools;whitewolf knives & tools gta 6;gta 6 tools","Data from outlawdb (https://outlawdb.com/en/gta-6/businesses), derived from GTA Wiki, CC BY-SA 3.0."
"business","Whiz Wireless Communication","","whiz-wireless-communication","phone","phone","Whiz Wireless Communication is a phone listed for GTA 6 on the GTA Fandom wiki.","Whiz Wireless Communication appears on the GTA Fandom wiki as a Grand Theft Auto VI business. The wiki describes it as a phone. The wiki lists it across 2 places in the series: Port Gellhorn, Leonida (See more). Leonida, Key Lento and Vice City are the GTA 6 entries in that list. The wiki marks its story status as active. Grand Theft Auto VI has not released and Rockstar has published no list of its own, so this entry records what the wiki says and does not treat it as confirmed.","Business type: phone;Listed locations: Port Gellhorn, Leonida (See more);Story status: active;Source: GTA Fandom wiki, via outlawdb","","","","COMMUNITY_IDENTIFIED","TIER_3_COMMUNITY","https://gta.fandom.com/wiki/Whiz","2026-09-13","LOW","NO","","gta 6 whiz wireless communication;whiz wireless communication gta 6;gta 6 phone","Data from outlawdb (https://outlawdb.com/en/gta-6/businesses), derived from GTA Wiki, CC BY-SA 3.0."
"business","Willard","","willard","vehicles","vehicles","Willard is a vehicles listed for GTA 6 on the GTA Fandom wiki.","Willard appears on the GTA Fandom wiki as a Grand Theft Auto VI business. The wiki describes it as a vehicles. The wiki lists it across 2 places in the series: Liberty City, Liberty. None of those entries name a GTA 6 location, so the GTA 6 listing rests on the wiki alone. The wiki marks its story status as active. Grand Theft Auto VI has not released and Rockstar has published no list of its own, so this entry records what the wiki says and does not treat it as confirmed.","Business type: vehicles;Listed locations: Liberty City, Liberty;Story status: active;Source: GTA Fandom wiki, via outlawdb","","","","COMMUNITY_IDENTIFIED","TIER_3_COMMUNITY","https://gta.fandom.com/wiki/Willard_(HD_Universe_manufacturer)","2026-09-13","LOW","NO","","gta 6 willard;willard gta 6;gta 6 vehicles","Data from outlawdb (https://outlawdb.com/en/gta-6/businesses), derived from GTA Wiki, CC BY-SA 3.0."
"business","Xero Gas","Xero","xero-gas","gasoline","gasoline","Xero Gas is a gasoline listed for GTA 6 on the GTA Fandom wiki.","Xero Gas appears on the GTA Fandom wiki as a Grand Theft Auto VI business. The wiki describes it as a gasoline. It is also called Xero. The wiki lists it across 9 places in the series: Liberty City, Liberty, Alderney, Los Santos, San Andreas, Vice City, Leonida, Ambrosia County, Leonida (See more). Leonida, Key Lento and Vice City are the GTA 6 entries in that list. The wiki marks its story status as active. Grand Theft Auto VI has not released and Rockstar has published no list of its own, so this entry records what the wiki says and does not treat it as confirmed.","Business type: gasoline;Listed locations: Liberty City, Liberty, Alderney, Los Santos, San Andreas, Vice City, Leonida, Ambrosia County, Leonida (See more);Story status: active;Source: GTA Fandom wiki, via outlawdb","","","","COMMUNITY_IDENTIFIED","TIER_3_COMMUNITY","https://gta.fandom.com/wiki/Xero","2026-09-13","LOW","NO","","gta 6 xero gas;xero gas gta 6;gta 6 gasoline","Data from outlawdb (https://outlawdb.com/en/gta-6/businesses), derived from GTA Wiki, CC BY-SA 3.0."
"business","Yukon Tobacco Chew","","yukon-tobacco-chew","tobacco","tobacco","Yukon Tobacco Chew is a tobacco listed for GTA 6 on the GTA Fandom wiki.","Yukon Tobacco Chew appears on the GTA Fandom wiki as a Grand Theft Auto VI business. The wiki describes it as a tobacco. The wiki marks its story status as active. Grand Theft Auto VI has not released and Rockstar has published no list of its own, so this entry records what the wiki says and does not treat it as confirmed.","Business type: tobacco;Story status: active;Source: GTA Fandom wiki, via outlawdb","","","","COMMUNITY_IDENTIFIED","TIER_3_COMMUNITY","https://gta.fandom.com/wiki/Yukon","2026-09-13","LOW","NO","","gta 6 yukon tobacco chew;yukon tobacco chew gta 6;gta 6 tobacco","Data from outlawdb (https://outlawdb.com/en/gta-6/businesses), derived from GTA Wiki, CC BY-SA 3.0."
"business","Zesta","","zesta","drink","drink","Zesta is a drink listed for GTA 6 on the GTA Fandom wiki.","Zesta appears on the GTA Fandom wiki as a Grand Theft Auto VI business. The wiki describes it as a drink. The wiki marks its story status as active. Grand Theft Auto VI has not released and Rockstar has published no list of its own, so this entry records what the wiki says and does not treat it as confirmed.","Business type: drink;Story status: active;Source: GTA Fandom wiki, via outlawdb","","","","COMMUNITY_IDENTIFIED","TIER_3_COMMUNITY","https://gta.fandom.com/wiki/Zesta","2026-09-13","LOW","NO","","gta 6 zesta;zesta gta 6;gta 6 drink","Data from outlawdb (https://outlawdb.com/en/gta-6/businesses), derived from GTA Wiki, CC BY-SA 3.0."
"business","Zirconium","","zirconium","vehicles","vehicles","Zirconium is a vehicles listed for GTA 6 on the GTA Fandom wiki.","Zirconium appears on the GTA Fandom wiki as a Grand Theft Auto VI business. The wiki describes it as a vehicles. The wiki lists it across 3 places in the series: Zirconium Building, Liberty City, Liberty. None of those entries name a GTA 6 location, so the GTA 6 listing rests on the wiki alone. Grand Theft Auto VI has not released and Rockstar has published no list of its own, so this entry records what the wiki says and does not treat it as confirmed.","Business type: vehicles;Listed locations: Zirconium Building, Liberty City, Liberty;Source: GTA Fandom wiki, via outlawdb","","","","COMMUNITY_IDENTIFIED","TIER_3_COMMUNITY","https://gta.fandom.com/wiki/Zirconium","2026-09-13","LOW","NO","","gta 6 zirconium;zirconium gta 6;gta 6 vehicles","Data from outlawdb (https://outlawdb.com/en/gta-6/businesses), derived from GTA Wiki, CC BY-SA 3.0."
