"entity_type","name","alt_names","slug","category","subcategory","short_description","long_description","key_facts","real_world_basis","first_shown_in","first_shown_date","confirmed_status","source_tier","source_url","source_date","confidence","official_image_exists","related_entities","search_terms","notes"
"landmark","Allied Crystal Sugar Refinery","","allied-crystal-sugar-refinery","factory","","Allied Crystal Sugar Refinery is a factory listed for GTA 6 on the GTA Fandom wiki.","Allied Crystal Sugar Refinery appears on the GTA Fandom wiki as a Grand Theft Auto VI landmark. The wiki files it as a factory. It is a single site rather than an area. No coordinates, no district boundary and no in-game address are given with it. Grand Theft Auto VI has not released and Rockstar has published no list of its own, so this entry records what the wiki says and does not treat it as confirmed.","Place type: factory;Scope: single site;Coordinates: not given;Source: GTA Fandom wiki, via outlawdb","","","","COMMUNITY_IDENTIFIED","TIER_3_COMMUNITY","https://gta.fandom.com/wiki/Allied_Crystal_Sugar_Refinery","2026-09-13","LOW","NO","","gta 6 allied crystal sugar refinery;allied crystal sugar refinery gta 6;where is allied crystal sugar refinery gta 6","Data from outlawdb (https://outlawdb.com/en/gta-6/places), derived from GTA Wiki, CC BY-SA 3.0."
"landmark","Ambrosia Raceway Park","","ambrosia-raceway-park","","","Ambrosia Raceway Park is a place listed for GTA 6 on the GTA Fandom wiki.","Ambrosia Raceway Park appears on the GTA Fandom wiki as a Grand Theft Auto VI landmark. The wiki gives no place type for it. It is a single site rather than an area. No coordinates, no district boundary and no in-game address are given with it. Grand Theft Auto VI has not released and Rockstar has published no list of its own, so this entry records what the wiki says and does not treat it as confirmed.","Place type: not given;Scope: single site;Coordinates: not given;Source: GTA Fandom wiki, via outlawdb","","","","COMMUNITY_IDENTIFIED","TIER_3_COMMUNITY","https://gta.fandom.com/wiki/Ambrosia_Raceway_Park","2026-09-13","LOW","NO","","gta 6 ambrosia raceway park;ambrosia raceway park gta 6;where is ambrosia raceway park gta 6","Data from outlawdb (https://outlawdb.com/en/gta-6/places), derived from GTA Wiki, CC BY-SA 3.0."
"landmark","Animal Hospital of Key Lento","","animal-hospital-of-key-lento","hospital","","Animal Hospital of Key Lento is a hospital listed for GTA 6 on the GTA Fandom wiki.","Animal Hospital of Key Lento appears on the GTA Fandom wiki as a Grand Theft Auto VI landmark. The wiki files it as a hospital. It is a single site rather than an area. No coordinates, no district boundary and no in-game address are given with it. Grand Theft Auto VI has not released and Rockstar has published no list of its own, so this entry records what the wiki says and does not treat it as confirmed.","Place type: hospital;Scope: single site;Coordinates: not given;Source: GTA Fandom wiki, via outlawdb","","","","COMMUNITY_IDENTIFIED","TIER_3_COMMUNITY","https://gta.fandom.com/wiki/Animal_Hospital_of_Key_Lento","2026-09-13","LOW","NO","","gta 6 animal hospital of key lento;animal hospital of key lento gta 6;where is animal hospital of key lento gta 6","Data from outlawdb (https://outlawdb.com/en/gta-6/places), derived from GTA Wiki, CC BY-SA 3.0."
"landmark","Archez Footwear & Clothing","","archez-footwear-clothing","clothes shop","","Archez Footwear & Clothing is a clothes shop listed for GTA 6 on the GTA Fandom wiki.","Archez Footwear & Clothing appears on the GTA Fandom wiki as a Grand Theft Auto VI landmark. The wiki files it as a clothes shop. It is a single site rather than an area. No coordinates, no district boundary and no in-game address are given with it. Grand Theft Auto VI has not released and Rockstar has published no list of its own, so this entry records what the wiki says and does not treat it as confirmed.","Place type: clothes shop;Scope: single site;Coordinates: not given;Source: GTA Fandom wiki, via outlawdb","","","","COMMUNITY_IDENTIFIED","TIER_3_COMMUNITY","https://gta.fandom.com/wiki/Archez","2026-09-13","LOW","NO","","gta 6 archez footwear & clothing;archez footwear & clothing gta 6;where is archez footwear & clothing gta 6","Data from outlawdb (https://outlawdb.com/en/gta-6/places), derived from GTA Wiki, CC BY-SA 3.0."
"landmark","Archipelago","","archipelago","skyscraper","","Archipelago is a skyscraper listed for GTA 6 on the GTA Fandom wiki.","Archipelago appears on the GTA Fandom wiki as a Grand Theft Auto VI landmark. The wiki files it as a skyscraper. It is a single site rather than an area. No coordinates, no district boundary and no in-game address are given with it. Grand Theft Auto VI has not released and Rockstar has published no list of its own, so this entry records what the wiki says and does not treat it as confirmed.","Place type: skyscraper;Scope: single site;Coordinates: not given;Source: GTA Fandom wiki, via outlawdb","","","","COMMUNITY_IDENTIFIED","TIER_3_COMMUNITY","https://gta.fandom.com/wiki/Archipelago_(GTA_VI)","2026-09-13","LOW","NO","","gta 6 archipelago;archipelago gta 6;where is archipelago gta 6","Data from outlawdb (https://outlawdb.com/en/gta-6/places), derived from GTA Wiki, CC BY-SA 3.0."
"landmark","Atlantis Hotel","","atlantis-hotel","hotel","","Atlantis Hotel is a hotel listed for GTA 6 on the GTA Fandom wiki.","Atlantis Hotel appears on the GTA Fandom wiki as a Grand Theft Auto VI landmark. The wiki files it as a hotel. It is a single site rather than an area. No coordinates, no district boundary and no in-game address are given with it. Grand Theft Auto VI has not released and Rockstar has published no list of its own, so this entry records what the wiki says and does not treat it as confirmed.","Place type: hotel;Scope: single site;Coordinates: not given;Source: GTA Fandom wiki, via outlawdb","","","","COMMUNITY_IDENTIFIED","TIER_3_COMMUNITY","https://gta.fandom.com/wiki/Atlantis_Hotel","2026-09-13","LOW","NO","","gta 6 atlantis hotel;atlantis hotel gta 6;where is atlantis hotel gta 6","Data from outlawdb (https://outlawdb.com/en/gta-6/places), derived from GTA Wiki, CC BY-SA 3.0."
"landmark","Bayfront Heights","","bayfront-heights","hotel","","Bayfront Heights is a hotel listed for GTA 6 on the GTA Fandom wiki.","Bayfront Heights appear on the GTA Fandom wiki as a Grand Theft Auto VI landmark. The wiki files it as a hotel. It is a single site rather than an area. No coordinates, no district boundary and no in-game address are given with it. Grand Theft Auto VI has not released and Rockstar has published no list of its own, so this entry records what the wiki says and does not treat it as confirmed.","Place type: hotel;Scope: single site;Coordinates: not given;Source: GTA Fandom wiki, via outlawdb","","","","COMMUNITY_IDENTIFIED","TIER_3_COMMUNITY","https://gta.fandom.com/wiki/Bayfront_Heights","2026-09-13","LOW","NO","","gta 6 bayfront heights;bayfront heights gta 6;where is bayfront heights gta 6","Data from outlawdb (https://outlawdb.com/en/gta-6/places), derived from GTA Wiki, CC BY-SA 3.0."
"landmark","Beacon Theater","","beacon-theater","theater","","Beacon Theater is a theater listed for GTA 6 on the GTA Fandom wiki.","Beacon Theater appears on the GTA Fandom wiki as a Grand Theft Auto VI landmark. The wiki files it as a theater. It is a single site rather than an area. No coordinates, no district boundary and no in-game address are given with it. Grand Theft Auto VI has not released and Rockstar has published no list of its own, so this entry records what the wiki says and does not treat it as confirmed.","Place type: theater;Scope: single site;Coordinates: not given;Source: GTA Fandom wiki, via outlawdb","","","","COMMUNITY_IDENTIFIED","TIER_3_COMMUNITY","https://gta.fandom.com/wiki/Beacon_Theater_(GTA_VI)","2026-09-13","LOW","NO","","gta 6 beacon theater;beacon theater gta 6;where is beacon theater gta 6","Data from outlawdb (https://outlawdb.com/en/gta-6/places), derived from GTA Wiki, CC BY-SA 3.0."
"landmark","Bite House","","bite-house","restaurant","","Bite House is a restaurant listed for GTA 6 on the GTA Fandom wiki.","Bite House appears on the GTA Fandom wiki as a Grand Theft Auto VI landmark. The wiki files it as a restaurant. It is a single site rather than an area. No coordinates, no district boundary and no in-game address are given with it. Grand Theft Auto VI has not released and Rockstar has published no list of its own, so this entry records what the wiki says and does not treat it as confirmed.","Place type: restaurant;Scope: single site;Coordinates: not given;Source: GTA Fandom wiki, via outlawdb","","","","COMMUNITY_IDENTIFIED","TIER_3_COMMUNITY","https://gta.fandom.com/wiki/Bite_House","2026-09-13","LOW","NO","","gta 6 bite house;bite house gta 6;where is bite house gta 6","Data from outlawdb (https://outlawdb.com/en/gta-6/places), derived from GTA Wiki, CC BY-SA 3.0."
"landmark","Boardwalk Hotel","","boardwalk-hotel","hotel","","Boardwalk Hotel is a hotel listed for GTA 6 on the GTA Fandom wiki.","Boardwalk Hotel appears on the GTA Fandom wiki as a Grand Theft Auto VI landmark. The wiki files it as a hotel. It is a single site rather than an area. No coordinates, no district boundary and no in-game address are given with it. Grand Theft Auto VI has not released and Rockstar has published no list of its own, so this entry records what the wiki says and does not treat it as confirmed.","Place type: hotel;Scope: single site;Coordinates: not given;Source: GTA Fandom wiki, via outlawdb","","","","COMMUNITY_IDENTIFIED","TIER_3_COMMUNITY","https://gta.fandom.com/wiki/Boardwalk_Hotel","2026-09-13","LOW","NO","","gta 6 boardwalk hotel;boardwalk hotel gta 6;where is boardwalk hotel gta 6","Data from outlawdb (https://outlawdb.com/en/gta-6/places), derived from GTA Wiki, CC BY-SA 3.0."
"landmark","Bocamar Bridge","","bocamar-bridge","bridge","","Bocamar Bridge is a bridge listed for GTA 6 on the GTA Fandom wiki.","Bocamar Bridge appears on the GTA Fandom wiki as a Grand Theft Auto VI landmark. The wiki files it as a bridge. It is a single site rather than an area. No coordinates, no district boundary and no in-game address are given with it. Grand Theft Auto VI has not released and Rockstar has published no list of its own, so this entry records what the wiki says and does not treat it as confirmed.","Place type: bridge;Scope: single site;Coordinates: not given;Source: GTA Fandom wiki, via outlawdb","","","","COMMUNITY_IDENTIFIED","TIER_3_COMMUNITY","https://gta.fandom.com/wiki/Bocamar_Bridge","2026-09-13","LOW","NO","","gta 6 bocamar bridge;bocamar bridge gta 6;where is bocamar bridge gta 6","Data from outlawdb (https://outlawdb.com/en/gta-6/places), derived from GTA Wiki, CC BY-SA 3.0."
"landmark","Bohemia","","bohemia","","","Bohemia is a place listed for GTA 6 on the GTA Fandom wiki.","Bohemia appears on the GTA Fandom wiki as a Grand Theft Auto VI landmark. The wiki gives no place type for it. It is a single site rather than an area. No coordinates, no district boundary and no in-game address are given with it. Grand Theft Auto VI has not released and Rockstar has published no list of its own, so this entry records what the wiki says and does not treat it as confirmed.","Place type: not given;Scope: single site;Coordinates: not given;Source: GTA Fandom wiki, via outlawdb","","","","COMMUNITY_IDENTIFIED","TIER_3_COMMUNITY","https://gta.fandom.com/wiki/Bohemia","2026-09-13","LOW","NO","","gta 6 bohemia;bohemia gta 6;where is bohemia gta 6","Data from outlawdb (https://outlawdb.com/en/gta-6/places), derived from GTA Wiki, CC BY-SA 3.0."
"landmark","Boone Speedway","","boone-speedway","","","Boone Speedway is a place listed for GTA 6 on the GTA Fandom wiki.","Boone Speedway appears on the GTA Fandom wiki as a Grand Theft Auto VI landmark. The wiki gives no place type for it. It is a single site rather than an area. No coordinates, no district boundary and no in-game address are given with it. Grand Theft Auto VI has not released and Rockstar has published no list of its own, so this entry records what the wiki says and does not treat it as confirmed.","Place type: not given;Scope: single site;Coordinates: not given;Source: GTA Fandom wiki, via outlawdb","","","","COMMUNITY_IDENTIFIED","TIER_3_COMMUNITY","https://gta.fandom.com/wiki/Boone_Speedway","2026-09-13","LOW","NO","","gta 6 boone speedway;boone speedway gta 6;where is boone speedway gta 6","Data from outlawdb (https://outlawdb.com/en/gta-6/places), derived from GTA Wiki, CC BY-SA 3.0."
"landmark","Brian's Boat Works & Marina","","brians-boat-works-marina","marina","","Brian's Boat Works & Marina is a marina listed for GTA 6 on the GTA Fandom wiki.","Brian's Boat Works & Marina appears on the GTA Fandom wiki as a Grand Theft Auto VI landmark. The wiki files it as a marina. It is a single site rather than an area. No coordinates, no district boundary and no in-game address are given with it. Grand Theft Auto VI has not released and Rockstar has published no list of its own, so this entry records what the wiki says and does not treat it as confirmed.","Place type: marina;Scope: single site;Coordinates: not given;Source: GTA Fandom wiki, via outlawdb","","","","COMMUNITY_IDENTIFIED","TIER_3_COMMUNITY","https://gta.fandom.com/wiki/Brian's_Boat_Works_%26_Marina","2026-09-13","LOW","NO","","gta 6 brian's boat works & marina;brian's boat works & marina gta 6;where is brian's boat works & marina gta 6","Data from outlawdb (https://outlawdb.com/en/gta-6/places), derived from GTA Wiki, CC BY-SA 3.0."
"landmark","Burnout Scooters","","burnout-scooters","dealership","","Burnout Scooters is a dealership listed for GTA 6 on the GTA Fandom wiki.","Burnout Scooters appear on the GTA Fandom wiki as a Grand Theft Auto VI landmark. The wiki files it as a dealership. It is a single site rather than an area. No coordinates, no district boundary and no in-game address are given with it. Grand Theft Auto VI has not released and Rockstar has published no list of its own, so this entry records what the wiki says and does not treat it as confirmed.","Place type: dealership;Scope: single site;Coordinates: not given;Source: GTA Fandom wiki, via outlawdb","","","","COMMUNITY_IDENTIFIED","TIER_3_COMMUNITY","https://gta.fandom.com/wiki/Burnout_Scooters","2026-09-13","LOW","NO","","gta 6 burnout scooters;burnout scooters gta 6;where is burnout scooters gta 6","Data from outlawdb (https://outlawdb.com/en/gta-6/places), derived from GTA Wiki, CC BY-SA 3.0."
"landmark","Capri","","capri","","","Capri is a place listed for GTA 6 on the GTA Fandom wiki.","Capri appears on the GTA Fandom wiki as a Grand Theft Auto VI landmark. The wiki gives no place type for it. It is a single site rather than an area. No coordinates, no district boundary and no in-game address are given with it. Grand Theft Auto VI has not released and Rockstar has published no list of its own, so this entry records what the wiki says and does not treat it as confirmed.","Place type: not given;Scope: single site;Coordinates: not given;Source: GTA Fandom wiki, via outlawdb","","","","COMMUNITY_IDENTIFIED","TIER_3_COMMUNITY","https://gta.fandom.com/wiki/Capri","2026-09-13","LOW","NO","","gta 6 capri;capri gta 6;where is capri gta 6","Data from outlawdb (https://outlawdb.com/en/gta-6/places), derived from GTA Wiki, CC BY-SA 3.0."
"landmark","Car Wash","","car-wash","carwash","","Car Wash is a carwash listed for GTA 6 on the GTA Fandom wiki.","Car Wash appears on the GTA Fandom wiki as a Grand Theft Auto VI landmark. The wiki files it as a carwash. It is a single site rather than an area. No coordinates, no district boundary and no in-game address are given with it. Grand Theft Auto VI has not released and Rockstar has published no list of its own, so this entry records what the wiki says and does not treat it as confirmed.","Place type: carwash;Scope: single site;Coordinates: not given;Source: GTA Fandom wiki, via outlawdb","","","","COMMUNITY_IDENTIFIED","TIER_3_COMMUNITY","https://gta.fandom.com/wiki/Car_Wash_(Port_Gellhorn)","2026-09-13","LOW","NO","","gta 6 car wash;car wash gta 6;where is car wash gta 6","Data from outlawdb (https://outlawdb.com/en/gta-6/places), derived from GTA Wiki, CC BY-SA 3.0."
"landmark","Chip's Body Shop","","chips-body-shop","mod shop","","Chip's Body Shop is a mod shop listed for GTA 6 on the GTA Fandom wiki.","Chip's Body Shop appears on the GTA Fandom wiki as a Grand Theft Auto VI landmark. The wiki files it as a mod shop. It is a single site rather than an area. No coordinates, no district boundary and no in-game address are given with it. Grand Theft Auto VI has not released and Rockstar has published no list of its own, so this entry records what the wiki says and does not treat it as confirmed.","Place type: mod shop;Scope: single site;Coordinates: not given;Source: GTA Fandom wiki, via outlawdb","","","","COMMUNITY_IDENTIFIED","TIER_3_COMMUNITY","https://gta.fandom.com/wiki/Chip's_Body_Shop","2026-09-13","LOW","NO","","gta 6 chip's body shop;chip's body shop gta 6;where is chip's body shop gta 6","Data from outlawdb (https://outlawdb.com/en/gta-6/places), derived from GTA Wiki, CC BY-SA 3.0."
"landmark","Cipher Mall","","cipher-mall","shopping center","","Cipher Mall is a shopping center listed for GTA 6 on the GTA Fandom wiki.","Cipher Mall appears on the GTA Fandom wiki as a Grand Theft Auto VI landmark. The wiki files it as a shopping center. It is a single site rather than an area. No coordinates, no district boundary and no in-game address are given with it. Grand Theft Auto VI has not released and Rockstar has published no list of its own, so this entry records what the wiki says and does not treat it as confirmed.","Place type: shopping center;Scope: single site;Coordinates: not given;Source: GTA Fandom wiki, via outlawdb","","","","COMMUNITY_IDENTIFIED","TIER_3_COMMUNITY","https://gta.fandom.com/wiki/Cipher_Mall","2026-09-13","LOW","NO","","gta 6 cipher mall;cipher mall gta 6;where is cipher mall gta 6","Data from outlawdb (https://outlawdb.com/en/gta-6/places), derived from GTA Wiki, CC BY-SA 3.0."
"landmark","Cordelia Hotel","","cordelia-hotel","hotel","","Cordelia Hotel is a hotel listed for GTA 6 on the GTA Fandom wiki.","Cordelia Hotel appears on the GTA Fandom wiki as a Grand Theft Auto VI landmark. The wiki files it as a hotel. It is a single site rather than an area. No coordinates, no district boundary and no in-game address are given with it. Grand Theft Auto VI has not released and Rockstar has published no list of its own, so this entry records what the wiki says and does not treat it as confirmed.","Place type: hotel;Scope: single site;Coordinates: not given;Source: GTA Fandom wiki, via outlawdb","","","","COMMUNITY_IDENTIFIED","TIER_3_COMMUNITY","https://gta.fandom.com/wiki/Cordelia_Hotel","2026-09-13","LOW","NO","","gta 6 cordelia hotel;cordelia hotel gta 6;where is cordelia hotel gta 6","Data from outlawdb (https://outlawdb.com/en/gta-6/places), derived from GTA Wiki, CC BY-SA 3.0."
"landmark","Cortez Hotel","","cortez-hotel","hotel","","Cortez Hotel is a hotel listed for GTA 6 on the GTA Fandom wiki.","Cortez Hotel appears on the GTA Fandom wiki as a Grand Theft Auto VI landmark. The wiki files it as a hotel. It is a single site rather than an area. No coordinates, no district boundary and no in-game address are given with it. Grand Theft Auto VI has not released and Rockstar has published no list of its own, so this entry records what the wiki says and does not treat it as confirmed.","Place type: hotel;Scope: single site;Coordinates: not given;Source: GTA Fandom wiki, via outlawdb","","","","COMMUNITY_IDENTIFIED","TIER_3_COMMUNITY","https://gta.fandom.com/wiki/Cortez_Hotel","2026-09-13","LOW","NO","","gta 6 cortez hotel;cortez hotel gta 6;where is cortez hotel gta 6","Data from outlawdb (https://outlawdb.com/en/gta-6/places), derived from GTA Wiki, CC BY-SA 3.0."
"landmark","Crescent","","crescent","","","Crescent is a place listed for GTA 6 on the GTA Fandom wiki.","Crescent appears on the GTA Fandom wiki as a Grand Theft Auto VI landmark. The wiki gives no place type for it. It is a single site rather than an area. No coordinates, no district boundary and no in-game address are given with it. Grand Theft Auto VI has not released and Rockstar has published no list of its own, so this entry records what the wiki says and does not treat it as confirmed.","Place type: not given;Scope: single site;Coordinates: not given;Source: GTA Fandom wiki, via outlawdb","","","","COMMUNITY_IDENTIFIED","TIER_3_COMMUNITY","https://gta.fandom.com/wiki/Crescent_(GTA_VI)","2026-09-13","LOW","NO","","gta 6 crescent;crescent gta 6;where is crescent gta 6","Data from outlawdb (https://outlawdb.com/en/gta-6/places), derived from GTA Wiki, CC BY-SA 3.0."
"landmark","Crossroad Park Minimall","","crossroad-park-minimall","shopping center","","Crossroad Park Minimall is a shopping center listed for GTA 6 on the GTA Fandom wiki.","Crossroad Park Minimall appears on the GTA Fandom wiki as a Grand Theft Auto VI landmark. The wiki files it as a shopping center. It is a single site rather than an area. No coordinates, no district boundary and no in-game address are given with it. Grand Theft Auto VI has not released and Rockstar has published no list of its own, so this entry records what the wiki says and does not treat it as confirmed.","Place type: shopping center;Scope: single site;Coordinates: not given;Source: GTA Fandom wiki, via outlawdb","","","","COMMUNITY_IDENTIFIED","TIER_3_COMMUNITY","https://gta.fandom.com/wiki/Crossroad_Park_Minimall","2026-09-13","LOW","NO","","gta 6 crossroad park minimall;crossroad park minimall gta 6;where is crossroad park minimall gta 6","Data from outlawdb (https://outlawdb.com/en/gta-6/places), derived from GTA Wiki, CC BY-SA 3.0."
"landmark","Daiquiri Republic","","daiquiri-republic","","","Daiquiri Republic is a place listed for GTA 6 on the GTA Fandom wiki.","Daiquiri Republic appears on the GTA Fandom wiki as a Grand Theft Auto VI landmark. The wiki gives no place type for it. It is a single site rather than an area. No coordinates, no district boundary and no in-game address are given with it. Grand Theft Auto VI has not released and Rockstar has published no list of its own, so this entry records what the wiki says and does not treat it as confirmed.","Place type: not given;Scope: single site;Coordinates: not given;Source: GTA Fandom wiki, via outlawdb","","","","COMMUNITY_IDENTIFIED","TIER_3_COMMUNITY","https://gta.fandom.com/wiki/Daiquiri_Republic","2026-09-13","LOW","NO","","gta 6 daiquiri republic;daiquiri republic gta 6;where is daiquiri republic gta 6","Data from outlawdb (https://outlawdb.com/en/gta-6/places), derived from GTA Wiki, CC BY-SA 3.0."
"landmark","Delights Cabaret","","delights-cabaret","strip club","","Delights Cabaret is a strip club listed for GTA 6 on the GTA Fandom wiki.","Delights Cabaret appears on the GTA Fandom wiki as a Grand Theft Auto VI landmark. The wiki files it as a strip club. It is a single site rather than an area. No coordinates, no district boundary and no in-game address are given with it. Grand Theft Auto VI has not released and Rockstar has published no list of its own, so this entry records what the wiki says and does not treat it as confirmed.","Place type: strip club;Scope: single site;Coordinates: not given;Source: GTA Fandom wiki, via outlawdb","","","","COMMUNITY_IDENTIFIED","TIER_3_COMMUNITY","https://gta.fandom.com/wiki/Delights","2026-09-13","LOW","NO","","gta 6 delights cabaret;delights cabaret gta 6;where is delights cabaret gta 6","Data from outlawdb (https://outlawdb.com/en/gta-6/places), derived from GTA Wiki, CC BY-SA 3.0."
"landmark","Dominion Hotel","","dominion-hotel","hotel","","Dominion Hotel is a hotel listed for GTA 6 on the GTA Fandom wiki.","Dominion Hotel appears on the GTA Fandom wiki as a Grand Theft Auto VI landmark. The wiki files it as a hotel. It is a single site rather than an area. No coordinates, no district boundary and no in-game address are given with it. Grand Theft Auto VI has not released and Rockstar has published no list of its own, so this entry records what the wiki says and does not treat it as confirmed.","Place type: hotel;Scope: single site;Coordinates: not given;Source: GTA Fandom wiki, via outlawdb","","","","COMMUNITY_IDENTIFIED","TIER_3_COMMUNITY","https://gta.fandom.com/wiki/Dominion_Hotel","2026-09-13","LOW","NO","","gta 6 dominion hotel;dominion hotel gta 6;where is dominion hotel gta 6","Data from outlawdb (https://outlawdb.com/en/gta-6/places), derived from GTA Wiki, CC BY-SA 3.0."
"landmark","E. Eagle","","e-eagle","sign","","E. Eagle is a sign listed for GTA 6 on the GTA Fandom wiki.","E. Eagle appears on the GTA Fandom wiki as a Grand Theft Auto VI landmark. The wiki files it as a sign. It is a single site rather than an area. No coordinates, no district boundary and no in-game address are given with it. Grand Theft Auto VI has not released and Rockstar has published no list of its own, so this entry records what the wiki says and does not treat it as confirmed.","Place type: sign;Scope: single site;Coordinates: not given;Source: GTA Fandom wiki, via outlawdb","","","","COMMUNITY_IDENTIFIED","TIER_3_COMMUNITY","https://gta.fandom.com/wiki/E._Eagle","2026-09-13","LOW","NO","","gta 6 e. eagle;e. eagle gta 6;where is e. eagle gta 6","Data from outlawdb (https://outlawdb.com/en/gta-6/places), derived from GTA Wiki, CC BY-SA 3.0."
"landmark","East Key","","east-key","","","East Key is a place listed for GTA 6 on the GTA Fandom wiki.","East Key appears on the GTA Fandom wiki as a Grand Theft Auto VI landmark. The wiki gives no place type for it. It is a single site rather than an area. No coordinates, no district boundary and no in-game address are given with it. Grand Theft Auto VI has not released and Rockstar has published no list of its own, so this entry records what the wiki says and does not treat it as confirmed.","Place type: not given;Scope: single site;Coordinates: not given;Source: GTA Fandom wiki, via outlawdb","","","","COMMUNITY_IDENTIFIED","TIER_3_COMMUNITY","https://gta.fandom.com/wiki/East_Key","2026-09-13","LOW","NO","","gta 6 east key;east key gta 6;where is east key gta 6","Data from outlawdb (https://outlawdb.com/en/gta-6/places), derived from GTA Wiki, CC BY-SA 3.0."
"landmark","Easy Inn","","easy-inn","hotel","","Easy Inn is a hotel listed for GTA 6 on the GTA Fandom wiki.","Easy Inn appears on the GTA Fandom wiki as a Grand Theft Auto VI landmark. The wiki files it as a hotel. It is a single site rather than an area. No coordinates, no district boundary and no in-game address are given with it. Grand Theft Auto VI has not released and Rockstar has published no list of its own, so this entry records what the wiki says and does not treat it as confirmed.","Place type: hotel;Scope: single site;Coordinates: not given;Source: GTA Fandom wiki, via outlawdb","","","","COMMUNITY_IDENTIFIED","TIER_3_COMMUNITY","https://gta.fandom.com/wiki/Easy_Inn","2026-09-13","LOW","NO","","gta 6 easy inn;easy inn gta 6;where is easy inn gta 6","Data from outlawdb (https://outlawdb.com/en/gta-6/places), derived from GTA Wiki, CC BY-SA 3.0."
"landmark","Firefly Plaza","","firefly-plaza","apartment","","Firefly Plaza is a apartment listed for GTA 6 on the GTA Fandom wiki.","Firefly Plaza appears on the GTA Fandom wiki as a Grand Theft Auto VI landmark. The wiki files it as a apartment. It is a single site rather than an area. No coordinates, no district boundary and no in-game address are given with it. Grand Theft Auto VI has not released and Rockstar has published no list of its own, so this entry records what the wiki says and does not treat it as confirmed.","Place type: apartment;Scope: single site;Coordinates: not given;Source: GTA Fandom wiki, via outlawdb","","","","COMMUNITY_IDENTIFIED","TIER_3_COMMUNITY","https://gta.fandom.com/wiki/Firefly_Plaza","2026-09-13","LOW","NO","","gta 6 firefly plaza;firefly plaza gta 6;where is firefly plaza gta 6","Data from outlawdb (https://outlawdb.com/en/gta-6/places), derived from GTA Wiki, CC BY-SA 3.0."
"landmark","Fleeca Field","","fleeca-field","stadium","","Fleeca Field is a stadium listed for GTA 6 on the GTA Fandom wiki.","Fleeca Field appears on the GTA Fandom wiki as a Grand Theft Auto VI landmark. The wiki files it as a stadium. It is a single site rather than an area. No coordinates, no district boundary and no in-game address are given with it. Grand Theft Auto VI has not released and Rockstar has published no list of its own, so this entry records what the wiki says and does not treat it as confirmed.","Place type: stadium;Scope: single site;Coordinates: not given;Source: GTA Fandom wiki, via outlawdb","","","","COMMUNITY_IDENTIFIED","TIER_3_COMMUNITY","https://gta.fandom.com/wiki/Fleeca_Field","2026-09-13","LOW","NO","","gta 6 fleeca field;fleeca field gta 6;where is fleeca field gta 6","Data from outlawdb (https://outlawdb.com/en/gta-6/places), derived from GTA Wiki, CC BY-SA 3.0."
"landmark","Gellhorn International Raceway","","gellhorn-international-raceway","racetrack","","Gellhorn International Raceway is a racetrack listed for GTA 6 on the GTA Fandom wiki.","Gellhorn International Raceway appears on the GTA Fandom wiki as a Grand Theft Auto VI landmark. The wiki files it as a racetrack. It is a single site rather than an area. No coordinates, no district boundary and no in-game address are given with it. Grand Theft Auto VI has not released and Rockstar has published no list of its own, so this entry records what the wiki says and does not treat it as confirmed.","Place type: racetrack;Scope: single site;Coordinates: not given;Source: GTA Fandom wiki, via outlawdb","","","","COMMUNITY_IDENTIFIED","TIER_3_COMMUNITY","https://gta.fandom.com/wiki/Gellhorn_International_Raceway","2026-09-13","LOW","NO","","gta 6 gellhorn international raceway;gellhorn international raceway gta 6;where is gellhorn international raceway gta 6","Data from outlawdb (https://outlawdb.com/en/gta-6/places), derived from GTA Wiki, CC BY-SA 3.0."
"landmark","Gellhorn Roadhouse","","gellhorn-roadhouse","restaurant","","Gellhorn Roadhouse is a restaurant listed for GTA 6 on the GTA Fandom wiki.","Gellhorn Roadhouse appears on the GTA Fandom wiki as a Grand Theft Auto VI landmark. The wiki files it as a restaurant. It is a single site rather than an area. No coordinates, no district boundary and no in-game address are given with it. Grand Theft Auto VI has not released and Rockstar has published no list of its own, so this entry records what the wiki says and does not treat it as confirmed.","Place type: restaurant;Scope: single site;Coordinates: not given;Source: GTA Fandom wiki, via outlawdb","","","","COMMUNITY_IDENTIFIED","TIER_3_COMMUNITY","https://gta.fandom.com/wiki/Gellhorn_Roadhouse","2026-09-13","LOW","NO","","gta 6 gellhorn roadhouse;gellhorn roadhouse gta 6;where is gellhorn roadhouse gta 6","Data from outlawdb (https://outlawdb.com/en/gta-6/places), derived from GTA Wiki, CC BY-SA 3.0."
"landmark","Gulf of Mexico","","gulf-of-mexico","","","Gulf of Mexico is a place listed for GTA 6 on the GTA Fandom wiki.","Gulf of Mexico appears on the GTA Fandom wiki as a Grand Theft Auto VI landmark. The wiki gives no place type for it. It is a single site rather than an area. No coordinates, no district boundary and no in-game address are given with it. Grand Theft Auto VI has not released and Rockstar has published no list of its own, so this entry records what the wiki says and does not treat it as confirmed.","Place type: not given;Scope: single site;Coordinates: not given;Source: GTA Fandom wiki, via outlawdb","","","","COMMUNITY_IDENTIFIED","TIER_3_COMMUNITY","https://gta.fandom.com/wiki/Gulf_of_Mexico","2026-09-13","LOW","NO","","gta 6 gulf of mexico;gulf of mexico gta 6;where is gulf of mexico gta 6","Data from outlawdb (https://outlawdb.com/en/gta-6/places), derived from GTA Wiki, CC BY-SA 3.0."
"landmark","Haitian-American Cultural Center","","haitian-american-cultural-center","performingarts","","Haitian-American Cultural Center is a performingarts listed for GTA 6 on the GTA Fandom wiki.","Haitian-American Cultural Center appears on the GTA Fandom wiki as a Grand Theft Auto VI landmark. The wiki files it as a performingarts. It is a single site rather than an area. No coordinates, no district boundary and no in-game address are given with it. Grand Theft Auto VI has not released and Rockstar has published no list of its own, so this entry records what the wiki says and does not treat it as confirmed.","Place type: performingarts;Scope: single site;Coordinates: not given;Source: GTA Fandom wiki, via outlawdb","","","","COMMUNITY_IDENTIFIED","TIER_3_COMMUNITY","https://gta.fandom.com/wiki/Haitian-American_Cultural_Center","2026-09-13","LOW","NO","","gta 6 haitian-american cultural center;haitian-american cultural center gta 6;where is haitian-american cultural center gta 6","Data from outlawdb (https://outlawdb.com/en/gta-6/places), derived from GTA Wiki, CC BY-SA 3.0."
"landmark","Hamlet Water Tower","","hamlet-water-tower","water supply","","Hamlet Water Tower is a water supply listed for GTA 6 on the GTA Fandom wiki.","Hamlet Water Tower appears on the GTA Fandom wiki as a Grand Theft Auto VI landmark. The wiki files it as a water supply. It is a single site rather than an area. No coordinates, no district boundary and no in-game address are given with it. Grand Theft Auto VI has not released and Rockstar has published no list of its own, so this entry records what the wiki says and does not treat it as confirmed.","Place type: water supply;Scope: single site;Coordinates: not given;Source: GTA Fandom wiki, via outlawdb","","","","COMMUNITY_IDENTIFIED","TIER_3_COMMUNITY","https://gta.fandom.com/wiki/Hamlet_Water_Tower","2026-09-13","LOW","NO","","gta 6 hamlet water tower;hamlet water tower gta 6;where is hamlet water tower gta 6","Data from outlawdb (https://outlawdb.com/en/gta-6/places), derived from GTA Wiki, CC BY-SA 3.0."
"landmark","Hanks Waffles","","hanks-waffles","diner","","Hanks Waffles is a diner listed for GTA 6 on the GTA Fandom wiki.","Hanks Waffles appear on the GTA Fandom wiki as a Grand Theft Auto VI landmark. The wiki files it as a diner. It is a single site rather than an area. No coordinates, no district boundary and no in-game address are given with it. Grand Theft Auto VI has not released and Rockstar has published no list of its own, so this entry records what the wiki says and does not treat it as confirmed.","Place type: diner;Scope: single site;Coordinates: not given;Source: GTA Fandom wiki, via outlawdb","","","","COMMUNITY_IDENTIFIED","TIER_3_COMMUNITY","https://gta.fandom.com/wiki/Hanks_Waffles","2026-09-13","LOW","NO","","gta 6 hanks waffles;hanks waffles gta 6;where is hanks waffles gta 6","Data from outlawdb (https://outlawdb.com/en/gta-6/places), derived from GTA Wiki, CC BY-SA 3.0."
"landmark","Happy Nails","","happy-nails","salon","","Happy Nails is a salon listed for GTA 6 on the GTA Fandom wiki.","Happy Nails appear on the GTA Fandom wiki as a Grand Theft Auto VI landmark. The wiki files it as a salon. It is a single site rather than an area. No coordinates, no district boundary and no in-game address are given with it. Grand Theft Auto VI has not released and Rockstar has published no list of its own, so this entry records what the wiki says and does not treat it as confirmed.","Place type: salon;Scope: single site;Coordinates: not given;Source: GTA Fandom wiki, via outlawdb","","","","COMMUNITY_IDENTIFIED","TIER_3_COMMUNITY","https://gta.fandom.com/wiki/Happy_Nails","2026-09-13","LOW","NO","","gta 6 happy nails;happy nails gta 6;where is happy nails gta 6","Data from outlawdb (https://outlawdb.com/en/gta-6/places), derived from GTA Wiki, CC BY-SA 3.0."
"landmark","Hoodwinks Bar","","hoodwinks-bar","bar","","Hoodwinks Bar is a bar listed for GTA 6 on the GTA Fandom wiki.","Hoodwinks Bar appears on the GTA Fandom wiki as a Grand Theft Auto VI landmark. The wiki files it as a bar. It is a single site rather than an area. No coordinates, no district boundary and no in-game address are given with it. Grand Theft Auto VI has not released and Rockstar has published no list of its own, so this entry records what the wiki says and does not treat it as confirmed.","Place type: bar;Scope: single site;Coordinates: not given;Source: GTA Fandom wiki, via outlawdb","","","","COMMUNITY_IDENTIFIED","TIER_3_COMMUNITY","https://gta.fandom.com/wiki/Hoodwinks_Bar","2026-09-13","LOW","NO","","gta 6 hoodwinks bar;hoodwinks bar gta 6;where is hoodwinks bar gta 6","Data from outlawdb (https://outlawdb.com/en/gta-6/places), derived from GTA Wiki, CC BY-SA 3.0."
"landmark","Hotel Dixon","","hotel-dixon","hotel","","Hotel Dixon is a hotel listed for GTA 6 on the GTA Fandom wiki.","Hotel Dixon appears on the GTA Fandom wiki as a Grand Theft Auto VI landmark. The wiki files it as a hotel. It is a single site rather than an area. No coordinates, no district boundary and no in-game address are given with it. Grand Theft Auto VI has not released and Rockstar has published no list of its own, so this entry records what the wiki says and does not treat it as confirmed.","Place type: hotel;Scope: single site;Coordinates: not given;Source: GTA Fandom wiki, via outlawdb","","","","COMMUNITY_IDENTIFIED","TIER_3_COMMUNITY","https://gta.fandom.com/wiki/Hotel_Dixon","2026-09-13","LOW","NO","","gta 6 hotel dixon;hotel dixon gta 6;where is hotel dixon gta 6","Data from outlawdb (https://outlawdb.com/en/gta-6/places), derived from GTA Wiki, CC BY-SA 3.0."
"landmark","Hotel Valetta","","hotel-valetta","hotel","","Hotel Valetta is a hotel listed for GTA 6 on the GTA Fandom wiki.","Hotel Valetta appears on the GTA Fandom wiki as a Grand Theft Auto VI landmark. The wiki files it as a hotel. It is a single site rather than an area. No coordinates, no district boundary and no in-game address are given with it. Grand Theft Auto VI has not released and Rockstar has published no list of its own, so this entry records what the wiki says and does not treat it as confirmed.","Place type: hotel;Scope: single site;Coordinates: not given;Source: GTA Fandom wiki, via outlawdb","","","","COMMUNITY_IDENTIFIED","TIER_3_COMMUNITY","https://gta.fandom.com/wiki/Hotel_Valetta","2026-09-13","LOW","NO","","gta 6 hotel valetta;hotel valetta gta 6;where is hotel valetta gta 6","Data from outlawdb (https://outlawdb.com/en/gta-6/places), derived from GTA Wiki, CC BY-SA 3.0."
"landmark","Jeudy's Food Depot","","jeudys-food-depot","supermarket","","Jeudy's Food Depot is a supermarket listed for GTA 6 on the GTA Fandom wiki.","Jeudy's Food Depot appears on the GTA Fandom wiki as a Grand Theft Auto VI landmark. The wiki files it as a supermarket. It is a single site rather than an area. No coordinates, no district boundary and no in-game address are given with it. Grand Theft Auto VI has not released and Rockstar has published no list of its own, so this entry records what the wiki says and does not treat it as confirmed.","Place type: supermarket;Scope: single site;Coordinates: not given;Source: GTA Fandom wiki, via outlawdb","","","","COMMUNITY_IDENTIFIED","TIER_3_COMMUNITY","https://gta.fandom.com/wiki/Jeudy's_Food_Depot","2026-09-13","LOW","NO","","gta 6 jeudy's food depot;jeudy's food depot gta 6;where is jeudy's food depot gta 6","Data from outlawdb (https://outlawdb.com/en/gta-6/places), derived from GTA Wiki, CC BY-SA 3.0."
"landmark","Key Lento Safehouse","","key-lento-safehouse","stilt  house","","Key Lento Safehouse is a stilt  house listed for GTA 6 on the GTA Fandom wiki.","Key Lento Safehouse appears on the GTA Fandom wiki as a Grand Theft Auto VI landmark. The wiki files it as a stilt  house. It is a single site rather than an area. No coordinates, no district boundary and no in-game address are given with it. Grand Theft Auto VI has not released and Rockstar has published no list of its own, so this entry records what the wiki says and does not treat it as confirmed.","Place type: stilt  house;Scope: single site;Coordinates: not given;Source: GTA Fandom wiki, via outlawdb","","","","COMMUNITY_IDENTIFIED","TIER_3_COMMUNITY","https://gta.fandom.com/wiki/Key_Lento_Safehouse","2026-09-13","LOW","NO","","gta 6 key lento safehouse;key lento safehouse gta 6;where is key lento safehouse gta 6","Data from outlawdb (https://outlawdb.com/en/gta-6/places), derived from GTA Wiki, CC BY-SA 3.0."
"landmark","La Perle Caribbean Market","","la-perle-caribbean-market","marketplace","","La Perle Caribbean Market is a marketplace listed for GTA 6 on the GTA Fandom wiki.","La Perle Caribbean Market appears on the GTA Fandom wiki as a Grand Theft Auto VI landmark. The wiki files it as a marketplace. It is a single site rather than an area. No coordinates, no district boundary and no in-game address are given with it. Grand Theft Auto VI has not released and Rockstar has published no list of its own, so this entry records what the wiki says and does not treat it as confirmed.","Place type: marketplace;Scope: single site;Coordinates: not given;Source: GTA Fandom wiki, via outlawdb","","","","COMMUNITY_IDENTIFIED","TIER_3_COMMUNITY","https://gta.fandom.com/wiki/La_Perle_Caribbean_Market","2026-09-13","LOW","NO","","gta 6 la perle caribbean market;la perle caribbean market gta 6;where is la perle caribbean market gta 6","Data from outlawdb (https://outlawdb.com/en/gta-6/places), derived from GTA Wiki, CC BY-SA 3.0."
"landmark","Lombank Building","","lombank-building","office","","Lombank Building is a office listed for GTA 6 on the GTA Fandom wiki.","Lombank Building appears on the GTA Fandom wiki as a Grand Theft Auto VI landmark. The wiki files it as a office. It is a single site rather than an area. No coordinates, no district boundary and no in-game address are given with it. Grand Theft Auto VI has not released and Rockstar has published no list of its own, so this entry records what the wiki says and does not treat it as confirmed.","Place type: office;Scope: single site;Coordinates: not given;Source: GTA Fandom wiki, via outlawdb","","","","COMMUNITY_IDENTIFIED","TIER_3_COMMUNITY","https://gta.fandom.com/wiki/Lombank_Building_(GTA_VI)","2026-09-13","LOW","NO","","gta 6 lombank building;lombank building gta 6;where is lombank building gta 6","Data from outlawdb (https://outlawdb.com/en/gta-6/places), derived from GTA Wiki, CC BY-SA 3.0."
"landmark","Lou's","","lous","cafe","","Lou's is a cafe listed for GTA 6 on the GTA Fandom wiki.","Lou's appear on the GTA Fandom wiki as a Grand Theft Auto VI landmark. The wiki files it as a cafe. It is a single site rather than an area. No coordinates, no district boundary and no in-game address are given with it. Grand Theft Auto VI has not released and Rockstar has published no list of its own, so this entry records what the wiki says and does not treat it as confirmed.","Place type: cafe;Scope: single site;Coordinates: not given;Source: GTA Fandom wiki, via outlawdb","","","","COMMUNITY_IDENTIFIED","TIER_3_COMMUNITY","https://gta.fandom.com/wiki/Lou's","2026-09-13","LOW","NO","","gta 6 lou's;lou's gta 6;where is lou's gta 6","Data from outlawdb (https://outlawdb.com/en/gta-6/places), derived from GTA Wiki, CC BY-SA 3.0."
"landmark","Malibu Club","","malibu-club","night club","","Malibu Club is a night club listed for GTA 6 on the GTA Fandom wiki.","Malibu Club appears on the GTA Fandom wiki as a Grand Theft Auto VI landmark. The wiki files it as a night club. It is a single site rather than an area. No coordinates, no district boundary and no in-game address are given with it. Grand Theft Auto VI has not released and Rockstar has published no list of its own, so this entry records what the wiki says and does not treat it as confirmed.","Place type: night club;Scope: single site;Coordinates: not given;Source: GTA Fandom wiki, via outlawdb","","","","COMMUNITY_IDENTIFIED","TIER_3_COMMUNITY","https://gta.fandom.com/wiki/Malibu_Club_(HD_Universe)","2026-09-13","LOW","NO","","gta 6 malibu club;malibu club gta 6;where is malibu club gta 6","Data from outlawdb (https://outlawdb.com/en/gta-6/places), derived from GTA Wiki, CC BY-SA 3.0."
"landmark","Marco Wholesale Footwear","","marco-wholesale-footwear","clothes shop","","Marco Wholesale Footwear is a clothes shop listed for GTA 6 on the GTA Fandom wiki.","Marco Wholesale Footwear appears on the GTA Fandom wiki as a Grand Theft Auto VI landmark. The wiki files it as a clothes shop. It is a single site rather than an area. No coordinates, no district boundary and no in-game address are given with it. Grand Theft Auto VI has not released and Rockstar has published no list of its own, so this entry records what the wiki says and does not treat it as confirmed.","Place type: clothes shop;Scope: single site;Coordinates: not given;Source: GTA Fandom wiki, via outlawdb","","","","COMMUNITY_IDENTIFIED","TIER_3_COMMUNITY","https://gta.fandom.com/wiki/Marco_Wholesale_Footwear","2026-09-13","LOW","NO","","gta 6 marco wholesale footwear;marco wholesale footwear gta 6;where is marco wholesale footwear gta 6","Data from outlawdb (https://outlawdb.com/en/gta-6/places), derived from GTA Wiki, CC BY-SA 3.0."
"landmark","Mason's Shrimp Shack","","masons-shrimp-shack","restaurant","","Mason's Shrimp Shack is a restaurant listed for GTA 6 on the GTA Fandom wiki.","Mason's Shrimp Shack appears on the GTA Fandom wiki as a Grand Theft Auto VI landmark. The wiki files it as a restaurant. It is a single site rather than an area. No coordinates, no district boundary and no in-game address are given with it. Grand Theft Auto VI has not released and Rockstar has published no list of its own, so this entry records what the wiki says and does not treat it as confirmed.","Place type: restaurant;Scope: single site;Coordinates: not given;Source: GTA Fandom wiki, via outlawdb","","","","COMMUNITY_IDENTIFIED","TIER_3_COMMUNITY","https://gta.fandom.com/wiki/Mason's_Shrimp_Shack","2026-09-13","LOW","NO","","gta 6 mason's shrimp shack;mason's shrimp shack gta 6;where is mason's shrimp shack gta 6","Data from outlawdb (https://outlawdb.com/en/gta-6/places), derived from GTA Wiki, CC BY-SA 3.0."
"landmark","Megamundo Building","","megamundo-building","skyscraper","","Megamundo Building is a skyscraper listed for GTA 6 on the GTA Fandom wiki.","Megamundo Building appears on the GTA Fandom wiki as a Grand Theft Auto VI landmark. The wiki files it as a skyscraper. It is a single site rather than an area. No coordinates, no district boundary and no in-game address are given with it. Grand Theft Auto VI has not released and Rockstar has published no list of its own, so this entry records what the wiki says and does not treat it as confirmed.","Place type: skyscraper;Scope: single site;Coordinates: not given;Source: GTA Fandom wiki, via outlawdb","","","","COMMUNITY_IDENTIFIED","TIER_3_COMMUNITY","https://gta.fandom.com/wiki/Megamundo_Building","2026-09-13","LOW","NO","","gta 6 megamundo building;megamundo building gta 6;where is megamundo building gta 6","Data from outlawdb (https://outlawdb.com/en/gta-6/places), derived from GTA Wiki, CC BY-SA 3.0."
"landmark","Navaro Shipping Terminal","","navaro-shipping-terminal","sea port","","Navaro Shipping Terminal is a sea port listed for GTA 6 on the GTA Fandom wiki.","Navaro Shipping Terminal appears on the GTA Fandom wiki as a Grand Theft Auto VI landmark. The wiki files it as a sea port. It is a single site rather than an area. No coordinates, no district boundary and no in-game address are given with it. Grand Theft Auto VI has not released and Rockstar has published no list of its own, so this entry records what the wiki says and does not treat it as confirmed.","Place type: sea port;Scope: single site;Coordinates: not given;Source: GTA Fandom wiki, via outlawdb","","","","COMMUNITY_IDENTIFIED","TIER_3_COMMUNITY","https://gta.fandom.com/wiki/Navaro_Shipping_Terminal","2026-09-13","LOW","NO","","gta 6 navaro shipping terminal;navaro shipping terminal gta 6;where is navaro shipping terminal gta 6","Data from outlawdb (https://outlawdb.com/en/gta-6/places), derived from GTA Wiki, CC BY-SA 3.0."
"landmark","Neptune Hotel","","neptune-hotel","hotel","","Neptune Hotel is a hotel listed for GTA 6 on the GTA Fandom wiki.","Neptune Hotel appears on the GTA Fandom wiki as a Grand Theft Auto VI landmark. The wiki files it as a hotel. It is a single site rather than an area. No coordinates, no district boundary and no in-game address are given with it. Grand Theft Auto VI has not released and Rockstar has published no list of its own, so this entry records what the wiki says and does not treat it as confirmed.","Place type: hotel;Scope: single site;Coordinates: not given;Source: GTA Fandom wiki, via outlawdb","","","","COMMUNITY_IDENTIFIED","TIER_3_COMMUNITY","https://gta.fandom.com/wiki/Neptune_Hotel","2026-09-13","LOW","NO","","gta 6 neptune hotel;neptune hotel gta 6;where is neptune hotel gta 6","Data from outlawdb (https://outlawdb.com/en/gta-6/places), derived from GTA Wiki, CC BY-SA 3.0."
"landmark","NINE1NINE","","nine1nine","night club","","NINE1NINE is a night club listed for GTA 6 on the GTA Fandom wiki.","NINE1NINE appears on the GTA Fandom wiki as a Grand Theft Auto VI landmark. The wiki files it as a night club. It is a single site rather than an area. No coordinates, no district boundary and no in-game address are given with it. Grand Theft Auto VI has not released and Rockstar has published no list of its own, so this entry records what the wiki says and does not treat it as confirmed.","Place type: night club;Scope: single site;Coordinates: not given;Source: GTA Fandom wiki, via outlawdb","","","","COMMUNITY_IDENTIFIED","TIER_3_COMMUNITY","https://gta.fandom.com/wiki/NINE1NINE","2026-09-13","LOW","NO","","gta 6 nine1nine;nine1nine gta 6;where is nine1nine gta 6","Data from outlawdb (https://outlawdb.com/en/gta-6/places), derived from GTA Wiki, CC BY-SA 3.0."
"landmark","North Beaches","","north-beaches","","","North Beaches is a place listed for GTA 6 on the GTA Fandom wiki.","North Beaches appear on the GTA Fandom wiki as a Grand Theft Auto VI landmark. The wiki gives no place type for it. It is a single site rather than an area. No coordinates, no district boundary and no in-game address are given with it. Grand Theft Auto VI has not released and Rockstar has published no list of its own, so this entry records what the wiki says and does not treat it as confirmed.","Place type: not given;Scope: single site;Coordinates: not given;Source: GTA Fandom wiki, via outlawdb","","","","COMMUNITY_IDENTIFIED","TIER_3_COMMUNITY","https://gta.fandom.com/wiki/North_Beaches","2026-09-13","LOW","NO","","gta 6 north beaches;north beaches gta 6;where is north beaches gta 6","Data from outlawdb (https://outlawdb.com/en/gta-6/places), derived from GTA Wiki, CC BY-SA 3.0."
"landmark","Ocean View Hotel","","ocean-view-hotel","hotel","","Ocean View Hotel is a hotel listed for GTA 6 on the GTA Fandom wiki.","Ocean View Hotel appears on the GTA Fandom wiki as a Grand Theft Auto VI landmark. The wiki files it as a hotel. It is a single site rather than an area. No coordinates, no district boundary and no in-game address are given with it. Grand Theft Auto VI has not released and Rockstar has published no list of its own, so this entry records what the wiki says and does not treat it as confirmed.","Place type: hotel;Scope: single site;Coordinates: not given;Source: GTA Fandom wiki, via outlawdb","","","","COMMUNITY_IDENTIFIED","TIER_3_COMMUNITY","https://gta.fandom.com/wiki/Ocean_View_Hotel_(HD_Universe)","2026-09-13","LOW","NO","","gta 6 ocean view hotel;ocean view hotel gta 6;where is ocean view hotel gta 6","Data from outlawdb (https://outlawdb.com/en/gta-6/places), derived from GTA Wiki, CC BY-SA 3.0."
"landmark","Peewees","","peewees","restaurant","","Peewees is a restaurant listed for GTA 6 on the GTA Fandom wiki.","Peewees appear on the GTA Fandom wiki as a Grand Theft Auto VI landmark. The wiki files it as a restaurant. It is a single site rather than an area. No coordinates, no district boundary and no in-game address are given with it. Grand Theft Auto VI has not released and Rockstar has published no list of its own, so this entry records what the wiki says and does not treat it as confirmed.","Place type: restaurant;Scope: single site;Coordinates: not given;Source: GTA Fandom wiki, via outlawdb","","","","COMMUNITY_IDENTIFIED","TIER_3_COMMUNITY","https://gta.fandom.com/wiki/Peewees","2026-09-13","LOW","NO","","gta 6 peewees;peewees gta 6;where is peewees gta 6","Data from outlawdb (https://outlawdb.com/en/gta-6/places), derived from GTA Wiki, CC BY-SA 3.0."
"landmark","Port Gellhorn Pawn & Gun","","port-gellhorn-pawn-gun","pawn shop","","Port Gellhorn Pawn & Gun is a pawn shop listed for GTA 6 on the GTA Fandom wiki.","Port Gellhorn Pawn & Gun appears on the GTA Fandom wiki as a Grand Theft Auto VI landmark. The wiki files it as a pawn shop. It is a single site rather than an area. No coordinates, no district boundary and no in-game address are given with it. Grand Theft Auto VI has not released and Rockstar has published no list of its own, so this entry records what the wiki says and does not treat it as confirmed.","Place type: pawn shop;Scope: single site;Coordinates: not given;Source: GTA Fandom wiki, via outlawdb","","","","COMMUNITY_IDENTIFIED","TIER_3_COMMUNITY","https://gta.fandom.com/wiki/Port_Gellhorn_Pawn_%26_Gun","2026-09-13","LOW","NO","","gta 6 port gellhorn pawn & gun;port gellhorn pawn & gun gta 6;where is port gellhorn pawn & gun gta 6","Data from outlawdb (https://outlawdb.com/en/gta-6/places), derived from GTA Wiki, CC BY-SA 3.0."
"landmark","PortViceCity","","portvicecity","sea port","","PortViceCity is a sea port listed for GTA 6 on the GTA Fandom wiki.","PortViceCity appears on the GTA Fandom wiki as a Grand Theft Auto VI landmark. The wiki files it as a sea port. It is a single site rather than an area. No coordinates, no district boundary and no in-game address are given with it. Grand Theft Auto VI has not released and Rockstar has published no list of its own, so this entry records what the wiki says and does not treat it as confirmed.","Place type: sea port;Scope: single site;Coordinates: not given;Source: GTA Fandom wiki, via outlawdb","","","","COMMUNITY_IDENTIFIED","TIER_3_COMMUNITY","https://gta.fandom.com/wiki/PortViceCity","2026-09-13","LOW","NO","","gta 6 portvicecity;portvicecity gta 6;where is portvicecity gta 6","Data from outlawdb (https://outlawdb.com/en/gta-6/places), derived from GTA Wiki, CC BY-SA 3.0."
"landmark","Rattlers","","rattlers","bar","","Rattlers is a bar listed for GTA 6 on the GTA Fandom wiki.","Rattlers appear on the GTA Fandom wiki as a Grand Theft Auto VI landmark. The wiki files it as a bar. It is a single site rather than an area. No coordinates, no district boundary and no in-game address are given with it. Grand Theft Auto VI has not released and Rockstar has published no list of its own, so this entry records what the wiki says and does not treat it as confirmed.","Place type: bar;Scope: single site;Coordinates: not given;Source: GTA Fandom wiki, via outlawdb","","","","COMMUNITY_IDENTIFIED","TIER_3_COMMUNITY","https://gta.fandom.com/wiki/Rattlers","2026-09-13","LOW","NO","","gta 6 rattlers;rattlers gta 6;where is rattlers gta 6","Data from outlawdb (https://outlawdb.com/en/gta-6/places), derived from GTA Wiki, CC BY-SA 3.0."
"landmark","Redhill","","redhill","","","Redhill is a place listed for GTA 6 on the GTA Fandom wiki.","Redhill appears on the GTA Fandom wiki as a Grand Theft Auto VI landmark. The wiki gives no place type for it. It is a single site rather than an area. No coordinates, no district boundary and no in-game address are given with it. Grand Theft Auto VI has not released and Rockstar has published no list of its own, so this entry records what the wiki says and does not treat it as confirmed.","Place type: not given;Scope: single site;Coordinates: not given;Source: GTA Fandom wiki, via outlawdb","","","","COMMUNITY_IDENTIFIED","TIER_3_COMMUNITY","https://gta.fandom.com/wiki/Redhill","2026-09-13","LOW","NO","","gta 6 redhill;redhill gta 6;where is redhill gta 6","Data from outlawdb (https://outlawdb.com/en/gta-6/places), derived from GTA Wiki, CC BY-SA 3.0."
"landmark","Rockridge Community Resource Center","","rockridge-community-resource-center","","","Rockridge Community Resource Center is a place listed for GTA 6 on the GTA Fandom wiki.","Rockridge Community Resource Center appears on the GTA Fandom wiki as a Grand Theft Auto VI landmark. The wiki gives no place type for it. It is a single site rather than an area. No coordinates, no district boundary and no in-game address are given with it. Grand Theft Auto VI has not released and Rockstar has published no list of its own, so this entry records what the wiki says and does not treat it as confirmed.","Place type: not given;Scope: single site;Coordinates: not given;Source: GTA Fandom wiki, via outlawdb","","","","COMMUNITY_IDENTIFIED","TIER_3_COMMUNITY","https://gta.fandom.com/wiki/Rockridge_Community_Resource_Center","2026-09-13","LOW","NO","","gta 6 rockridge community resource center;rockridge community resource center gta 6;where is rockridge community resource center gta 6","Data from outlawdb (https://outlawdb.com/en/gta-6/places), derived from GTA Wiki, CC BY-SA 3.0."
"landmark","Sahara Arena","","sahara-arena","stadium","","Sahara Arena is a stadium listed for GTA 6 on the GTA Fandom wiki.","Sahara Arena appears on the GTA Fandom wiki as a Grand Theft Auto VI landmark. The wiki files it as a stadium. It is a single site rather than an area. No coordinates, no district boundary and no in-game address are given with it. Grand Theft Auto VI has not released and Rockstar has published no list of its own, so this entry records what the wiki says and does not treat it as confirmed.","Place type: stadium;Scope: single site;Coordinates: not given;Source: GTA Fandom wiki, via outlawdb","","","","COMMUNITY_IDENTIFIED","TIER_3_COMMUNITY","https://gta.fandom.com/wiki/Sahara_Arena","2026-09-13","LOW","NO","","gta 6 sahara arena;sahara arena gta 6;where is sahara arena gta 6","Data from outlawdb (https://outlawdb.com/en/gta-6/places), derived from GTA Wiki, CC BY-SA 3.0."
"landmark","Seahorse Hotel","","seahorse-hotel","hotel","","Seahorse Hotel is a hotel listed for GTA 6 on the GTA Fandom wiki.","Seahorse Hotel appears on the GTA Fandom wiki as a Grand Theft Auto VI landmark. The wiki files it as a hotel. It is a single site rather than an area. No coordinates, no district boundary and no in-game address are given with it. Grand Theft Auto VI has not released and Rockstar has published no list of its own, so this entry records what the wiki says and does not treat it as confirmed.","Place type: hotel;Scope: single site;Coordinates: not given;Source: GTA Fandom wiki, via outlawdb","","","","COMMUNITY_IDENTIFIED","TIER_3_COMMUNITY","https://gta.fandom.com/wiki/Seahorse_Hotel","2026-09-13","LOW","NO","","gta 6 seahorse hotel;seahorse hotel gta 6;where is seahorse hotel gta 6","Data from outlawdb (https://outlawdb.com/en/gta-6/places), derived from GTA Wiki, CC BY-SA 3.0."
"landmark","Seashell Hotel","","seashell-hotel","hotel","","Seashell Hotel is a hotel listed for GTA 6 on the GTA Fandom wiki.","Seashell Hotel appears on the GTA Fandom wiki as a Grand Theft Auto VI landmark. The wiki files it as a hotel. It is a single site rather than an area. No coordinates, no district boundary and no in-game address are given with it. Grand Theft Auto VI has not released and Rockstar has published no list of its own, so this entry records what the wiki says and does not treat it as confirmed.","Place type: hotel;Scope: single site;Coordinates: not given;Source: GTA Fandom wiki, via outlawdb","","","","COMMUNITY_IDENTIFIED","TIER_3_COMMUNITY","https://gta.fandom.com/wiki/Seashell_Hotel","2026-09-13","LOW","NO","","gta 6 seashell hotel;seashell hotel gta 6;where is seashell hotel gta 6","Data from outlawdb (https://outlawdb.com/en/gta-6/places), derived from GTA Wiki, CC BY-SA 3.0."
"landmark","Shorefront Building","","shorefront-building","office","","Shorefront Building is a office listed for GTA 6 on the GTA Fandom wiki.","Shorefront Building appears on the GTA Fandom wiki as a Grand Theft Auto VI landmark. The wiki files it as a office. It is a single site rather than an area. No coordinates, no district boundary and no in-game address are given with it. Grand Theft Auto VI has not released and Rockstar has published no list of its own, so this entry records what the wiki says and does not treat it as confirmed.","Place type: office;Scope: single site;Coordinates: not given;Source: GTA Fandom wiki, via outlawdb","","","","COMMUNITY_IDENTIFIED","TIER_3_COMMUNITY","https://gta.fandom.com/wiki/Shorefront_Building","2026-09-13","LOW","NO","","gta 6 shorefront building;shorefront building gta 6;where is shorefront building gta 6","Data from outlawdb (https://outlawdb.com/en/gta-6/places), derived from GTA Wiki, CC BY-SA 3.0."
"landmark","Simon's Tires","","simons-tires","mod shop","","Simon's Tires is a mod shop listed for GTA 6 on the GTA Fandom wiki.","Simon's Tires appear on the GTA Fandom wiki as a Grand Theft Auto VI landmark. The wiki files it as a mod shop. It is a single site rather than an area. No coordinates, no district boundary and no in-game address are given with it. Grand Theft Auto VI has not released and Rockstar has published no list of its own, so this entry records what the wiki says and does not treat it as confirmed.","Place type: mod shop;Scope: single site;Coordinates: not given;Source: GTA Fandom wiki, via outlawdb","","","","COMMUNITY_IDENTIFIED","TIER_3_COMMUNITY","https://gta.fandom.com/wiki/Simon's_Tires","2026-09-13","LOW","NO","","gta 6 simon's tires;simon's tires gta 6;where is simon's tires gta 6","Data from outlawdb (https://outlawdb.com/en/gta-6/places), derived from GTA Wiki, CC BY-SA 3.0."
"landmark","Starfish Island","","starfish-island","","","Starfish Island is a place listed for GTA 6 on the GTA Fandom wiki.","Starfish Island appears on the GTA Fandom wiki as a Grand Theft Auto VI landmark. The wiki gives no place type for it. It is a single site rather than an area. No coordinates, no district boundary and no in-game address are given with it. Grand Theft Auto VI has not released and Rockstar has published no list of its own, so this entry records what the wiki says and does not treat it as confirmed.","Place type: not given;Scope: single site;Coordinates: not given;Source: GTA Fandom wiki, via outlawdb","","","","COMMUNITY_IDENTIFIED","TIER_3_COMMUNITY","https://gta.fandom.com/wiki/Starfish_Island_(HD_Universe)","2026-09-13","LOW","NO","","gta 6 starfish island;starfish island gta 6;where is starfish island gta 6","Data from outlawdb (https://outlawdb.com/en/gta-6/places), derived from GTA Wiki, CC BY-SA 3.0."
"landmark","Starlet Motel","","starlet-motel","hotel","","Starlet Motel is a hotel listed for GTA 6 on the GTA Fandom wiki.","Starlet Motel appears on the GTA Fandom wiki as a Grand Theft Auto VI landmark. The wiki files it as a hotel. It is a single site rather than an area. No coordinates, no district boundary and no in-game address are given with it. Grand Theft Auto VI has not released and Rockstar has published no list of its own, so this entry records what the wiki says and does not treat it as confirmed.","Place type: hotel;Scope: single site;Coordinates: not given;Source: GTA Fandom wiki, via outlawdb","","","","COMMUNITY_IDENTIFIED","TIER_3_COMMUNITY","https://gta.fandom.com/wiki/Starlet_Motel","2026-09-13","LOW","NO","","gta 6 starlet motel;starlet motel gta 6;where is starlet motel gta 6","Data from outlawdb (https://outlawdb.com/en/gta-6/places), derived from GTA Wiki, CC BY-SA 3.0."
"landmark","Sundown","","sundown","","","Sundown is a place listed for GTA 6 on the GTA Fandom wiki.","Sundown appears on the GTA Fandom wiki as a Grand Theft Auto VI landmark. The wiki gives no place type for it. It is a single site rather than an area. No coordinates, no district boundary and no in-game address are given with it. Grand Theft Auto VI has not released and Rockstar has published no list of its own, so this entry records what the wiki says and does not treat it as confirmed.","Place type: not given;Scope: single site;Coordinates: not given;Source: GTA Fandom wiki, via outlawdb","","","","COMMUNITY_IDENTIFIED","TIER_3_COMMUNITY","https://gta.fandom.com/wiki/Sundown","2026-09-13","LOW","NO","","gta 6 sundown;sundown gta 6;where is sundown gta 6","Data from outlawdb (https://outlawdb.com/en/gta-6/places), derived from GTA Wiki, CC BY-SA 3.0."
"landmark","Te Invito","","te-invito","restaurant","","Te Invito is a restaurant listed for GTA 6 on the GTA Fandom wiki.","Te Invito appears on the GTA Fandom wiki as a Grand Theft Auto VI landmark. The wiki files it as a restaurant. It is a single site rather than an area. No coordinates, no district boundary and no in-game address are given with it. Grand Theft Auto VI has not released and Rockstar has published no list of its own, so this entry records what the wiki says and does not treat it as confirmed.","Place type: restaurant;Scope: single site;Coordinates: not given;Source: GTA Fandom wiki, via outlawdb","","","","COMMUNITY_IDENTIFIED","TIER_3_COMMUNITY","https://gta.fandom.com/wiki/Te_Invito","2026-09-13","LOW","NO","","gta 6 te invito;te invito gta 6;where is te invito gta 6","Data from outlawdb (https://outlawdb.com/en/gta-6/places), derived from GTA Wiki, CC BY-SA 3.0."
"landmark","The Amalfi","","the-amalfi","restaurant","","The Amalfi is a restaurant listed for GTA 6 on the GTA Fandom wiki.","The Amalfi appears on the GTA Fandom wiki as a Grand Theft Auto VI landmark. The wiki files it as a restaurant. It is a single site rather than an area. No coordinates, no district boundary and no in-game address are given with it. Grand Theft Auto VI has not released and Rockstar has published no list of its own, so this entry records what the wiki says and does not treat it as confirmed.","Place type: restaurant;Scope: single site;Coordinates: not given;Source: GTA Fandom wiki, via outlawdb","","","","COMMUNITY_IDENTIFIED","TIER_3_COMMUNITY","https://gta.fandom.com/wiki/The_Amalfi","2026-09-13","LOW","NO","","gta 6 the amalfi;the amalfi gta 6;where is the amalfi gta 6","Data from outlawdb (https://outlawdb.com/en/gta-6/places), derived from GTA Wiki, CC BY-SA 3.0."
"landmark","The Fence","","the-fence","hotel","","The Fence is a hotel listed for GTA 6 on the GTA Fandom wiki.","The Fence appears on the GTA Fandom wiki as a Grand Theft Auto VI landmark. The wiki files it as a hotel. It is a single site rather than an area. No coordinates, no district boundary and no in-game address are given with it. Grand Theft Auto VI has not released and Rockstar has published no list of its own, so this entry records what the wiki says and does not treat it as confirmed.","Place type: hotel;Scope: single site;Coordinates: not given;Source: GTA Fandom wiki, via outlawdb","","","","COMMUNITY_IDENTIFIED","TIER_3_COMMUNITY","https://gta.fandom.com/wiki/The_Fence","2026-09-13","LOW","NO","","gta 6 the fence;the fence gta 6;where is the fence gta 6","Data from outlawdb (https://outlawdb.com/en/gta-6/places), derived from GTA Wiki, CC BY-SA 3.0."
"landmark","The Rusty Anchor","","the-rusty-anchor","bar","","The Rusty Anchor is a bar listed for GTA 6 on the GTA Fandom wiki.","The Rusty Anchor appears on the GTA Fandom wiki as a Grand Theft Auto VI landmark. The wiki files it as a bar. It is a single site rather than an area. No coordinates, no district boundary and no in-game address are given with it. Grand Theft Auto VI has not released and Rockstar has published no list of its own, so this entry records what the wiki says and does not treat it as confirmed.","Place type: bar;Scope: single site;Coordinates: not given;Source: GTA Fandom wiki, via outlawdb","","","","COMMUNITY_IDENTIFIED","TIER_3_COMMUNITY","https://gta.fandom.com/wiki/The_Rusty_Anchor","2026-09-13","LOW","NO","","gta 6 the rusty anchor;the rusty anchor gta 6;where is the rusty anchor gta 6","Data from outlawdb (https://outlawdb.com/en/gta-6/places), derived from GTA Wiki, CC BY-SA 3.0."
"landmark","The Sumerian","","the-sumerian","hotel","","The Sumerian is a hotel listed for GTA 6 on the GTA Fandom wiki.","The Sumerian appears on the GTA Fandom wiki as a Grand Theft Auto VI landmark. The wiki files it as a hotel. It is a single site rather than an area. No coordinates, no district boundary and no in-game address are given with it. Grand Theft Auto VI has not released and Rockstar has published no list of its own, so this entry records what the wiki says and does not treat it as confirmed.","Place type: hotel;Scope: single site;Coordinates: not given;Source: GTA Fandom wiki, via outlawdb","","","","COMMUNITY_IDENTIFIED","TIER_3_COMMUNITY","https://gta.fandom.com/wiki/The_Sumerian","2026-09-13","LOW","NO","","gta 6 the sumerian;the sumerian gta 6;where is the sumerian gta 6","Data from outlawdb (https://outlawdb.com/en/gta-6/places), derived from GTA Wiki, CC BY-SA 3.0."
"landmark","Tisha-Wocka flea market","","tisha-wocka-flea-market","marketplace","","Tisha-Wocka flea market is a marketplace listed for GTA 6 on the GTA Fandom wiki.","Tisha-Wocka flea market appears on the GTA Fandom wiki as a Grand Theft Auto VI landmark. The wiki files it as a marketplace. It is a single site rather than an area. No coordinates, no district boundary and no in-game address are given with it. Grand Theft Auto VI has not released and Rockstar has published no list of its own, so this entry records what the wiki says and does not treat it as confirmed.","Place type: marketplace;Scope: single site;Coordinates: not given;Source: GTA Fandom wiki, via outlawdb","","","","COMMUNITY_IDENTIFIED","TIER_3_COMMUNITY","https://gta.fandom.com/wiki/Tisha-Wocka_flea_market","2026-09-13","LOW","NO","","gta 6 tisha-wocka flea market;tisha-wocka flea market gta 6;where is tisha-wocka flea market gta 6","Data from outlawdb (https://outlawdb.com/en/gta-6/places), derived from GTA Wiki, CC BY-SA 3.0."
"landmark","Treasured Trash","","treasured-trash","antique store","","Treasured Trash is a antique store listed for GTA 6 on the GTA Fandom wiki.","Treasured Trash appears on the GTA Fandom wiki as a Grand Theft Auto VI landmark. The wiki files it as a antique store. It is a single site rather than an area. No coordinates, no district boundary and no in-game address are given with it. Grand Theft Auto VI has not released and Rockstar has published no list of its own, so this entry records what the wiki says and does not treat it as confirmed.","Place type: antique store;Scope: single site;Coordinates: not given;Source: GTA Fandom wiki, via outlawdb","","","","COMMUNITY_IDENTIFIED","TIER_3_COMMUNITY","https://gta.fandom.com/wiki/Treasured_Trash","2026-09-13","LOW","NO","","gta 6 treasured trash;treasured trash gta 6;where is treasured trash gta 6","Data from outlawdb (https://outlawdb.com/en/gta-6/places), derived from GTA Wiki, CC BY-SA 3.0."
"landmark","Ambrosia car wash","","unnamed-ambrosia-car-wash","carwash","","Ambrosia car wash is a carwash listed for GTA 6 on the GTA Fandom wiki.","Ambrosia car wash appears on the GTA Fandom wiki as a Grand Theft Auto VI landmark. The wiki files it as a carwash. It is a single site rather than an area. No coordinates, no district boundary and no in-game address are given with it. Grand Theft Auto VI has not released and Rockstar has published no list of its own, so this entry records what the wiki says and does not treat it as confirmed.","Place type: carwash;Scope: single site;Coordinates: not given;Source: GTA Fandom wiki, via outlawdb","","","","COMMUNITY_IDENTIFIED","TIER_3_COMMUNITY","https://gta.fandom.com/wiki/Unnamed_GTA_VI_Ambrosia_car_wash","2026-09-13","LOW","NO","","gta 6 ambrosia car wash;ambrosia car wash gta 6;where is ambrosia car wash gta 6","Data from outlawdb (https://outlawdb.com/en/gta-6/places), derived from GTA Wiki, CC BY-SA 3.0."
"landmark","Amphitheater","","unnamed-amphitheater","theater","","Amphitheater is a theater listed for GTA 6 on the GTA Fandom wiki.","Amphitheater appears on the GTA Fandom wiki as a Grand Theft Auto VI landmark. The wiki files it as a theater. It is a single site rather than an area. No coordinates, no district boundary and no in-game address are given with it. Grand Theft Auto VI has not released and Rockstar has published no list of its own, so this entry records what the wiki says and does not treat it as confirmed.","Place type: theater;Scope: single site;Coordinates: not given;Source: GTA Fandom wiki, via outlawdb","","","","COMMUNITY_IDENTIFIED","TIER_3_COMMUNITY","https://gta.fandom.com/wiki/Unnamed_GTA_VI_amphitheater","2026-09-13","LOW","NO","","gta 6 amphitheater;amphitheater gta 6;where is amphitheater gta 6","Data from outlawdb (https://outlawdb.com/en/gta-6/places), derived from GTA Wiki, CC BY-SA 3.0."
"landmark","Bahia Honda-inspired rail bridge","","unnamed-bahia-honda-inspired-rail-bridge","bridge","","Bahia Honda-inspired rail bridge is a bridge listed for GTA 6 on the GTA Fandom wiki.","Bahia Honda-inspired rail bridge appears on the GTA Fandom wiki as a Grand Theft Auto VI landmark. The wiki files it as a bridge. It is a single site rather than an area. No coordinates, no district boundary and no in-game address are given with it. Grand Theft Auto VI has not released and Rockstar has published no list of its own, so this entry records what the wiki says and does not treat it as confirmed.","Place type: bridge;Scope: single site;Coordinates: not given;Source: GTA Fandom wiki, via outlawdb","","","","COMMUNITY_IDENTIFIED","TIER_3_COMMUNITY","https://gta.fandom.com/wiki/Unnamed_GTA_VI_Bahia_Honda-inspired_rail_bridge","2026-09-13","LOW","NO","","gta 6 bahia honda-inspired rail bridge;bahia honda-inspired rail bridge gta 6;where is bahia honda-inspired rail bridge gta 6","Data from outlawdb (https://outlawdb.com/en/gta-6/places), derived from GTA Wiki, CC BY-SA 3.0."
"landmark","Brickell on the River-inspired complex","","unnamed-brickell-on-the-river-inspired-complex","skyscraper","","Brickell on the River-inspired complex is a skyscraper listed for GTA 6 on the GTA Fandom wiki.","Brickell on the River-inspired complex appears on the GTA Fandom wiki as a Grand Theft Auto VI landmark. The wiki files it as a skyscraper. It is a single site rather than an area. No coordinates, no district boundary and no in-game address are given with it. Grand Theft Auto VI has not released and Rockstar has published no list of its own, so this entry records what the wiki says and does not treat it as confirmed.","Place type: skyscraper;Scope: single site;Coordinates: not given;Source: GTA Fandom wiki, via outlawdb","","","","COMMUNITY_IDENTIFIED","TIER_3_COMMUNITY","https://gta.fandom.com/wiki/Unnamed_GTA_VI_Brickell_on_the_River-inspired_complex","2026-09-13","LOW","NO","","gta 6 brickell on the river-inspired complex;brickell on the river-inspired complex gta 6;where is brickell on the river-inspired complex gta 6","Data from outlawdb (https://outlawdb.com/en/gta-6/places), derived from GTA Wiki, CC BY-SA 3.0."
"landmark","Coast guard station","","unnamed-coast-guard-station","sea port","","Coast guard station is a sea port listed for GTA 6 on the GTA Fandom wiki.","Coast guard station appears on the GTA Fandom wiki as a Grand Theft Auto VI landmark. The wiki files it as a sea port. It is a single site rather than an area. No coordinates, no district boundary and no in-game address are given with it. Grand Theft Auto VI has not released and Rockstar has published no list of its own, so this entry records what the wiki says and does not treat it as confirmed.","Place type: sea port;Scope: single site;Coordinates: not given;Source: GTA Fandom wiki, via outlawdb","","","","COMMUNITY_IDENTIFIED","TIER_3_COMMUNITY","https://gta.fandom.com/wiki/Unnamed_GTA_VI_coast_guard_station","2026-09-13","LOW","NO","","gta 6 coast guard station;coast guard station gta 6;where is coast guard station gta 6","Data from outlawdb (https://outlawdb.com/en/gta-6/places), derived from GTA Wiki, CC BY-SA 3.0."
"landmark","Fontainebleau Miami Beach-inspired hotel","","unnamed-fontainebleau-miami-beach-inspired-hotel","hotel","","Fontainebleau Miami Beach-inspired hotel is a hotel listed for GTA 6 on the GTA Fandom wiki.","Fontainebleau Miami Beach-inspired hotel appears on the GTA Fandom wiki as a Grand Theft Auto VI landmark. The wiki files it as a hotel. It is a single site rather than an area. No coordinates, no district boundary and no in-game address are given with it. Grand Theft Auto VI has not released and Rockstar has published no list of its own, so this entry records what the wiki says and does not treat it as confirmed.","Place type: hotel;Scope: single site;Coordinates: not given;Source: GTA Fandom wiki, via outlawdb","","","","COMMUNITY_IDENTIFIED","TIER_3_COMMUNITY","https://gta.fandom.com/wiki/Unnamed_GTA_VI_Fontainebleau_Miami_Beach-inspired_hotel","2026-09-13","LOW","NO","","gta 6 fontainebleau miami beach-inspired hotel;fontainebleau miami beach-inspired hotel gta 6;where is fontainebleau miami beach-inspired hotel gta 6","Data from outlawdb (https://outlawdb.com/en/gta-6/places), derived from GTA Wiki, CC BY-SA 3.0."
"landmark","Gatorland-inspired theme park","","unnamed-gatorland-inspired-theme-park","amusement park","","Gatorland-inspired theme park is a amusement park listed for GTA 6 on the GTA Fandom wiki.","Gatorland-inspired theme park appears on the GTA Fandom wiki as a Grand Theft Auto VI landmark. The wiki files it as a amusement park. It is a single site rather than an area. No coordinates, no district boundary and no in-game address are given with it. Grand Theft Auto VI has not released and Rockstar has published no list of its own, so this entry records what the wiki says and does not treat it as confirmed.","Place type: amusement park;Scope: single site;Coordinates: not given;Source: GTA Fandom wiki, via outlawdb","","","","COMMUNITY_IDENTIFIED","TIER_3_COMMUNITY","https://gta.fandom.com/wiki/Unnamed_GTA_VI_Gatorland-inspired_theme_park","2026-09-13","LOW","NO","","gta 6 gatorland-inspired theme park;gatorland-inspired theme park gta 6;where is gatorland-inspired theme park gta 6","Data from outlawdb (https://outlawdb.com/en/gta-6/places), derived from GTA Wiki, CC BY-SA 3.0."
"landmark","Hamlet apartment complex","","unnamed-hamlet-apartment-complex","apartment","","Hamlet apartment complex is a apartment listed for GTA 6 on the GTA Fandom wiki.","Hamlet apartment complex appears on the GTA Fandom wiki as a Grand Theft Auto VI landmark. The wiki files it as a apartment. It is a single site rather than an area. No coordinates, no district boundary and no in-game address are given with it. Grand Theft Auto VI has not released and Rockstar has published no list of its own, so this entry records what the wiki says and does not treat it as confirmed.","Place type: apartment;Scope: single site;Coordinates: not given;Source: GTA Fandom wiki, via outlawdb","","","","COMMUNITY_IDENTIFIED","TIER_3_COMMUNITY","https://gta.fandom.com/wiki/Unnamed_GTA_VI_Hamlet_apartment_complex","2026-09-13","LOW","NO","","gta 6 hamlet apartment complex;hamlet apartment complex gta 6;where is hamlet apartment complex gta 6","Data from outlawdb (https://outlawdb.com/en/gta-6/places), derived from GTA Wiki, CC BY-SA 3.0."
"landmark","Hamlet power plant","","unnamed-hamlet-power-plant","power station","","Hamlet power plant is a power station listed for GTA 6 on the GTA Fandom wiki.","Hamlet power plant appears on the GTA Fandom wiki as a Grand Theft Auto VI landmark. The wiki files it as a power station. It is a single site rather than an area. No coordinates, no district boundary and no in-game address are given with it. Grand Theft Auto VI has not released and Rockstar has published no list of its own, so this entry records what the wiki says and does not treat it as confirmed.","Place type: power station;Scope: single site;Coordinates: not given;Source: GTA Fandom wiki, via outlawdb","","","","COMMUNITY_IDENTIFIED","TIER_3_COMMUNITY","https://gta.fandom.com/wiki/Unnamed_GTA_VI_Hamlet_power_plant","2026-09-13","LOW","NO","","gta 6 hamlet power plant;hamlet power plant gta 6;where is hamlet power plant gta 6","Data from outlawdb (https://outlawdb.com/en/gta-6/places), derived from GTA Wiki, CC BY-SA 3.0."
"landmark","La Perle auto shop","","unnamed-la-perle-auto-shop","mod shop","","La Perle auto shop is a mod shop listed for GTA 6 on the GTA Fandom wiki.","La Perle auto shop appears on the GTA Fandom wiki as a Grand Theft Auto VI landmark. The wiki files it as a mod shop. It is a single site rather than an area. No coordinates, no district boundary and no in-game address are given with it. Grand Theft Auto VI has not released and Rockstar has published no list of its own, so this entry records what the wiki says and does not treat it as confirmed.","Place type: mod shop;Scope: single site;Coordinates: not given;Source: GTA Fandom wiki, via outlawdb","","","","COMMUNITY_IDENTIFIED","TIER_3_COMMUNITY","https://gta.fandom.com/wiki/Unnamed_GTA_VI_La_Perle_auto_shop","2026-09-13","LOW","NO","","gta 6 la perle auto shop;la perle auto shop gta 6;where is la perle auto shop gta 6","Data from outlawdb (https://outlawdb.com/en/gta-6/places), derived from GTA Wiki, CC BY-SA 3.0."
"landmark","La Perle derelict warehouse","","unnamed-la-perle-derelict-warehouse","ware house","","La Perle derelict warehouse is a ware house listed for GTA 6 on the GTA Fandom wiki.","La Perle derelict warehouse appears on the GTA Fandom wiki as a Grand Theft Auto VI landmark. The wiki files it as a ware house. It is a single site rather than an area. No coordinates, no district boundary and no in-game address are given with it. Grand Theft Auto VI has not released and Rockstar has published no list of its own, so this entry records what the wiki says and does not treat it as confirmed.","Place type: ware house;Scope: single site;Coordinates: not given;Source: GTA Fandom wiki, via outlawdb","","","","COMMUNITY_IDENTIFIED","TIER_3_COMMUNITY","https://gta.fandom.com/wiki/Unnamed_GTA_VI_La_Perle_derelict_warehouse","2026-09-13","LOW","NO","","gta 6 la perle derelict warehouse;la perle derelict warehouse gta 6;where is la perle derelict warehouse gta 6","Data from outlawdb (https://outlawdb.com/en/gta-6/places), derived from GTA Wiki, CC BY-SA 3.0."
"landmark","Miniature golf course","","unnamed-miniature-golf-course","golf club","","Miniature golf course is a golf club listed for GTA 6 on the GTA Fandom wiki.","Miniature golf course appears on the GTA Fandom wiki as a Grand Theft Auto VI landmark. The wiki files it as a golf club. It is a single site rather than an area. No coordinates, no district boundary and no in-game address are given with it. Grand Theft Auto VI has not released and Rockstar has published no list of its own, so this entry records what the wiki says and does not treat it as confirmed.","Place type: golf club;Scope: single site;Coordinates: not given;Source: GTA Fandom wiki, via outlawdb","","","","COMMUNITY_IDENTIFIED","TIER_3_COMMUNITY","https://gta.fandom.com/wiki/Unnamed_GTA_VI_miniature_golf_course","2026-09-13","LOW","NO","","gta 6 miniature golf course;miniature golf course gta 6;where is miniature golf course gta 6","Data from outlawdb (https://outlawdb.com/en/gta-6/places), derived from GTA Wiki, CC BY-SA 3.0."
"landmark","New Bahia Honda-inspired bridge","","unnamed-new-bahia-honda-inspired-bridge","bridge","","New Bahia Honda-inspired bridge is a bridge listed for GTA 6 on the GTA Fandom wiki.","New Bahia Honda-inspired bridge appears on the GTA Fandom wiki as a Grand Theft Auto VI landmark. The wiki files it as a bridge. It is a single site rather than an area. No coordinates, no district boundary and no in-game address are given with it. Grand Theft Auto VI has not released and Rockstar has published no list of its own, so this entry records what the wiki says and does not treat it as confirmed.","Place type: bridge;Scope: single site;Coordinates: not given;Source: GTA Fandom wiki, via outlawdb","","","","COMMUNITY_IDENTIFIED","TIER_3_COMMUNITY","https://gta.fandom.com/wiki/Unnamed_GTA_VI_New_Bahia_Honda-inspired_bridge","2026-09-13","LOW","NO","","gta 6 new bahia honda-inspired bridge;new bahia honda-inspired bridge gta 6;where is new bahia honda-inspired bridge gta 6","Data from outlawdb (https://outlawdb.com/en/gta-6/places), derived from GTA Wiki, CC BY-SA 3.0."
"landmark","Perez Art Museum-inspired building","","unnamed-perez-art-museum-inspired-building","museum","","Perez Art Museum-inspired building is a museum listed for GTA 6 on the GTA Fandom wiki.","Perez Art Museum-inspired building appears on the GTA Fandom wiki as a Grand Theft Auto VI landmark. The wiki files it as a museum. It is a single site rather than an area. No coordinates, no district boundary and no in-game address are given with it. Grand Theft Auto VI has not released and Rockstar has published no list of its own, so this entry records what the wiki says and does not treat it as confirmed.","Place type: museum;Scope: single site;Coordinates: not given;Source: GTA Fandom wiki, via outlawdb","","","","COMMUNITY_IDENTIFIED","TIER_3_COMMUNITY","https://gta.fandom.com/wiki/Unnamed_GTA_VI_Perez_Art_Museum-inspired_building","2026-09-13","LOW","NO","","gta 6 perez art museum-inspired building;perez art museum-inspired building gta 6;where is perez art museum-inspired building gta 6","Data from outlawdb (https://outlawdb.com/en/gta-6/places), derived from GTA Wiki, CC BY-SA 3.0."
"landmark","Port Gellhorn abandoned motel","","unnamed-port-gellhorn-abandoned-motel","motel","","Port Gellhorn abandoned motel is a motel listed for GTA 6 on the GTA Fandom wiki.","Port Gellhorn abandoned motel appears on the GTA Fandom wiki as a Grand Theft Auto VI landmark. The wiki files it as a motel. It is a single site rather than an area. No coordinates, no district boundary and no in-game address are given with it. Grand Theft Auto VI has not released and Rockstar has published no list of its own, so this entry records what the wiki says and does not treat it as confirmed.","Place type: motel;Scope: single site;Coordinates: not given;Source: GTA Fandom wiki, via outlawdb","","","","COMMUNITY_IDENTIFIED","TIER_3_COMMUNITY","https://gta.fandom.com/wiki/Unnamed_GTA_VI_Port_Gellhorn_abandoned_motel","2026-09-13","LOW","NO","","gta 6 port gellhorn abandoned motel;port gellhorn abandoned motel gta 6;where is port gellhorn abandoned motel gta 6","Data from outlawdb (https://outlawdb.com/en/gta-6/places), derived from GTA Wiki, CC BY-SA 3.0."
"landmark","Port Gellhorn church","","unnamed-port-gellhorn-church","church","","Port Gellhorn church is a church listed for GTA 6 on the GTA Fandom wiki.","Port Gellhorn church appears on the GTA Fandom wiki as a Grand Theft Auto VI landmark. The wiki files it as a church. It is a single site rather than an area. No coordinates, no district boundary and no in-game address are given with it. Grand Theft Auto VI has not released and Rockstar has published no list of its own, so this entry records what the wiki says and does not treat it as confirmed.","Place type: church;Scope: single site;Coordinates: not given;Source: GTA Fandom wiki, via outlawdb","","","","COMMUNITY_IDENTIFIED","TIER_3_COMMUNITY","https://gta.fandom.com/wiki/Unnamed_GTA_VI_Port_Gellhorn_church","2026-09-13","LOW","NO","","gta 6 port gellhorn church;port gellhorn church gta 6;where is port gellhorn church gta 6","Data from outlawdb (https://outlawdb.com/en/gta-6/places), derived from GTA Wiki, CC BY-SA 3.0."
"landmark","Port Gellhorn rail bridge","","unnamed-port-gellhorn-rail-bridge","bridge","","Port Gellhorn rail bridge is a bridge listed for GTA 6 on the GTA Fandom wiki.","Port Gellhorn rail bridge appears on the GTA Fandom wiki as a Grand Theft Auto VI landmark. The wiki files it as a bridge. It is a single site rather than an area. No coordinates, no district boundary and no in-game address are given with it. Grand Theft Auto VI has not released and Rockstar has published no list of its own, so this entry records what the wiki says and does not treat it as confirmed.","Place type: bridge;Scope: single site;Coordinates: not given;Source: GTA Fandom wiki, via outlawdb","","","","COMMUNITY_IDENTIFIED","TIER_3_COMMUNITY","https://gta.fandom.com/wiki/Unnamed_GTA_VI_Port_Gellhorn_rail_bridge","2026-09-13","LOW","NO","","gta 6 port gellhorn rail bridge;port gellhorn rail bridge gta 6;where is port gellhorn rail bridge gta 6","Data from outlawdb (https://outlawdb.com/en/gta-6/places), derived from GTA Wiki, CC BY-SA 3.0."
"landmark","Port Gellhorn train station","","unnamed-port-gellhorn-train-station","rail station","","Port Gellhorn train station is a rail station listed for GTA 6 on the GTA Fandom wiki.","Port Gellhorn train station appears on the GTA Fandom wiki as a Grand Theft Auto VI landmark. The wiki files it as a rail station. It is a single site rather than an area. No coordinates, no district boundary and no in-game address are given with it. Grand Theft Auto VI has not released and Rockstar has published no list of its own, so this entry records what the wiki says and does not treat it as confirmed.","Place type: rail station;Scope: single site;Coordinates: not given;Source: GTA Fandom wiki, via outlawdb","","","","COMMUNITY_IDENTIFIED","TIER_3_COMMUNITY","https://gta.fandom.com/wiki/Unnamed_GTA_VI_Port_Gellhorn_train_station","2026-09-13","LOW","NO","","gta 6 port gellhorn train station;port gellhorn train station gta 6;where is port gellhorn train station gta 6","Data from outlawdb (https://outlawdb.com/en/gta-6/places), derived from GTA Wiki, CC BY-SA 3.0."
"landmark","Prison complex","","unnamed-prison-complex","prison","","Prison complex is a prison listed for GTA 6 on the GTA Fandom wiki.","Prison complex appears on the GTA Fandom wiki as a Grand Theft Auto VI landmark. The wiki files it as a prison. It is a single site rather than an area. No coordinates, no district boundary and no in-game address are given with it. Grand Theft Auto VI has not released and Rockstar has published no list of its own, so this entry records what the wiki says and does not treat it as confirmed.","Place type: prison;Scope: single site;Coordinates: not given;Source: GTA Fandom wiki, via outlawdb","","","","COMMUNITY_IDENTIFIED","TIER_3_COMMUNITY","https://gta.fandom.com/wiki/Unnamed_GTA_VI_prison_complex","2026-09-13","LOW","NO","","gta 6 prison complex;prison complex gta 6;where is prison complex gta 6","Data from outlawdb (https://outlawdb.com/en/gta-6/places), derived from GTA Wiki, CC BY-SA 3.0."
"landmark","Scarface-inspired hotel","","unnamed-scarface-inspired-hotel","hotel","","Scarface-inspired hotel is a hotel listed for GTA 6 on the GTA Fandom wiki.","Scarface-inspired hotel appears on the GTA Fandom wiki as a Grand Theft Auto VI landmark. The wiki files it as a hotel. It is a single site rather than an area. No coordinates, no district boundary and no in-game address are given with it. Grand Theft Auto VI has not released and Rockstar has published no list of its own, so this entry records what the wiki says and does not treat it as confirmed.","Place type: hotel;Scope: single site;Coordinates: not given;Source: GTA Fandom wiki, via outlawdb","","","","COMMUNITY_IDENTIFIED","TIER_3_COMMUNITY","https://gta.fandom.com/wiki/Unnamed_GTA_VI_Scarface-inspired_hotel","2026-09-13","LOW","NO","","gta 6 scarface-inspired hotel;scarface-inspired hotel gta 6;where is scarface-inspired hotel gta 6","Data from outlawdb (https://outlawdb.com/en/gta-6/places), derived from GTA Wiki, CC BY-SA 3.0."
"landmark","Shopping mall","","unnamed-shopping-mall","shopping center","","Shopping mall is a shopping center listed for GTA 6 on the GTA Fandom wiki.","Shopping mall appears on the GTA Fandom wiki as a Grand Theft Auto VI landmark. The wiki files it as a shopping center. It is a single site rather than an area. No coordinates, no district boundary and no in-game address are given with it. Grand Theft Auto VI has not released and Rockstar has published no list of its own, so this entry records what the wiki says and does not treat it as confirmed.","Place type: shopping center;Scope: single site;Coordinates: not given;Source: GTA Fandom wiki, via outlawdb","","","","COMMUNITY_IDENTIFIED","TIER_3_COMMUNITY","https://gta.fandom.com/wiki/Unnamed_GTA_VI_shopping_mall","2026-09-13","LOW","NO","","gta 6 shopping mall;shopping mall gta 6;where is shopping mall gta 6","Data from outlawdb (https://outlawdb.com/en/gta-6/places), derived from GTA Wiki, CC BY-SA 3.0."
"landmark","The Pit Bar-B-Q-inspired restaurant","","unnamed-the-pit-bar-b-q-inspired-restaurant","restaurant","","The Pit Bar-B-Q-inspired restaurant is a restaurant listed for GTA 6 on the GTA Fandom wiki.","The Pit Bar-B-Q-inspired restaurant appears on the GTA Fandom wiki as a Grand Theft Auto VI landmark. The wiki files it as a restaurant. It is a single site rather than an area. No coordinates, no district boundary and no in-game address are given with it. Grand Theft Auto VI has not released and Rockstar has published no list of its own, so this entry records what the wiki says and does not treat it as confirmed.","Place type: restaurant;Scope: single site;Coordinates: not given;Source: GTA Fandom wiki, via outlawdb","","","","COMMUNITY_IDENTIFIED","TIER_3_COMMUNITY","https://gta.fandom.com/wiki/Unnamed_GTA_VI_The_Pit_Bar-B-Q-inspired_restaurant","2026-09-13","LOW","NO","","gta 6 the pit bar-b-q-inspired restaurant;the pit bar-b-q-inspired restaurant gta 6;where is the pit bar-b-q-inspired restaurant gta 6","Data from outlawdb (https://outlawdb.com/en/gta-6/places), derived from GTA Wiki, CC BY-SA 3.0."
"landmark","Vice City Ferris wheel","","unnamed-vice-city-ferris-wheel","amusementpark ride","","Vice City Ferris wheel is a amusementpark ride listed for GTA 6 on the GTA Fandom wiki.","Vice City Ferris wheel appears on the GTA Fandom wiki as a Grand Theft Auto VI landmark. The wiki files it as a amusementpark ride. It is a single site rather than an area. No coordinates, no district boundary and no in-game address are given with it. Grand Theft Auto VI has not released and Rockstar has published no list of its own, so this entry records what the wiki says and does not treat it as confirmed.","Place type: amusementpark ride;Scope: single site;Coordinates: not given;Source: GTA Fandom wiki, via outlawdb","","","","COMMUNITY_IDENTIFIED","TIER_3_COMMUNITY","https://gta.fandom.com/wiki/Unnamed_GTA_VI_Vice_City_Ferris_wheel","2026-09-13","LOW","NO","","gta 6 vice city ferris wheel;vice city ferris wheel gta 6;where is vice city ferris wheel gta 6","Data from outlawdb (https://outlawdb.com/en/gta-6/places), derived from GTA Wiki, CC BY-SA 3.0."
"landmark","Vice City parking garage","","unnamed-vice-city-parking-garage","car park","","Vice City parking garage is a car park listed for GTA 6 on the GTA Fandom wiki.","Vice City parking garage appears on the GTA Fandom wiki as a Grand Theft Auto VI landmark. The wiki files it as a car park. It is a single site rather than an area. No coordinates, no district boundary and no in-game address are given with it. Grand Theft Auto VI has not released and Rockstar has published no list of its own, so this entry records what the wiki says and does not treat it as confirmed.","Place type: car park;Scope: single site;Coordinates: not given;Source: GTA Fandom wiki, via outlawdb","","","","COMMUNITY_IDENTIFIED","TIER_3_COMMUNITY","https://gta.fandom.com/wiki/Unnamed_GTA_VI_Vice_City_parking_garage","2026-09-13","LOW","NO","","gta 6 vice city parking garage;vice city parking garage gta 6;where is vice city parking garage gta 6","Data from outlawdb (https://outlawdb.com/en/gta-6/places), derived from GTA Wiki, CC BY-SA 3.0."
"landmark","Venture Apartments","","venture-apartments","housing project","","Venture Apartments is a housing project listed for GTA 6 on the GTA Fandom wiki.","Venture Apartments appear on the GTA Fandom wiki as a Grand Theft Auto VI landmark. The wiki files it as a housing project. It is a single site rather than an area. No coordinates, no district boundary and no in-game address are given with it. Grand Theft Auto VI has not released and Rockstar has published no list of its own, so this entry records what the wiki says and does not treat it as confirmed.","Place type: housing project;Scope: single site;Coordinates: not given;Source: GTA Fandom wiki, via outlawdb","","","","COMMUNITY_IDENTIFIED","TIER_3_COMMUNITY","https://gta.fandom.com/wiki/Venture_Apartments","2026-09-13","LOW","NO","","gta 6 venture apartments;venture apartments gta 6;where is venture apartments gta 6","Data from outlawdb (https://outlawdb.com/en/gta-6/places), derived from GTA Wiki, CC BY-SA 3.0."
"landmark","Vice City Arts Center","","vice-city-arts-center","performingarts","","Vice City Arts Center is a performingarts listed for GTA 6 on the GTA Fandom wiki.","Vice City Arts Center appears on the GTA Fandom wiki as a Grand Theft Auto VI landmark. The wiki files it as a performingarts. It is a single site rather than an area. No coordinates, no district boundary and no in-game address are given with it. Grand Theft Auto VI has not released and Rockstar has published no list of its own, so this entry records what the wiki says and does not treat it as confirmed.","Place type: performingarts;Scope: single site;Coordinates: not given;Source: GTA Fandom wiki, via outlawdb","","","","COMMUNITY_IDENTIFIED","TIER_3_COMMUNITY","https://gta.fandom.com/wiki/Vice_City_Arts_Center","2026-09-13","LOW","NO","","gta 6 vice city arts center;vice city arts center gta 6;where is vice city arts center gta 6","Data from outlawdb (https://outlawdb.com/en/gta-6/places), derived from GTA Wiki, CC BY-SA 3.0."
"landmark","Vice City Pawn","","vice-city-pawn","pawn shop","","Vice City Pawn is a pawn shop listed for GTA 6 on the GTA Fandom wiki.","Vice City Pawn appears on the GTA Fandom wiki as a Grand Theft Auto VI landmark. The wiki files it as a pawn shop. It is a single site rather than an area. No coordinates, no district boundary and no in-game address are given with it. Grand Theft Auto VI has not released and Rockstar has published no list of its own, so this entry records what the wiki says and does not treat it as confirmed.","Place type: pawn shop;Scope: single site;Coordinates: not given;Source: GTA Fandom wiki, via outlawdb","","","","COMMUNITY_IDENTIFIED","TIER_3_COMMUNITY","https://gta.fandom.com/wiki/Vice_City_Pawn","2026-09-13","LOW","NO","","gta 6 vice city pawn;vice city pawn gta 6;where is vice city pawn gta 6","Data from outlawdb (https://outlawdb.com/en/gta-6/places), derived from GTA Wiki, CC BY-SA 3.0."
"landmark","Vice City Sign","","vice-city-sign","sign","","Vice City Sign is a sign listed for GTA 6 on the GTA Fandom wiki.","Vice City Sign appears on the GTA Fandom wiki as a Grand Theft Auto VI landmark. The wiki files it as a sign. It is a single site rather than an area. No coordinates, no district boundary and no in-game address are given with it. Grand Theft Auto VI has not released and Rockstar has published no list of its own, so this entry records what the wiki says and does not treat it as confirmed.","Place type: sign;Scope: single site;Coordinates: not given;Source: GTA Fandom wiki, via outlawdb","","","","COMMUNITY_IDENTIFIED","TIER_3_COMMUNITY","https://gta.fandom.com/wiki/Vice_City_Sign","2026-09-13","LOW","NO","","gta 6 vice city sign;vice city sign gta 6;where is vice city sign gta 6","Data from outlawdb (https://outlawdb.com/en/gta-6/places), derived from GTA Wiki, CC BY-SA 3.0."
"landmark","Vice Memorial Park","","vice-memorial-park","park","","Vice Memorial Park is a park listed for GTA 6 on the GTA Fandom wiki.","Vice Memorial Park appears on the GTA Fandom wiki as a Grand Theft Auto VI landmark. The wiki files it as a park. It is a single site rather than an area. No coordinates, no district boundary and no in-game address are given with it. Grand Theft Auto VI has not released and Rockstar has published no list of its own, so this entry records what the wiki says and does not treat it as confirmed.","Place type: park;Scope: single site;Coordinates: not given;Source: GTA Fandom wiki, via outlawdb","","","","COMMUNITY_IDENTIFIED","TIER_3_COMMUNITY","https://gta.fandom.com/wiki/Vice_Memorial_Park","2026-09-13","LOW","NO","","gta 6 vice memorial park;vice memorial park gta 6;where is vice memorial park gta 6","Data from outlawdb (https://outlawdb.com/en/gta-6/places), derived from GTA Wiki, CC BY-SA 3.0."
"landmark","Warren Thacker Manor","","warren-thacker-manor","lowrise","","Warren Thacker Manor is a lowrise listed for GTA 6 on the GTA Fandom wiki.","Warren Thacker Manor appears on the GTA Fandom wiki as a Grand Theft Auto VI landmark. The wiki files it as a lowrise. It is a single site rather than an area. No coordinates, no district boundary and no in-game address are given with it. Grand Theft Auto VI has not released and Rockstar has published no list of its own, so this entry records what the wiki says and does not treat it as confirmed.","Place type: lowrise;Scope: single site;Coordinates: not given;Source: GTA Fandom wiki, via outlawdb","","","","COMMUNITY_IDENTIFIED","TIER_3_COMMUNITY","https://gta.fandom.com/wiki/Warren_Thacker_Manor","2026-09-13","LOW","NO","","gta 6 warren thacker manor;warren thacker manor gta 6;where is warren thacker manor gta 6","Data from outlawdb (https://outlawdb.com/en/gta-6/places), derived from GTA Wiki, CC BY-SA 3.0."
"landmark","Watkins Auto Parts","","watkins-auto-parts","mod shop","","Watkins Auto Parts is a mod shop listed for GTA 6 on the GTA Fandom wiki.","Watkins Auto Parts appear on the GTA Fandom wiki as a Grand Theft Auto VI landmark. The wiki files it as a mod shop. It is a single site rather than an area. No coordinates, no district boundary and no in-game address are given with it. Grand Theft Auto VI has not released and Rockstar has published no list of its own, so this entry records what the wiki says and does not treat it as confirmed.","Place type: mod shop;Scope: single site;Coordinates: not given;Source: GTA Fandom wiki, via outlawdb","","","","COMMUNITY_IDENTIFIED","TIER_3_COMMUNITY","https://gta.fandom.com/wiki/Watkins_Auto_Parts","2026-09-13","LOW","NO","","gta 6 watkins auto parts;watkins auto parts gta 6;where is watkins auto parts gta 6","Data from outlawdb (https://outlawdb.com/en/gta-6/places), derived from GTA Wiki, CC BY-SA 3.0."
"landmark","What's Cooking","","whats-cooking","supply","","What's Cooking is a supply listed for GTA 6 on the GTA Fandom wiki.","What's Cooking appears on the GTA Fandom wiki as a Grand Theft Auto VI landmark. The wiki files it as a supply. It is a single site rather than an area. No coordinates, no district boundary and no in-game address are given with it. Grand Theft Auto VI has not released and Rockstar has published no list of its own, so this entry records what the wiki says and does not treat it as confirmed.","Place type: supply;Scope: single site;Coordinates: not given;Source: GTA Fandom wiki, via outlawdb","","","","COMMUNITY_IDENTIFIED","TIER_3_COMMUNITY","https://gta.fandom.com/wiki/What's_Cooking","2026-09-13","LOW","NO","","gta 6 what's cooking;what's cooking gta 6;where is what's cooking gta 6","Data from outlawdb (https://outlawdb.com/en/gta-6/places), derived from GTA Wiki, CC BY-SA 3.0."
"landmark","Wonder Whale","","wonder-whale","statue","","Wonder Whale is a statue listed for GTA 6 on the GTA Fandom wiki.","Wonder Whale appears on the GTA Fandom wiki as a Grand Theft Auto VI landmark. The wiki files it as a statue. It is a single site rather than an area. No coordinates, no district boundary and no in-game address are given with it. Grand Theft Auto VI has not released and Rockstar has published no list of its own, so this entry records what the wiki says and does not treat it as confirmed.","Place type: statue;Scope: single site;Coordinates: not given;Source: GTA Fandom wiki, via outlawdb","","","","COMMUNITY_IDENTIFIED","TIER_3_COMMUNITY","https://gta.fandom.com/wiki/Wonder_Whale","2026-09-13","LOW","NO","","gta 6 wonder whale;wonder whale gta 6;where is wonder whale gta 6","Data from outlawdb (https://outlawdb.com/en/gta-6/places), derived from GTA Wiki, CC BY-SA 3.0."
"landmark","Y Vice City","","y-vice-city","hotel","","Y Vice City is a hotel listed for GTA 6 on the GTA Fandom wiki.","Y Vice City appears on the GTA Fandom wiki as a Grand Theft Auto VI landmark. The wiki files it as a hotel. It is a single site rather than an area. No coordinates, no district boundary and no in-game address are given with it. Grand Theft Auto VI has not released and Rockstar has published no list of its own, so this entry records what the wiki says and does not treat it as confirmed.","Place type: hotel;Scope: single site;Coordinates: not given;Source: GTA Fandom wiki, via outlawdb","","","","COMMUNITY_IDENTIFIED","TIER_3_COMMUNITY","https://gta.fandom.com/wiki/Y_Vice_City","2026-09-13","LOW","NO","","gta 6 y vice city;y vice city gta 6;where is y vice city gta 6","Data from outlawdb (https://outlawdb.com/en/gta-6/places), derived from GTA Wiki, CC BY-SA 3.0."
