"entity_type","name","alt_names","slug","category","subcategory","short_description","long_description","key_facts","real_world_basis","first_shown_in","first_shown_date","confirmed_status","source_tier","source_url","source_date","confidence","official_image_exists","related_entities","search_terms","notes"
"vehicle","8F Drafter","","8f-drafter","Sports","2-door coupe","8F Drafter is a vehicle listed for GTA 6 on the GTA Fandom wiki, made in game by Obey.","8F Drafter appears on the GTA Fandom wiki as a Grand Theft Auto VI vehicle. The in-game manufacturer is given as Obey. Grand Theft Auto uses invented car brands, so Obey is not a real company. The wiki files it in the Sports class, with a 2-door coupe body. It seats 2. A price of $718,000 is listed. Rockstar has published no GTA 6 price. Grand Theft Auto VI has not released and Rockstar has published no list of its own, so this entry records what the wiki says and does not treat it as confirmed.","Manufacturer: Obey;Class: Sports;Body style: 2-door coupe;Seats: 2;Listed price: $718,000;Source: GTA Fandom wiki, via outlawdb","","","","COMMUNITY_IDENTIFIED","TIER_3_COMMUNITY","https://gta.fandom.com/wiki/8F_Drafter","2026-09-13","LOW","NO","Obey","gta 6 8f drafter;8f drafter gta 6;gta 6 obey","Data from outlawdb (https://outlawdb.com/en/gta-6/vehicles), derived from GTA Wiki, CC BY-SA 3.0."
"vehicle","Airboat 09","","airboat-09","","Airboat","Airboat 09 is a vehicle listed for GTA 6 on the GTA Fandom wiki, made in game by Airgator Airboats.","Airboat 09 appears on the GTA Fandom wiki as a Grand Theft Auto VI vehicle. The in-game manufacturer is given as Airgator Airboats. Grand Theft Auto uses invented car brands, so Airgator Airboats is not a real company. The body style is given as Airboat. The vehicle type is given as motorboat. Grand Theft Auto VI has not released and Rockstar has published no list of its own, so this entry records what the wiki says and does not treat it as confirmed.","Manufacturer: Airgator Airboats;Body style: Airboat;Source: GTA Fandom wiki, via outlawdb","","","","COMMUNITY_IDENTIFIED","TIER_3_COMMUNITY","https://gta.fandom.com/wiki/Airboat_09","2026-09-13","LOW","NO","Airgator Airboats","gta 6 airboat 09;airboat 09 gta 6;gta 6 airgator airboats","Data from outlawdb (https://outlawdb.com/en/gta-6/vehicles), derived from GTA Wiki, CC BY-SA 3.0."
"vehicle","Aleutian","","aleutian","SUVs","4-door SUV","Aleutian is a vehicle listed for GTA 6 on the GTA Fandom wiki, made in game by Vapid.","Aleutian appears on the GTA Fandom wiki as a Grand Theft Auto VI vehicle. The in-game manufacturer is given as Vapid. Grand Theft Auto uses invented car brands, so Vapid is not a real company. The wiki files it in the SUVs class, with a 4-door SUV body. The vehicle type is given as lighttruck. It seats 4. A price of $1,835,000 is listed. Rockstar has published no GTA 6 price. Grand Theft Auto VI has not released and Rockstar has published no list of its own, so this entry records what the wiki says and does not treat it as confirmed.","Manufacturer: Vapid;Class: SUVs;Body style: 4-door SUV;Seats: 4;Listed price: $1,835,000;Source: GTA Fandom wiki, via outlawdb","","","","COMMUNITY_IDENTIFIED","TIER_3_COMMUNITY","https://gta.fandom.com/wiki/Aleutian","2026-09-13","LOW","NO","Vapid","gta 6 aleutian;aleutian gta 6;gta 6 vapid","Data from outlawdb (https://outlawdb.com/en/gta-6/vehicles), derived from GTA Wiki, CC BY-SA 3.0."
"vehicle","Alpha","","alpha","Sports","2-door coupe","Alpha is a vehicle listed for GTA 6 on the GTA Fandom wiki, made in game by Albany.","Alpha appears on the GTA Fandom wiki as a Grand Theft Auto VI vehicle. The in-game manufacturer is given as Albany. Grand Theft Auto uses invented car brands, so Albany is not a real company. The wiki files it in the Sports class, with a 2-door coupe body. The vehicle type is given as grandtourer. It seats 2. A price of $150,000 is listed, but the wiki takes that figure from GTA Online and not from GTA 6. No GTA 6 price has been published. Grand Theft Auto VI has not released and Rockstar has published no list of its own, so this entry records what the wiki says and does not treat it as confirmed.","Manufacturer: Albany;Class: Sports;Body style: 2-door coupe;Seats: 2;Listed price: $150,000 (from GTA Online, not GTA 6);Source: GTA Fandom wiki, via outlawdb","","","","COMMUNITY_IDENTIFIED","TIER_3_COMMUNITY","https://gta.fandom.com/wiki/Alpha_(HD_Universe)","2026-09-13","LOW","NO","Albany","gta 6 alpha;alpha gta 6;gta 6 albany","Data from outlawdb (https://outlawdb.com/en/gta-6/vehicles), derived from GTA Wiki, CC BY-SA 3.0."
"vehicle","Alvino V1","","alvino-v1","","Sports bike","Alvino V1 is a vehicle listed for GTA 6 on the GTA Fandom wiki, made in game by Principe.","Alvino V1 appears on the GTA Fandom wiki as a Grand Theft Auto VI vehicle. The in-game manufacturer is given as Principe. Grand Theft Auto uses invented car brands, so Principe is not a real company. The body style is given as Sports bike. The vehicle type is given as streetbike. Grand Theft Auto VI has not released and Rockstar has published no list of its own, so this entry records what the wiki says and does not treat it as confirmed.","Manufacturer: Principe;Body style: Sports bike;Source: GTA Fandom wiki, via outlawdb","","","","COMMUNITY_IDENTIFIED","TIER_3_COMMUNITY","https://gta.fandom.com/wiki/Alvino_V1","2026-09-13","LOW","NO","Principe","gta 6 alvino v1;alvino v1 gta 6;gta 6 principe","Data from outlawdb (https://outlawdb.com/en/gta-6/vehicles), derived from GTA Wiki, CC BY-SA 3.0."
"vehicle","Arcturus","","arcturus","","","Arcturus is a vehicle listed for GTA 6 on the GTA Fandom wiki.","Arcturus appears on the GTA Fandom wiki as a Grand Theft Auto VI vehicle. Grand Theft Auto VI has not released and Rockstar has published no list of its own, so this entry records what the wiki says and does not treat it as confirmed.","Source: GTA Fandom wiki, via outlawdb","","","","COMMUNITY_IDENTIFIED","TIER_3_COMMUNITY","https://gta.fandom.com/wiki/Arcturus","2026-09-13","LOW","NO","","gta 6 arcturus;arcturus gta 6","Data from outlawdb (https://outlawdb.com/en/gta-6/vehicles), derived from GTA Wiki, CC BY-SA 3.0."
"vehicle","Asterope GZ","","asterope-gz","Sedans","4-door sedan","Asterope GZ is a vehicle listed for GTA 6 on the GTA Fandom wiki, made in game by Karin.","Asterope GZ appears on the GTA Fandom wiki as a Grand Theft Auto VI vehicle. The in-game manufacturer is given as Karin. Grand Theft Auto uses invented car brands, so Karin is not a real company. The wiki files it in the Sedans class, with a 4-door sedan body. The vehicle type is given as midsize. It seats 4. A price of $459,000 is listed. Rockstar has published no GTA 6 price. Grand Theft Auto VI has not released and Rockstar has published no list of its own, so this entry records what the wiki says and does not treat it as confirmed.","Manufacturer: Karin;Class: Sedans;Body style: 4-door sedan;Seats: 4;Listed price: $459,000;Source: GTA Fandom wiki, via outlawdb","","","","COMMUNITY_IDENTIFIED","TIER_3_COMMUNITY","https://gta.fandom.com/wiki/Asterope_GZ","2026-09-13","LOW","NO","Karin","gta 6 asterope gz;asterope gz gta 6;gta 6 karin","Data from outlawdb (https://outlawdb.com/en/gta-6/vehicles), derived from GTA Wiki, CC BY-SA 3.0."
"vehicle","Astron","","astron","SUVs","5-door compact SUV","Astron is a vehicle listed for GTA 6 on the GTA Fandom wiki, made in game by Pfister.","Astron appears on the GTA Fandom wiki as a Grand Theft Auto VI vehicle. The in-game manufacturer is given as Pfister. Grand Theft Auto uses invented car brands, so Pfister is not a real company. The wiki files it in the SUVs class, with a 5-door compact SUV body. The vehicle type is given as lighttruck. It seats 4. A price of $1,580,000 is listed. Rockstar has published no GTA 6 price. Grand Theft Auto VI has not released and Rockstar has published no list of its own, so this entry records what the wiki says and does not treat it as confirmed.","Manufacturer: Pfister;Class: SUVs;Body style: 5-door compact SUV;Seats: 4;Listed price: $1,580,000;Source: GTA Fandom wiki, via outlawdb","","","","COMMUNITY_IDENTIFIED","TIER_3_COMMUNITY","https://gta.fandom.com/wiki/Astron","2026-09-13","LOW","NO","Pfister","gta 6 astron;astron gta 6;gta 6 pfister","Data from outlawdb (https://outlawdb.com/en/gta-6/vehicles), derived from GTA Wiki, CC BY-SA 3.0."
"vehicle","Avarus","","avarus","Motorcycles","Chopper","Avarus is a vehicle listed for GTA 6 on the GTA Fandom wiki, made in game by Liberty City Cycles.","Avarus appears on the GTA Fandom wiki as a Grand Theft Auto VI vehicle. The in-game manufacturer is given as Liberty City Cycles. Grand Theft Auto uses invented car brands, so Liberty City Cycles is not a real company. The wiki files it in the Motorcycles class, with a Chopper body. The vehicle type is given as streetbike. It seats 1. A price of $116,000 is listed. Rockstar has published no GTA 6 price. Grand Theft Auto VI has not released and Rockstar has published no list of its own, so this entry records what the wiki says and does not treat it as confirmed.","Manufacturer: Liberty City Cycles;Class: Motorcycles;Body style: Chopper;Seats: 1;Listed price: $116,000;Source: GTA Fandom wiki, via outlawdb","","","","COMMUNITY_IDENTIFIED","TIER_3_COMMUNITY","https://gta.fandom.com/wiki/Avarus","2026-09-13","LOW","NO","Liberty City Cycles","gta 6 avarus;avarus gta 6;gta 6 liberty city cycles","Data from outlawdb (https://outlawdb.com/en/gta-6/vehicles), derived from GTA Wiki, CC BY-SA 3.0."
"vehicle","Baller (second generation)","","baller-second-generation","SUVs","5-door SUV","Baller (second generation) is a vehicle listed for GTA 6 on the GTA Fandom wiki, made in game by Gallivanter.","Baller (second generation) appears on the GTA Fandom wiki as a Grand Theft Auto VI vehicle. The in-game manufacturer is given as Gallivanter. Grand Theft Auto uses invented car brands, so Gallivanter is not a real company. The wiki files it in the SUVs class, with a 5-door SUV body. The vehicle type is given as lighttruck. It seats 4. A price of $98,000 is listed, but the wiki takes that figure from GTA V and not from GTA 6. No GTA 6 price has been published. Grand Theft Auto VI has not released and Rockstar has published no list of its own, so this entry records what the wiki says and does not treat it as confirmed.","Manufacturer: Gallivanter;Class: SUVs;Body style: 5-door SUV;Seats: 4;Listed price: $98,000 (from GTA V, not GTA 6);Source: GTA Fandom wiki, via outlawdb","","","","COMMUNITY_IDENTIFIED","TIER_3_COMMUNITY","https://gta.fandom.com/wiki/Baller_(second_generation)","2026-09-13","LOW","NO","Gallivanter","gta 6 baller (second generation);baller (second generation) gta 6;gta 6 gallivanter","Data from outlawdb (https://outlawdb.com/en/gta-6/vehicles), derived from GTA Wiki, CC BY-SA 3.0."
"vehicle","Banshee","","banshee","Sports","sports","Banshee is a vehicle listed for GTA 6 on the GTA Fandom wiki, made in game by Bravado.","Banshee appears on the GTA Fandom wiki as a Grand Theft Auto VI vehicle. The in-game manufacturer is given as Bravado. Grand Theft Auto uses invented car brands, so Bravado is not a real company. The wiki files it in the Sports class. It seats 2. A price of $800 is listed, but the wiki takes that figure from GTA Chinatown Wars and not from GTA 6. No GTA 6 price has been published. Grand Theft Auto VI has not released and Rockstar has published no list of its own, so this entry records what the wiki says and does not treat it as confirmed.","Manufacturer: Bravado;Class: Sports;Seats: 2;Listed price: $800 (from GTA Chinatown Wars, not GTA 6);Source: GTA Fandom wiki, via outlawdb","","","","COMMUNITY_IDENTIFIED","TIER_3_COMMUNITY","https://gta.fandom.com/wiki/Banshee_(HD_Universe)","2026-09-13","LOW","NO","Bravado","gta 6 banshee;banshee gta 6;gta 6 bravado","Data from outlawdb (https://outlawdb.com/en/gta-6/vehicles), derived from GTA Wiki, CC BY-SA 3.0."
"vehicle","Benson","","benson","Commercial","Box truck","Benson is a vehicle listed for GTA 6 on the GTA Fandom wiki, made in game by Vapid.","Benson appears on the GTA Fandom wiki as a Grand Theft Auto VI vehicle. The in-game manufacturer is given as Vapid. Grand Theft Auto uses invented car brands, so Vapid is not a real company. The wiki files it in the Commercial class, with a Box truck body. The vehicle type is given as heavytruck. It seats 2. Grand Theft Auto VI has not released and Rockstar has published no list of its own, so this entry records what the wiki says and does not treat it as confirmed.","Manufacturer: Vapid;Class: Commercial;Body style: Box truck;Seats: 2;Source: GTA Fandom wiki, via outlawdb","","","","COMMUNITY_IDENTIFIED","TIER_3_COMMUNITY","https://gta.fandom.com/wiki/Benson_(HD_Universe)","2026-09-13","LOW","NO","Vapid","gta 6 benson;benson gta 6;gta 6 vapid","Data from outlawdb (https://outlawdb.com/en/gta-6/vehicles), derived from GTA Wiki, CC BY-SA 3.0."
"vehicle","Biff","","biff","Commercial","Dump truck/Flatbed truck","Biff is a vehicle listed for GTA 6 on the GTA Fandom wiki, made in game by HVY.","Biff appears on the GTA Fandom wiki as a Grand Theft Auto VI vehicle. The in-game manufacturer is given as HVY. Grand Theft Auto uses invented car brands, so HVY is not a real company. The wiki files it in the Commercial class, with a Dump truck/Flatbed truck body. The vehicle type is given as heavytruck. It seats 2. Grand Theft Auto VI has not released and Rockstar has published no list of its own, so this entry records what the wiki says and does not treat it as confirmed.","Manufacturer: HVY;Class: Commercial;Body style: Dump truck/Flatbed truck;Seats: 2;Source: GTA Fandom wiki, via outlawdb","","","","COMMUNITY_IDENTIFIED","TIER_3_COMMUNITY","https://gta.fandom.com/wiki/Biff","2026-09-13","LOW","NO","HVY","gta 6 biff;biff gta 6;gta 6 hvy","Data from outlawdb (https://outlawdb.com/en/gta-6/vehicles), derived from GTA Wiki, CC BY-SA 3.0."
"vehicle","Bison","","bison","Vans","Crew cab pickup truck","Bison is a vehicle listed for GTA 6 on the GTA Fandom wiki, made in game by Bravado.","Bison appears on the GTA Fandom wiki as a Grand Theft Auto VI vehicle. The in-game manufacturer is given as Bravado. Grand Theft Auto uses invented car brands, so Bravado is not a real company. The wiki files it in the Vans class, with a Crew cab pickup truck body. The vehicle type is given as lighttruck. It seats 6. A price of $30,000 is listed, but the wiki takes that figure from GTA Online and not from GTA 6. No GTA 6 price has been published. Grand Theft Auto VI has not released and Rockstar has published no list of its own, so this entry records what the wiki says and does not treat it as confirmed.","Manufacturer: Bravado;Class: Vans;Body style: Crew cab pickup truck;Seats: 6;Listed price: $30,000 (from GTA Online, not GTA 6);Source: GTA Fandom wiki, via outlawdb","","","","COMMUNITY_IDENTIFIED","TIER_3_COMMUNITY","https://gta.fandom.com/wiki/Bison","2026-09-13","LOW","NO","Bravado","gta 6 bison;bison gta 6;gta 6 bravado","Data from outlawdb (https://outlawdb.com/en/gta-6/vehicles), derived from GTA Wiki, CC BY-SA 3.0."
"vehicle","Bison (second generation)","","bison-second-generation","","Crew cab pickup truck","Bison (second generation) is a vehicle listed for GTA 6 on the GTA Fandom wiki, made in game by Bravado.","Bison (second generation) appears on the GTA Fandom wiki as a Grand Theft Auto VI vehicle. The in-game manufacturer is given as Bravado. Grand Theft Auto uses invented car brands, so Bravado is not a real company. The body style is given as Crew cab pickup truck. The vehicle type is given as lighttruck. Grand Theft Auto VI has not released and Rockstar has published no list of its own, so this entry records what the wiki says and does not treat it as confirmed.","Manufacturer: Bravado;Body style: Crew cab pickup truck;Source: GTA Fandom wiki, via outlawdb","","","","COMMUNITY_IDENTIFIED","TIER_3_COMMUNITY","https://gta.fandom.com/wiki/Bison_(second_generation)","2026-09-13","LOW","NO","Bravado","gta 6 bison (second generation);bison (second generation) gta 6;gta 6 bravado","Data from outlawdb (https://outlawdb.com/en/gta-6/vehicles), derived from GTA Wiki, CC BY-SA 3.0."
"vehicle","Blazer","","blazer","Off-Road","Quad bike","Blazer is a vehicle listed for GTA 6 on the GTA Fandom wiki, made in game by Nagasaki.","Blazer appears on the GTA Fandom wiki as a Grand Theft Auto VI vehicle. The in-game manufacturer is given as Nagasaki. Grand Theft Auto uses invented car brands, so Nagasaki is not a real company. The wiki files it in the Off-Road class, with a Quad bike body. The vehicle type is given as atv. It seats 1. A price of $8,000 is listed, but the wiki takes that figure from GTA V and not from GTA 6. No GTA 6 price has been published. Grand Theft Auto VI has not released and Rockstar has published no list of its own, so this entry records what the wiki says and does not treat it as confirmed.","Manufacturer: Nagasaki;Class: Off-Road;Body style: Quad bike;Seats: 1;Listed price: $8,000 (from GTA V, not GTA 6);Source: GTA Fandom wiki, via outlawdb","","","","COMMUNITY_IDENTIFIED","TIER_3_COMMUNITY","https://gta.fandom.com/wiki/Blazer","2026-09-13","LOW","NO","Nagasaki","gta 6 blazer;blazer gta 6;gta 6 nagasaki","Data from outlawdb (https://outlawdb.com/en/gta-6/vehicles), derived from GTA Wiki, CC BY-SA 3.0."
"vehicle","Blista Compact","","blista-compact","Sports","3-door hatchback","Blista Compact is a vehicle listed for GTA 6 on the GTA Fandom wiki, made in game by Dinka.","Blista Compact appears on the GTA Fandom wiki as a Grand Theft Auto VI vehicle. The in-game manufacturer is given as Dinka. Grand Theft Auto uses invented car brands, so Dinka is not a real company. The wiki files it in the Sports class, with a 3-door hatchback body. The vehicle type is given as sportcompact. It seats 2. A price of $42,000 is listed, but the wiki takes that figure from GTA V and not from GTA 6. No GTA 6 price has been published. Grand Theft Auto VI has not released and Rockstar has published no list of its own, so this entry records what the wiki says and does not treat it as confirmed.","Manufacturer: Dinka;Class: Sports;Body style: 3-door hatchback;Seats: 2;Listed price: $42,000 (from GTA V, not GTA 6);Source: GTA Fandom wiki, via outlawdb","","","","COMMUNITY_IDENTIFIED","TIER_3_COMMUNITY","https://gta.fandom.com/wiki/Blista_Compact_(HD_Universe)","2026-09-13","LOW","NO","Dinka","gta 6 blista compact;blista compact gta 6;gta 6 dinka","Data from outlawdb (https://outlawdb.com/en/gta-6/vehicles), derived from GTA Wiki, CC BY-SA 3.0."
"vehicle","BMX","","bmx","Cycles","BMX","BMX is a vehicle listed for GTA 6 on the GTA Fandom wiki, made in game by PED Cycles.","BMX appears on the GTA Fandom wiki as a Grand Theft Auto VI vehicle. The in-game manufacturer is given as PED Cycles. Grand Theft Auto uses invented car brands, so PED Cycles is not a real company. The wiki files it in the Cycles class, with a BMX body. The vehicle type is given as bicycle. It seats 1. A price of $500 is listed, but the wiki takes that figure from GTA V and not from GTA 6. No GTA 6 price has been published. Grand Theft Auto VI has not released and Rockstar has published no list of its own, so this entry records what the wiki says and does not treat it as confirmed.","Manufacturer: PED Cycles;Class: Cycles;Body style: BMX;Seats: 1;Listed price: $500 (from GTA V, not GTA 6);Source: GTA Fandom wiki, via outlawdb","","","","COMMUNITY_IDENTIFIED","TIER_3_COMMUNITY","https://gta.fandom.com/wiki/BMX_(HD_Universe)","2026-09-13","LOW","NO","PED Cycles","gta 6 bmx;bmx gta 6;gta 6 ped cycles","Data from outlawdb (https://outlawdb.com/en/gta-6/vehicles), derived from GTA Wiki, CC BY-SA 3.0."
"vehicle","Boat Trailer","","boat-trailer","Utility","Boat trailer","Boat Trailer is a vehicle listed for GTA 6 on the GTA Fandom wiki.","Boat Trailer appears on the GTA Fandom wiki as a Grand Theft Auto VI vehicle. The wiki files it in the Utility class, with a Boat trailer body. The vehicle type is given as lighttrailer. Grand Theft Auto VI has not released and Rockstar has published no list of its own, so this entry records what the wiki says and does not treat it as confirmed.","Class: Utility;Body style: Boat trailer;Source: GTA Fandom wiki, via outlawdb","","","","COMMUNITY_IDENTIFIED","TIER_3_COMMUNITY","https://gta.fandom.com/wiki/Boat_Trailer","2026-09-13","LOW","NO","","gta 6 boat trailer;boat trailer gta 6","Data from outlawdb (https://outlawdb.com/en/gta-6/vehicles), derived from GTA Wiki, CC BY-SA 3.0."
"vehicle","Bobcat XL","","bobcat-xl","Vans","2-door pickup truck","Bobcat XL is a vehicle listed for GTA 6 on the GTA Fandom wiki, made in game by Vapid.","Bobcat XL appears on the GTA Fandom wiki as a Grand Theft Auto VI vehicle. The in-game manufacturer is given as Vapid. Grand Theft Auto uses invented car brands, so Vapid is not a real company. The wiki files it in the Vans class, with a 2-door pickup truck body. The vehicle type is given as lighttruck. It seats 2. A price of $23,000 is listed, but the wiki takes that figure from GTA Online and not from GTA 6. No GTA 6 price has been published. Grand Theft Auto VI has not released and Rockstar has published no list of its own, so this entry records what the wiki says and does not treat it as confirmed.","Manufacturer: Vapid;Class: Vans;Body style: 2-door pickup truck;Seats: 2;Listed price: $23,000 (from GTA Online, not GTA 6);Source: GTA Fandom wiki, via outlawdb","","","","COMMUNITY_IDENTIFIED","TIER_3_COMMUNITY","https://gta.fandom.com/wiki/Bobcat_XL","2026-09-13","LOW","NO","Vapid","gta 6 bobcat xl;bobcat xl gta 6;gta 6 vapid","Data from outlawdb (https://outlawdb.com/en/gta-6/vehicles), derived from GTA Wiki, CC BY-SA 3.0."
"vehicle","Boxville","","boxville","Vans","Multi-stop truck","Boxville is a vehicle listed for GTA 6 on the GTA Fandom wiki, made in game by Brute.","Boxville appears on the GTA Fandom wiki as a Grand Theft Auto VI vehicle. The in-game manufacturer is given as Brute. Grand Theft Auto uses invented car brands, so Brute is not a real company. The wiki files it in the Vans class, with a Multi-stop truck body. The vehicle type is given as mediumtruck. It seats 4. Grand Theft Auto VI has not released and Rockstar has published no list of its own, so this entry records what the wiki says and does not treat it as confirmed.","Manufacturer: Brute;Class: Vans;Body style: Multi-stop truck;Seats: 4;Source: GTA Fandom wiki, via outlawdb","","","","COMMUNITY_IDENTIFIED","TIER_3_COMMUNITY","https://gta.fandom.com/wiki/Boxville_(HD_Universe)","2026-09-13","LOW","NO","Brute","gta 6 boxville;boxville gta 6;gta 6 brute","Data from outlawdb (https://outlawdb.com/en/gta-6/vehicles), derived from GTA Wiki, CC BY-SA 3.0."
"vehicle","BTN Delmar","","btn-delmar","","Container ship","BTN Delmar is a vehicle listed for GTA 6 on the GTA Fandom wiki.","BTN Delmar appears on the GTA Fandom wiki as a Grand Theft Auto VI vehicle. The body style is given as Container ship. The vehicle type is given as ship. Grand Theft Auto VI has not released and Rockstar has published no list of its own, so this entry records what the wiki says and does not treat it as confirmed.","Body style: Container ship;Source: GTA Fandom wiki, via outlawdb","","","","COMMUNITY_IDENTIFIED","TIER_3_COMMUNITY","https://gta.fandom.com/wiki/BTN_Delmar","2026-09-13","LOW","NO","","gta 6 btn delmar;btn delmar gta 6","Data from outlawdb (https://outlawdb.com/en/gta-6/vehicles), derived from GTA Wiki, CC BY-SA 3.0."
"vehicle","Buccaneer","","buccaneer","Muscle","Two-door coupé","Buccaneer is a vehicle listed for GTA 6 on the GTA Fandom wiki, made in game by Albany.","Buccaneer appears on the GTA Fandom wiki as a Grand Theft Auto VI vehicle. The in-game manufacturer is given as Albany. Grand Theft Auto uses invented car brands, so Albany is not a real company. The wiki files it in the Muscle class, with a Two-door coupé body. The vehicle type is given as personal. It seats 2. A price of $29,000 is listed, but the wiki takes that figure from GTA Online and not from GTA 6. No GTA 6 price has been published. Grand Theft Auto VI has not released and Rockstar has published no list of its own, so this entry records what the wiki says and does not treat it as confirmed.","Manufacturer: Albany;Class: Muscle;Body style: Two-door coupé;Seats: 2;Listed price: $29,000 (from GTA Online, not GTA 6);Source: GTA Fandom wiki, via outlawdb","","","","COMMUNITY_IDENTIFIED","TIER_3_COMMUNITY","https://gta.fandom.com/wiki/Buccaneer_(HD_Universe)","2026-09-13","LOW","NO","Albany","gta 6 buccaneer;buccaneer gta 6;gta 6 albany","Data from outlawdb (https://outlawdb.com/en/gta-6/vehicles), derived from GTA Wiki, CC BY-SA 3.0."
"vehicle","Buccaneer Custom","","buccaneer-custom","Muscle","2-door lowrider","Buccaneer Custom is a vehicle listed for GTA 6 on the GTA Fandom wiki, made in game by Albany.","Buccaneer Custom appears on the GTA Fandom wiki as a Grand Theft Auto VI vehicle. The in-game manufacturer is given as Albany. Grand Theft Auto uses invented car brands, so Albany is not a real company. The wiki files it in the Muscle class, with a 2-door lowrider body. The vehicle type is given as personal. It seats 2. A price of $390,000 is listed. Rockstar has published no GTA 6 price. Grand Theft Auto VI has not released and Rockstar has published no list of its own, so this entry records what the wiki says and does not treat it as confirmed.","Manufacturer: Albany;Class: Muscle;Body style: 2-door lowrider;Seats: 2;Listed price: $390,000;Source: GTA Fandom wiki, via outlawdb","","","","COMMUNITY_IDENTIFIED","TIER_3_COMMUNITY","https://gta.fandom.com/wiki/Buccaneer_Custom","2026-09-13","LOW","NO","Albany","gta 6 buccaneer custom;buccaneer custom gta 6;gta 6 albany","Data from outlawdb (https://outlawdb.com/en/gta-6/vehicles), derived from GTA Wiki, CC BY-SA 3.0."
"vehicle","Buffalo","","buffalo","Sports","4-door sedan","Buffalo is a vehicle listed for GTA 6 on the GTA Fandom wiki, made in game by Bravado.","Buffalo appears on the GTA Fandom wiki as a Grand Theft Auto VI vehicle. The in-game manufacturer is given as Bravado. Grand Theft Auto uses invented car brands, so Bravado is not a real company. The wiki files it in the Sports class, with a 4-door sedan body. The vehicle type is given as fullsize. It seats 4. A price of $35,000 is listed, but the wiki takes that figure from GTA Online and not from GTA 6. No GTA 6 price has been published. Grand Theft Auto VI has not released and Rockstar has published no list of its own, so this entry records what the wiki says and does not treat it as confirmed.","Manufacturer: Bravado;Class: Sports;Body style: 4-door sedan;Seats: 4;Listed price: $35,000 (from GTA Online, not GTA 6);Source: GTA Fandom wiki, via outlawdb","","","","COMMUNITY_IDENTIFIED","TIER_3_COMMUNITY","https://gta.fandom.com/wiki/Buffalo_(HD_Universe)","2026-09-13","LOW","NO","Bravado","gta 6 buffalo;buffalo gta 6;gta 6 bravado","Data from outlawdb (https://outlawdb.com/en/gta-6/vehicles), derived from GTA Wiki, CC BY-SA 3.0."
"vehicle","Buffalo STX","","buffalo-stx","Muscle","4-door sedan","Buffalo STX is a vehicle listed for GTA 6 on the GTA Fandom wiki, made in game by Bravado.","Buffalo STX appears on the GTA Fandom wiki as a Grand Theft Auto VI vehicle. The in-game manufacturer is given as Bravado. Grand Theft Auto uses invented car brands, so Bravado is not a real company. The wiki files it in the Muscle class, with a 4-door sedan body. The vehicle type is given as fullsize. It seats 4. A price of $2,150,000 is listed, but the wiki takes that figure from GTA Online and not from GTA 6. No GTA 6 price has been published. Grand Theft Auto VI has not released and Rockstar has published no list of its own, so this entry records what the wiki says and does not treat it as confirmed.","Manufacturer: Bravado;Class: Muscle;Body style: 4-door sedan;Seats: 4;Listed price: $2,150,000 (from GTA Online, not GTA 6);Source: GTA Fandom wiki, via outlawdb","","","","COMMUNITY_IDENTIFIED","TIER_3_COMMUNITY","https://gta.fandom.com/wiki/Buffalo_STX","2026-09-13","LOW","NO","Bravado","gta 6 buffalo stx;buffalo stx gta 6;gta 6 bravado","Data from outlawdb (https://outlawdb.com/en/gta-6/vehicles), derived from GTA Wiki, CC BY-SA 3.0."
"vehicle","Buffalo STX Pursuit","","buffalo-stx-pursuit","Emergency","4-door sedan","Buffalo STX Pursuit is a vehicle listed for GTA 6 on the GTA Fandom wiki, made in game by Bravado.","Buffalo STX Pursuit appears on the GTA Fandom wiki as a Grand Theft Auto VI vehicle. The in-game manufacturer is given as Bravado. Grand Theft Auto uses invented car brands, so Bravado is not a real company. The wiki files it in the Emergency class, with a 4-door sedan body. The vehicle type is given as fullsize. It seats 4. A price of $5,370,000 is listed. Rockstar has published no GTA 6 price. Grand Theft Auto VI has not released and Rockstar has published no list of its own, so this entry records what the wiki says and does not treat it as confirmed.","Manufacturer: Bravado;Class: Emergency;Body style: 4-door sedan;Seats: 4;Listed price: $5,370,000;Source: GTA Fandom wiki, via outlawdb","","","","COMMUNITY_IDENTIFIED","TIER_3_COMMUNITY","https://gta.fandom.com/wiki/Buffalo_STX_Pursuit","2026-09-13","LOW","NO","Bravado","gta 6 buffalo stx pursuit;buffalo stx pursuit gta 6;gta 6 bravado","Data from outlawdb (https://outlawdb.com/en/gta-6/vehicles), derived from GTA Wiki, CC BY-SA 3.0."
"vehicle","Burrito","","burrito","Vans","Cargo van","Burrito is a vehicle listed for GTA 6 on the GTA Fandom wiki, made in game by Declasse.","Burrito appears on the GTA Fandom wiki as a Grand Theft Auto VI vehicle. The in-game manufacturer is given as Declasse. Grand Theft Auto uses invented car brands, so Declasse is not a real company. The wiki files it in the Vans class, with a Cargo van body. The vehicle type is given as lighttruck. It seats 4. Grand Theft Auto VI has not released and Rockstar has published no list of its own, so this entry records what the wiki says and does not treat it as confirmed.","Manufacturer: Declasse;Class: Vans;Body style: Cargo van;Seats: 4;Source: GTA Fandom wiki, via outlawdb","","","","COMMUNITY_IDENTIFIED","TIER_3_COMMUNITY","https://gta.fandom.com/wiki/Burrito_(HD_Universe)","2026-09-13","LOW","NO","Declasse","gta 6 burrito;burrito gta 6;gta 6 declasse","Data from outlawdb (https://outlawdb.com/en/gta-6/vehicles), derived from GTA Wiki, CC BY-SA 3.0."
"vehicle","Buzzard Attack Chopper","","buzzard-attack-chopper","Helicopters","Five-bladed utility helicopter","Buzzard Attack Chopper is a vehicle listed for GTA 6 on the GTA Fandom wiki, made in game by Nagasaki.","Buzzard Attack Chopper appears on the GTA Fandom wiki as a Grand Theft Auto VI vehicle. The in-game manufacturer is given as Nagasaki. Grand Theft Auto uses invented car brands, so Nagasaki is not a real company. The wiki files it in the Helicopters class, with a Five-bladed utility helicopter body. The vehicle type is given as singleheli. It seats 2. A price of $2,000,000 is listed, but the wiki takes that figure from GTA V and not from GTA 6. No GTA 6 price has been published. Grand Theft Auto VI has not released and Rockstar has published no list of its own, so this entry records what the wiki says and does not treat it as confirmed.","Manufacturer: Nagasaki;Class: Helicopters;Body style: Five-bladed utility helicopter;Seats: 2;Listed price: $2,000,000 (from GTA V, not GTA 6);Source: GTA Fandom wiki, via outlawdb","","","","COMMUNITY_IDENTIFIED","TIER_3_COMMUNITY","https://gta.fandom.com/wiki/Buzzard_Attack_Chopper","2026-09-13","LOW","NO","Nagasaki","gta 6 buzzard attack chopper;buzzard attack chopper gta 6;gta 6 nagasaki","Data from outlawdb (https://outlawdb.com/en/gta-6/vehicles), derived from GTA Wiki, CC BY-SA 3.0."
"vehicle","Caracara 4x4","","caracara-4x4","Off-Road","4-door crew cab","Caracara 4x4 is a vehicle listed for GTA 6 on the GTA Fandom wiki, made in game by Vapid.","Caracara 4x4 appears on the GTA Fandom wiki as a Grand Theft Auto VI vehicle. The in-game manufacturer is given as Vapid. Grand Theft Auto uses invented car brands, so Vapid is not a real company. The wiki files it in the Off-Road class, with a 4-door crew cab body. The vehicle type is given as lighttruck. It seats 4. A price of $875,000 is listed. Rockstar has published no GTA 6 price. Grand Theft Auto VI has not released and Rockstar has published no list of its own, so this entry records what the wiki says and does not treat it as confirmed.","Manufacturer: Vapid;Class: Off-Road;Body style: 4-door crew cab;Seats: 4;Listed price: $875,000;Source: GTA Fandom wiki, via outlawdb","","","","COMMUNITY_IDENTIFIED","TIER_3_COMMUNITY","https://gta.fandom.com/wiki/Caracara_4x4","2026-09-13","LOW","NO","Vapid","gta 6 caracara 4x4;caracara 4x4 gta 6;gta 6 vapid","Data from outlawdb (https://outlawdb.com/en/gta-6/vehicles), derived from GTA Wiki, CC BY-SA 3.0."
"vehicle","Carbon RS","","carbon-rs","Motorcycles","Sports bike","Carbon RS is a vehicle listed for GTA 6 on the GTA Fandom wiki, made in game by Nagasaki.","Carbon RS appear on the GTA Fandom wiki as a Grand Theft Auto VI vehicle. The in-game manufacturer is given as Nagasaki. Grand Theft Auto uses invented car brands, so Nagasaki is not a real company. The wiki files it in the Motorcycles class, with a Sports bike body. The vehicle type is given as streetbike. It seats 2. A price of $40,000 is listed, but the wiki takes that figure from GTA V and not from GTA 6. No GTA 6 price has been published. Grand Theft Auto VI has not released and Rockstar has published no list of its own, so this entry records what the wiki says and does not treat it as confirmed.","Manufacturer: Nagasaki;Class: Motorcycles;Body style: Sports bike;Seats: 2;Listed price: $40,000 (from GTA V, not GTA 6);Source: GTA Fandom wiki, via outlawdb","","","","COMMUNITY_IDENTIFIED","TIER_3_COMMUNITY","https://gta.fandom.com/wiki/Carbon_RS","2026-09-13","LOW","NO","Nagasaki","gta 6 carbon rs;carbon rs gta 6;gta 6 nagasaki","Data from outlawdb (https://outlawdb.com/en/gta-6/vehicles), derived from GTA Wiki, CC BY-SA 3.0."
"vehicle","Carbonizzare","","carbonizzare","Sports","2-door cabriolet","Carbonizzare is a vehicle listed for GTA 6 on the GTA Fandom wiki, made in game by Grotti.","Carbonizzare appears on the GTA Fandom wiki as a Grand Theft Auto VI vehicle. The in-game manufacturer is given as Grotti. Grand Theft Auto uses invented car brands, so Grotti is not a real company. The wiki files it in the Sports class, with a 2-door cabriolet body. The vehicle type is given as grandtourer. It seats 2. A price of $195,000 is listed, but the wiki takes that figure from GTA Online and not from GTA 6. No GTA 6 price has been published. Grand Theft Auto VI has not released and Rockstar has published no list of its own, so this entry records what the wiki says and does not treat it as confirmed.","Manufacturer: Grotti;Class: Sports;Body style: 2-door cabriolet;Seats: 2;Listed price: $195,000 (from GTA Online, not GTA 6);Source: GTA Fandom wiki, via outlawdb","","","","COMMUNITY_IDENTIFIED","TIER_3_COMMUNITY","https://gta.fandom.com/wiki/Carbonizzare","2026-09-13","LOW","NO","Grotti","gta 6 carbonizzare;carbonizzare gta 6;gta 6 grotti","Data from outlawdb (https://outlawdb.com/en/gta-6/vehicles), derived from GTA Wiki, CC BY-SA 3.0."
"vehicle","Cheetah Classic","","cheetah-classic","Sports Classics","2-door coupé","Cheetah Classic is a vehicle listed for GTA 6 on the GTA Fandom wiki, made in game by Grotti.","Cheetah Classic appears on the GTA Fandom wiki as a Grand Theft Auto VI vehicle. The in-game manufacturer is given as Grotti. Grand Theft Auto uses invented car brands, so Grotti is not a real company. The wiki files it in the Sports Classics class, with a 2-door coupé body. The vehicle type is given as sports. It seats 2. A price of $865,000 is listed, but the wiki takes that figure from GTA Online and not from GTA 6. No GTA 6 price has been published. Grand Theft Auto VI has not released and Rockstar has published no list of its own, so this entry records what the wiki says and does not treat it as confirmed.","Manufacturer: Grotti;Class: Sports Classics;Body style: 2-door coupé;Seats: 2;Listed price: $865,000 (from GTA Online, not GTA 6);Source: GTA Fandom wiki, via outlawdb","","","","COMMUNITY_IDENTIFIED","TIER_3_COMMUNITY","https://gta.fandom.com/wiki/Cheetah_Classic","2026-09-13","LOW","NO","Grotti","gta 6 cheetah classic;cheetah classic gta 6;gta 6 grotti","Data from outlawdb (https://outlawdb.com/en/gta-6/vehicles), derived from GTA Wiki, CC BY-SA 3.0."
"vehicle","Chino","","chino","Muscle","2-door coupé","Chino is a vehicle listed for GTA 6 on the GTA Fandom wiki, made in game by Vapid.","Chino appears on the GTA Fandom wiki as a Grand Theft Auto VI vehicle. The in-game manufacturer is given as Vapid. Grand Theft Auto uses invented car brands, so Vapid is not a real company. The wiki files it in the Muscle class, with a 2-door coupé body. The vehicle type is given as personal. It seats 2. A price of $225,000 is listed, but the wiki takes that figure from GTA V and not from GTA 6. No GTA 6 price has been published. Grand Theft Auto VI has not released and Rockstar has published no list of its own, so this entry records what the wiki says and does not treat it as confirmed.","Manufacturer: Vapid;Class: Muscle;Body style: 2-door coupé;Seats: 2;Listed price: $225,000 (from GTA V, not GTA 6);Source: GTA Fandom wiki, via outlawdb","","","","COMMUNITY_IDENTIFIED","TIER_3_COMMUNITY","https://gta.fandom.com/wiki/Chino","2026-09-13","LOW","NO","Vapid","gta 6 chino;chino gta 6;gta 6 vapid","Data from outlawdb (https://outlawdb.com/en/gta-6/vehicles), derived from GTA Wiki, CC BY-SA 3.0."
"vehicle","Chino Custom","","chino-custom","Muscle","2-door lowrider","Chino Custom is a vehicle listed for GTA 6 on the GTA Fandom wiki, made in game by Vapid.","Chino Custom appears on the GTA Fandom wiki as a Grand Theft Auto VI vehicle. The in-game manufacturer is given as Vapid. Grand Theft Auto uses invented car brands, so Vapid is not a real company. The wiki files it in the Muscle class, with a 2-door lowrider body. The vehicle type is given as personal. It seats 2. A price of $180,000 is listed. Rockstar has published no GTA 6 price. Grand Theft Auto VI has not released and Rockstar has published no list of its own, so this entry records what the wiki says and does not treat it as confirmed.","Manufacturer: Vapid;Class: Muscle;Body style: 2-door lowrider;Seats: 2;Listed price: $180,000;Source: GTA Fandom wiki, via outlawdb","","","","COMMUNITY_IDENTIFIED","TIER_3_COMMUNITY","https://gta.fandom.com/wiki/Chino_Custom","2026-09-13","LOW","NO","Vapid","gta 6 chino custom;chino custom gta 6;gta 6 vapid","Data from outlawdb (https://outlawdb.com/en/gta-6/vehicles), derived from GTA Wiki, CC BY-SA 3.0."
"vehicle","Comet Retro Custom","","comet-retro-custom","Sports","2-door coupe","Comet Retro Custom is a vehicle listed for GTA 6 on the GTA Fandom wiki, made in game by Pfister.","Comet Retro Custom appears on the GTA Fandom wiki as a Grand Theft Auto VI vehicle. The in-game manufacturer is given as Pfister. Grand Theft Auto uses invented car brands, so Pfister is not a real company. The wiki files it in the Sports class, with a 2-door coupe body. It seats 2. A price of $645,000 is listed, but the wiki takes that figure from GTA Online and not from GTA 6. No GTA 6 price has been published. Grand Theft Auto VI has not released and Rockstar has published no list of its own, so this entry records what the wiki says and does not treat it as confirmed.","Manufacturer: Pfister;Class: Sports;Body style: 2-door coupe;Seats: 2;Listed price: $645,000 (from GTA Online, not GTA 6);Source: GTA Fandom wiki, via outlawdb","","","","COMMUNITY_IDENTIFIED","TIER_3_COMMUNITY","https://gta.fandom.com/wiki/Comet_Retro_Custom","2026-09-13","LOW","NO","Pfister","gta 6 comet retro custom;comet retro custom gta 6;gta 6 pfister","Data from outlawdb (https://outlawdb.com/en/gta-6/vehicles), derived from GTA Wiki, CC BY-SA 3.0."
"vehicle","Comet S2 Cabrio","","comet-s2-cabrio","Sports","2-door cabriolet","Comet S2 Cabrio is a vehicle listed for GTA 6 on the GTA Fandom wiki, made in game by Pfister.","Comet S2 Cabrio appears on the GTA Fandom wiki as a Grand Theft Auto VI vehicle. The in-game manufacturer is given as Pfister. Grand Theft Auto uses invented car brands, so Pfister is not a real company. The wiki files it in the Sports class, with a 2-door cabriolet body. It seats 2. A price of $1,797,000 is listed, but the wiki takes that figure from GTA Online and not from GTA 6. No GTA 6 price has been published. Grand Theft Auto VI has not released and Rockstar has published no list of its own, so this entry records what the wiki says and does not treat it as confirmed.","Manufacturer: Pfister;Class: Sports;Body style: 2-door cabriolet;Seats: 2;Listed price: $1,797,000 (from GTA Online, not GTA 6);Source: GTA Fandom wiki, via outlawdb","","","","COMMUNITY_IDENTIFIED","TIER_3_COMMUNITY","https://gta.fandom.com/wiki/Comet_S2_Cabrio","2026-09-13","LOW","NO","Pfister","gta 6 comet s2 cabrio;comet s2 cabrio gta 6;gta 6 pfister","Data from outlawdb (https://outlawdb.com/en/gta-6/vehicles), derived from GTA Wiki, CC BY-SA 3.0."
"vehicle","Contender","","contender","SUVs","2-door pickup truck, 4-door pickup truck","Contender is a vehicle listed for GTA 6 on the GTA Fandom wiki, made in game by Vapid.","Contender appears on the GTA Fandom wiki as a Grand Theft Auto VI vehicle. The in-game manufacturer is given as Vapid. Grand Theft Auto uses invented car brands, so Vapid is not a real company. The wiki files it in the SUVs class, with a 2-door pickup truck, 4-door pickup truck body. The vehicle type is given as lighttruck. It seats 2. A price of $250,000 is listed, but the wiki takes that figure from GTA Online and not from GTA 6. No GTA 6 price has been published. Grand Theft Auto VI has not released and Rockstar has published no list of its own, so this entry records what the wiki says and does not treat it as confirmed.","Manufacturer: Vapid;Class: SUVs;Body style: 2-door pickup truck, 4-door pickup truck;Seats: 2;Listed price: $250,000 (from GTA Online, not GTA 6);Source: GTA Fandom wiki, via outlawdb","","","","COMMUNITY_IDENTIFIED","TIER_3_COMMUNITY","https://gta.fandom.com/wiki/Contender","2026-09-13","LOW","NO","Vapid","gta 6 contender;contender gta 6;gta 6 vapid","Data from outlawdb (https://outlawdb.com/en/gta-6/vehicles), derived from GTA Wiki, CC BY-SA 3.0."
"vehicle","Coquette","","coquette","Sports","2-door coupe","Coquette is a vehicle listed for GTA 6 on the GTA Fandom wiki, made in game by Invetero.","Coquette appears on the GTA Fandom wiki as a Grand Theft Auto VI vehicle. The in-game manufacturer is given as Invetero. Grand Theft Auto uses invented car brands, so Invetero is not a real company. The wiki files it in the Sports class, with a 2-door coupe body. It seats 2. A price of $138,000 is listed, but the wiki takes that figure from GTA Online and not from GTA 6. No GTA 6 price has been published. Grand Theft Auto VI has not released and Rockstar has published no list of its own, so this entry records what the wiki says and does not treat it as confirmed.","Manufacturer: Invetero;Class: Sports;Body style: 2-door coupe;Seats: 2;Listed price: $138,000 (from GTA Online, not GTA 6);Source: GTA Fandom wiki, via outlawdb","","","","COMMUNITY_IDENTIFIED","TIER_3_COMMUNITY","https://gta.fandom.com/wiki/Coquette","2026-09-13","LOW","NO","Invetero","gta 6 coquette;coquette gta 6;gta 6 invetero","Data from outlawdb (https://outlawdb.com/en/gta-6/vehicles), derived from GTA Wiki, CC BY-SA 3.0."
"vehicle","Coquette D10","","coquette-d10","Sports","2-door coupe","Coquette D10 is a vehicle listed for GTA 6 on the GTA Fandom wiki, made in game by Invetero.","Coquette D10 appears on the GTA Fandom wiki as a Grand Theft Auto VI vehicle. The in-game manufacturer is given as Invetero. Grand Theft Auto uses invented car brands, so Invetero is not a real company. The wiki files it in the Sports class, with a 2-door coupe body. It seats 2. A price of $1,510,000 is listed. Rockstar has published no GTA 6 price. Grand Theft Auto VI has not released and Rockstar has published no list of its own, so this entry records what the wiki says and does not treat it as confirmed.","Manufacturer: Invetero;Class: Sports;Body style: 2-door coupe;Seats: 2;Listed price: $1,510,000;Source: GTA Fandom wiki, via outlawdb","","","","COMMUNITY_IDENTIFIED","TIER_3_COMMUNITY","https://gta.fandom.com/wiki/Coquette_D10","2026-09-13","LOW","NO","Invetero","gta 6 coquette d10;coquette d10 gta 6;gta 6 invetero","Data from outlawdb (https://outlawdb.com/en/gta-6/vehicles), derived from GTA Wiki, CC BY-SA 3.0."
"vehicle","Creado","","creado","","2-door coupe utility","Creado is a vehicle listed for GTA 6 on the GTA Fandom wiki, made in game by Vapid.","Creado appears on the GTA Fandom wiki as a Grand Theft Auto VI vehicle. The in-game manufacturer is given as Vapid. Grand Theft Auto uses invented car brands, so Vapid is not a real company. The body style is given as 2-door coupe utility. The vehicle type is given as midsize. Grand Theft Auto VI has not released and Rockstar has published no list of its own, so this entry records what the wiki says and does not treat it as confirmed.","Manufacturer: Vapid;Body style: 2-door coupe utility;Source: GTA Fandom wiki, via outlawdb","","","","COMMUNITY_IDENTIFIED","TIER_3_COMMUNITY","https://gta.fandom.com/wiki/Creado","2026-09-13","LOW","NO","Vapid","gta 6 creado;creado gta 6;gta 6 vapid","Data from outlawdb (https://outlawdb.com/en/gta-6/vehicles), derived from GTA Wiki, CC BY-SA 3.0."
"vehicle","Cruiser (bike)","","cruiser-bike","Cycles","Bicycle","Cruiser (bike) is a vehicle listed for GTA 6 on the GTA Fandom wiki, made in game by PED Cycles.","Cruiser (bike) appears on the GTA Fandom wiki as a Grand Theft Auto VI vehicle. The in-game manufacturer is given as PED Cycles. Grand Theft Auto uses invented car brands, so PED Cycles is not a real company. The wiki files it in the Cycles class, with a Bicycle body. The vehicle type is given as bicycle. It seats 1. A price of $3,000 is listed, but the wiki takes that figure from GTA V and not from GTA 6. No GTA 6 price has been published. Grand Theft Auto VI has not released and Rockstar has published no list of its own, so this entry records what the wiki says and does not treat it as confirmed.","Manufacturer: PED Cycles;Class: Cycles;Body style: Bicycle;Seats: 1;Listed price: $3,000 (from GTA V, not GTA 6);Source: GTA Fandom wiki, via outlawdb","","","","COMMUNITY_IDENTIFIED","TIER_3_COMMUNITY","https://gta.fandom.com/wiki/Cruiser_(bike)","2026-09-13","LOW","NO","PED Cycles","gta 6 cruiser (bike);cruiser (bike) gta 6;gta 6 ped cycles","Data from outlawdb (https://outlawdb.com/en/gta-6/vehicles), derived from GTA Wiki, CC BY-SA 3.0."
"vehicle","Cypher","","cypher","Sports","2-door coupe","Cypher is a vehicle listed for GTA 6 on the GTA Fandom wiki, made in game by Übermacht.","Cypher appears on the GTA Fandom wiki as a Grand Theft Auto VI vehicle. The in-game manufacturer is given as Übermacht. Grand Theft Auto uses invented car brands, so Übermacht is not a real company. The wiki files it in the Sports class, with a 2-door coupe body. The vehicle type is given as sportcompact. It seats 2. A price of $1,550,000 is listed, but the wiki takes that figure from GTA Online and not from GTA 6. No GTA 6 price has been published. Grand Theft Auto VI has not released and Rockstar has published no list of its own, so this entry records what the wiki says and does not treat it as confirmed.","Manufacturer: Übermacht;Class: Sports;Body style: 2-door coupe;Seats: 2;Listed price: $1,550,000 (from GTA Online, not GTA 6);Source: GTA Fandom wiki, via outlawdb","","","","COMMUNITY_IDENTIFIED","TIER_3_COMMUNITY","https://gta.fandom.com/wiki/Cypher","2026-09-13","LOW","NO","Übermacht","gta 6 cypher;cypher gta 6;gta 6 übermacht","Data from outlawdb (https://outlawdb.com/en/gta-6/vehicles), derived from GTA Wiki, CC BY-SA 3.0."
"vehicle","Dashound","","dashound","Service","Bus","Dashound is a vehicle listed for GTA 6 on the GTA Fandom wiki.","Dashound appears on the GTA Fandom wiki as a Grand Theft Auto VI vehicle. The wiki files it in the Service class, with a Bus body. The vehicle type is given as coach. It seats 10. A price of $525,000 is listed, but the wiki takes that figure from GTA Online and not from GTA 6. No GTA 6 price has been published. Grand Theft Auto VI has not released and Rockstar has published no list of its own, so this entry records what the wiki says and does not treat it as confirmed.","Class: Service;Body style: Bus;Seats: 10;Listed price: $525,000 (from GTA Online, not GTA 6);Source: GTA Fandom wiki, via outlawdb","","","","COMMUNITY_IDENTIFIED","TIER_3_COMMUNITY","https://gta.fandom.com/wiki/Dashound","2026-09-13","LOW","NO","","gta 6 dashound;dashound gta 6","Data from outlawdb (https://outlawdb.com/en/gta-6/vehicles), derived from GTA Wiki, CC BY-SA 3.0."
"vehicle","DF8-90","","df8-90","","4-door sedan","DF8-90 is a vehicle listed for GTA 6 on the GTA Fandom wiki, made in game by Imponte.","DF8-90 appears on the GTA Fandom wiki as a Grand Theft Auto VI vehicle. The in-game manufacturer is given as Imponte. Grand Theft Auto uses invented car brands, so Imponte is not a real company. The body style is given as 4-door sedan. The vehicle type is given as midsize. It seats 4. Grand Theft Auto VI has not released and Rockstar has published no list of its own, so this entry records what the wiki says and does not treat it as confirmed.","Manufacturer: Imponte;Body style: 4-door sedan;Seats: 4;Source: GTA Fandom wiki, via outlawdb","","","","COMMUNITY_IDENTIFIED","TIER_3_COMMUNITY","https://gta.fandom.com/wiki/DF8-90","2026-09-13","LOW","NO","Imponte","gta 6 df8-90;df8-90 gta 6;gta 6 imponte","Data from outlawdb (https://outlawdb.com/en/gta-6/vehicles), derived from GTA Wiki, CC BY-SA 3.0."
"vehicle","Dinghy","","dinghy","Boats","Rigid inflatable boat","Dinghy is a vehicle listed for GTA 6 on the GTA Fandom wiki, made in game by Nagasaki.","Dinghy appears on the GTA Fandom wiki as a Grand Theft Auto VI vehicle. The in-game manufacturer is given as Nagasaki. Grand Theft Auto uses invented car brands, so Nagasaki is not a real company. The wiki files it in the Boats class, with a Rigid inflatable boat body. The vehicle type is given as motorboat. It seats 4. Grand Theft Auto VI has not released and Rockstar has published no list of its own, so this entry records what the wiki says and does not treat it as confirmed.","Manufacturer: Nagasaki;Class: Boats;Body style: Rigid inflatable boat;Seats: 4;Source: GTA Fandom wiki, via outlawdb","","","","COMMUNITY_IDENTIFIED","TIER_3_COMMUNITY","https://gta.fandom.com/wiki/Dinghy_(HD_Universe)","2026-09-13","LOW","NO","Nagasaki","gta 6 dinghy;dinghy gta 6;gta 6 nagasaki","Data from outlawdb (https://outlawdb.com/en/gta-6/vehicles), derived from GTA Wiki, CC BY-SA 3.0."
"vehicle","Dodo","","dodo","Planes","Piston seaplane","Dodo is a vehicle listed for GTA 6 on the GTA Fandom wiki, made in game by Mammoth.","Dodo appears on the GTA Fandom wiki as a Grand Theft Auto VI vehicle. The in-game manufacturer is given as Mammoth. Grand Theft Auto uses invented car brands, so Mammoth is not a real company. The wiki files it in the Planes class, with a Piston seaplane body. The vehicle type is given as monoplane. It seats 4. A price of $500,000 is listed, but the wiki takes that figure from GTA Online and not from GTA 6. No GTA 6 price has been published. Grand Theft Auto VI has not released and Rockstar has published no list of its own, so this entry records what the wiki says and does not treat it as confirmed.","Manufacturer: Mammoth;Class: Planes;Body style: Piston seaplane;Seats: 4;Listed price: $500,000 (from GTA Online, not GTA 6);Source: GTA Fandom wiki, via outlawdb","","","","COMMUNITY_IDENTIFIED","TIER_3_COMMUNITY","https://gta.fandom.com/wiki/Dodo_(HD_Universe)","2026-09-13","LOW","NO","Mammoth","gta 6 dodo;dodo gta 6;gta 6 mammoth","Data from outlawdb (https://outlawdb.com/en/gta-6/vehicles), derived from GTA Wiki, CC BY-SA 3.0."
"vehicle","Dominator","","dominator","Muscle","2-door coupe","Dominator is a vehicle listed for GTA 6 on the GTA Fandom wiki, made in game by Vapid.","Dominator appears on the GTA Fandom wiki as a Grand Theft Auto VI vehicle. The in-game manufacturer is given as Vapid. Grand Theft Auto uses invented car brands, so Vapid is not a real company. The wiki files it in the Muscle class, with a 2-door coupe body. It seats 2. A price of $35,000 is listed, but the wiki takes that figure from GTA Online and not from GTA 6. No GTA 6 price has been published. Grand Theft Auto VI has not released and Rockstar has published no list of its own, so this entry records what the wiki says and does not treat it as confirmed.","Manufacturer: Vapid;Class: Muscle;Body style: 2-door coupe;Seats: 2;Listed price: $35,000 (from GTA Online, not GTA 6);Source: GTA Fandom wiki, via outlawdb","","","","COMMUNITY_IDENTIFIED","TIER_3_COMMUNITY","https://gta.fandom.com/wiki/Dominator","2026-09-13","LOW","NO","Vapid","gta 6 dominator;dominator gta 6;gta 6 vapid","Data from outlawdb (https://outlawdb.com/en/gta-6/vehicles), derived from GTA Wiki, CC BY-SA 3.0."
"vehicle","Dominator ASP","","dominator-asp","Muscle","2-door coupe","Dominator ASP is a vehicle listed for GTA 6 on the GTA Fandom wiki, made in game by Vapid.","Dominator ASP appears on the GTA Fandom wiki as a Grand Theft Auto VI vehicle. The in-game manufacturer is given as Vapid. Grand Theft Auto uses invented car brands, so Vapid is not a real company. The wiki files it in the Muscle class, with a 2-door coupe body. It seats 2. A price of $1,775,000 is listed, but the wiki takes that figure from GTA Online and not from GTA 6. No GTA 6 price has been published. Grand Theft Auto VI has not released and Rockstar has published no list of its own, so this entry records what the wiki says and does not treat it as confirmed.","Manufacturer: Vapid;Class: Muscle;Body style: 2-door coupe;Seats: 2;Listed price: $1,775,000 (from GTA Online, not GTA 6);Source: GTA Fandom wiki, via outlawdb","","","","COMMUNITY_IDENTIFIED","TIER_3_COMMUNITY","https://gta.fandom.com/wiki/Dominator_ASP","2026-09-13","LOW","NO","Vapid","gta 6 dominator asp;dominator asp gta 6;gta 6 vapid","Data from outlawdb (https://outlawdb.com/en/gta-6/vehicles), derived from GTA Wiki, CC BY-SA 3.0."
"vehicle","Dominator GT","","dominator-gt","Muscle","2-door convertible","Dominator GT is a vehicle listed for GTA 6 on the GTA Fandom wiki, made in game by Vapid.","Dominator GT appears on the GTA Fandom wiki as a Grand Theft Auto VI vehicle. The in-game manufacturer is given as Vapid. Grand Theft Auto uses invented car brands, so Vapid is not a real company. The wiki files it in the Muscle class, with a 2-door convertible body. It seats 2. A price of $2,195,000 is listed. Rockstar has published no GTA 6 price. Grand Theft Auto VI has not released and Rockstar has published no list of its own, so this entry records what the wiki says and does not treat it as confirmed.","Manufacturer: Vapid;Class: Muscle;Body style: 2-door convertible;Seats: 2;Listed price: $2,195,000;Source: GTA Fandom wiki, via outlawdb","","","","COMMUNITY_IDENTIFIED","TIER_3_COMMUNITY","https://gta.fandom.com/wiki/Dominator_GT","2026-09-13","LOW","NO","Vapid","gta 6 dominator gt;dominator gt gta 6;gta 6 vapid","Data from outlawdb (https://outlawdb.com/en/gta-6/vehicles), derived from GTA Wiki, CC BY-SA 3.0."
"vehicle","Dominator GTX","","dominator-gtx","Muscle","2-door coupe","Dominator GTX is a vehicle listed for GTA 6 on the GTA Fandom wiki, made in game by Vapid.","Dominator GTX appears on the GTA Fandom wiki as a Grand Theft Auto VI vehicle. The in-game manufacturer is given as Vapid. Grand Theft Auto uses invented car brands, so Vapid is not a real company. The wiki files it in the Muscle class, with a 2-door coupe body. It seats 2. A price of $725,000 is listed. Rockstar has published no GTA 6 price. Grand Theft Auto VI has not released and Rockstar has published no list of its own, so this entry records what the wiki says and does not treat it as confirmed.","Manufacturer: Vapid;Class: Muscle;Body style: 2-door coupe;Seats: 2;Listed price: $725,000;Source: GTA Fandom wiki, via outlawdb","","","","COMMUNITY_IDENTIFIED","TIER_3_COMMUNITY","https://gta.fandom.com/wiki/Dominator_GTX","2026-09-13","LOW","NO","Vapid","gta 6 dominator gtx;dominator gtx gta 6;gta 6 vapid","Data from outlawdb (https://outlawdb.com/en/gta-6/vehicles), derived from GTA Wiki, CC BY-SA 3.0."
"vehicle","Dorado","","dorado","SUVs","4-door SUV","Dorado is a vehicle listed for GTA 6 on the GTA Fandom wiki, made in game by Bravado.","Dorado appears on the GTA Fandom wiki as a Grand Theft Auto VI vehicle. The in-game manufacturer is given as Bravado. Grand Theft Auto uses invented car brands, so Bravado is not a real company. The wiki files it in the SUVs class, with a 4-door SUV body. The vehicle type is given as lighttruck. It seats 4. A price of $1,375,000 is listed. Rockstar has published no GTA 6 price. Grand Theft Auto VI has not released and Rockstar has published no list of its own, so this entry records what the wiki says and does not treat it as confirmed.","Manufacturer: Bravado;Class: SUVs;Body style: 4-door SUV;Seats: 4;Listed price: $1,375,000;Source: GTA Fandom wiki, via outlawdb","","","","COMMUNITY_IDENTIFIED","TIER_3_COMMUNITY","https://gta.fandom.com/wiki/Dorado","2026-09-13","LOW","NO","Bravado","gta 6 dorado;dorado gta 6;gta 6 bravado","Data from outlawdb (https://outlawdb.com/en/gta-6/vehicles), derived from GTA Wiki, CC BY-SA 3.0."
"vehicle","Double T","","double-t","Motorcycles","Superbike","Double T is a vehicle listed for GTA 6 on the GTA Fandom wiki, made in game by Dinka.","Double T appears on the GTA Fandom wiki as a Grand Theft Auto VI vehicle. The in-game manufacturer is given as Dinka. Grand Theft Auto uses invented car brands, so Dinka is not a real company. The wiki files it in the Motorcycles class, with a Superbike body. The vehicle type is given as streetbike. It seats 2. A price of $12,000 is listed, but the wiki takes that figure from GTA Online and not from GTA 6. No GTA 6 price has been published. Grand Theft Auto VI has not released and Rockstar has published no list of its own, so this entry records what the wiki says and does not treat it as confirmed.","Manufacturer: Dinka;Class: Motorcycles;Body style: Superbike;Seats: 2;Listed price: $12,000 (from GTA Online, not GTA 6);Source: GTA Fandom wiki, via outlawdb","","","","COMMUNITY_IDENTIFIED","TIER_3_COMMUNITY","https://gta.fandom.com/wiki/Double_T","2026-09-13","LOW","NO","Dinka","gta 6 double t;double t gta 6;gta 6 dinka","Data from outlawdb (https://outlawdb.com/en/gta-6/vehicles), derived from GTA Wiki, CC BY-SA 3.0."
"vehicle","Dubsta","","dubsta","SUVs","4-door SUV","Dubsta is a vehicle listed for GTA 6 on the GTA Fandom wiki, made in game by Benefactor.","Dubsta appears on the GTA Fandom wiki as a Grand Theft Auto VI vehicle. The in-game manufacturer is given as Benefactor. Grand Theft Auto uses invented car brands, so Benefactor is not a real company. The wiki files it in the SUVs class, with a 4-door SUV body. The vehicle type is given as lighttruck. It seats 4. Grand Theft Auto VI has not released and Rockstar has published no list of its own, so this entry records what the wiki says and does not treat it as confirmed.","Manufacturer: Benefactor;Class: SUVs;Body style: 4-door SUV;Seats: 4;Source: GTA Fandom wiki, via outlawdb","","","","COMMUNITY_IDENTIFIED","TIER_3_COMMUNITY","https://gta.fandom.com/wiki/Dubsta","2026-09-13","LOW","NO","Benefactor","gta 6 dubsta;dubsta gta 6;gta 6 benefactor","Data from outlawdb (https://outlawdb.com/en/gta-6/vehicles), derived from GTA Wiki, CC BY-SA 3.0."
"vehicle","Duster","","duster","Planes","Biplane","Duster is a vehicle listed for GTA 6 on the GTA Fandom wiki, made in game by Western Company.","Duster appears on the GTA Fandom wiki as a Grand Theft Auto VI vehicle. The in-game manufacturer is given as Western Company. Grand Theft Auto uses invented car brands, so Western Company is not a real company. The wiki files it in the Planes class, with a Biplane body. The vehicle type is given as biplane. It seats 2. A price of $275,000 is listed. Rockstar has published no GTA 6 price. Grand Theft Auto VI has not released and Rockstar has published no list of its own, so this entry records what the wiki says and does not treat it as confirmed.","Manufacturer: Western Company;Class: Planes;Body style: Biplane;Seats: 2;Listed price: $275,000;Source: GTA Fandom wiki, via outlawdb","","","","COMMUNITY_IDENTIFIED","TIER_3_COMMUNITY","https://gta.fandom.com/wiki/Duster","2026-09-13","LOW","NO","Western Company","gta 6 duster;duster gta 6;gta 6 western company","Data from outlawdb (https://outlawdb.com/en/gta-6/vehicles), derived from GTA Wiki, CC BY-SA 3.0."
"vehicle","Elegy Retro Custom","","elegy-retro-custom","Sports","2-door coupé","Elegy Retro Custom is a vehicle listed for GTA 6 on the GTA Fandom wiki, made in game by Annis.","Elegy Retro Custom appears on the GTA Fandom wiki as a Grand Theft Auto VI vehicle. The in-game manufacturer is given as Annis. Grand Theft Auto uses invented car brands, so Annis is not a real company. The wiki files it in the Sports class, with a 2-door coupé body. It seats 2. A price of $904,000 is listed. Rockstar has published no GTA 6 price. Grand Theft Auto VI has not released and Rockstar has published no list of its own, so this entry records what the wiki says and does not treat it as confirmed.","Manufacturer: Annis;Class: Sports;Body style: 2-door coupé;Seats: 2;Listed price: $904,000;Source: GTA Fandom wiki, via outlawdb","","","","COMMUNITY_IDENTIFIED","TIER_3_COMMUNITY","https://gta.fandom.com/wiki/Elegy_Retro_Custom","2026-09-13","LOW","NO","Annis","gta 6 elegy retro custom;elegy retro custom gta 6;gta 6 annis","Data from outlawdb (https://outlawdb.com/en/gta-6/vehicles), derived from GTA Wiki, CC BY-SA 3.0."
"vehicle","Emperor","","emperor","Sedans","4-door sedan","Emperor is a vehicle listed for GTA 6 on the GTA Fandom wiki, made in game by Albany.","Emperor appears on the GTA Fandom wiki as a Grand Theft Auto VI vehicle. The in-game manufacturer is given as Albany. Grand Theft Auto uses invented car brands, so Albany is not a real company. The wiki files it in the Sedans class, with a 4-door sedan body. The vehicle type is given as fullsize. It seats 4. Grand Theft Auto VI has not released and Rockstar has published no list of its own, so this entry records what the wiki says and does not treat it as confirmed.","Manufacturer: Albany;Class: Sedans;Body style: 4-door sedan;Seats: 4;Source: GTA Fandom wiki, via outlawdb","","","","COMMUNITY_IDENTIFIED","TIER_3_COMMUNITY","https://gta.fandom.com/wiki/Emperor_(HD_Universe)","2026-09-13","LOW","NO","Albany","gta 6 emperor;emperor gta 6;gta 6 albany","Data from outlawdb (https://outlawdb.com/en/gta-6/vehicles), derived from GTA Wiki, CC BY-SA 3.0."
"vehicle","Faggio","","faggio","Motorcycles","Scooter","Faggio is a vehicle listed for GTA 6 on the GTA Fandom wiki, made in game by Pegassi, Principe.","Faggio appears on the GTA Fandom wiki as a Grand Theft Auto VI vehicle. The in-game manufacturer is given as Pegassi, Principe. Grand Theft Auto uses invented car brands, so Pegassi, Principe is not a real company. The wiki files it in the Motorcycles class, with a Scooter body. The vehicle type is given as compactbike. It seats 2. A price of $5,000 is listed, but the wiki takes that figure from GTA V and not from GTA 6. No GTA 6 price has been published. Grand Theft Auto VI has not released and Rockstar has published no list of its own, so this entry records what the wiki says and does not treat it as confirmed.","Manufacturer: Pegassi, Principe;Class: Motorcycles;Body style: Scooter;Seats: 2;Listed price: $5,000 (from GTA V, not GTA 6);Source: GTA Fandom wiki, via outlawdb","","","","COMMUNITY_IDENTIFIED","TIER_3_COMMUNITY","https://gta.fandom.com/wiki/Faggio_(HD_Universe)","2026-09-13","LOW","NO","Pegassi, Principe","gta 6 faggio;faggio gta 6;gta 6 pegassi, principe","Data from outlawdb (https://outlawdb.com/en/gta-6/vehicles), derived from GTA Wiki, CC BY-SA 3.0."
"vehicle","Feroci","","feroci","","4-door sedan","Feroci is a vehicle listed for GTA 6 on the GTA Fandom wiki, made in game by Bravado.","Feroci appears on the GTA Fandom wiki as a Grand Theft Auto VI vehicle. The in-game manufacturer is given as Bravado. Grand Theft Auto uses invented car brands, so Bravado is not a real company. The body style is given as 4-door sedan. The vehicle type is given as midsize. It seats 4. Grand Theft Auto VI has not released and Rockstar has published no list of its own, so this entry records what the wiki says and does not treat it as confirmed.","Manufacturer: Bravado;Body style: 4-door sedan;Seats: 4;Source: GTA Fandom wiki, via outlawdb","","","","COMMUNITY_IDENTIFIED","TIER_3_COMMUNITY","https://gta.fandom.com/wiki/Feroci","2026-09-13","LOW","NO","Bravado","gta 6 feroci;feroci gta 6;gta 6 bravado","Data from outlawdb (https://outlawdb.com/en/gta-6/vehicles), derived from GTA Wiki, CC BY-SA 3.0."
"vehicle","Freight Train","","freight-train","Trains","loco","Freight Train is a vehicle listed for GTA 6 on the GTA Fandom wiki.","Freight Train appears on the GTA Fandom wiki as a Grand Theft Auto VI vehicle. The wiki files it in the Trains class. The vehicle type is given as loco. It seats 4. Grand Theft Auto VI has not released and Rockstar has published no list of its own, so this entry records what the wiki says and does not treat it as confirmed.","Class: Trains;Seats: 4;Source: GTA Fandom wiki, via outlawdb","","","","COMMUNITY_IDENTIFIED","TIER_3_COMMUNITY","https://gta.fandom.com/wiki/Freight_Train","2026-09-13","LOW","NO","","gta 6 freight train;freight train gta 6","Data from outlawdb (https://outlawdb.com/en/gta-6/vehicles), derived from GTA Wiki, CC BY-SA 3.0."
"vehicle","Furia","","furia","Super","2-door berlinetta coupe","Furia is a vehicle listed for GTA 6 on the GTA Fandom wiki, made in game by Grotti.","Furia appears on the GTA Fandom wiki as a Grand Theft Auto VI vehicle. The in-game manufacturer is given as Grotti. Grand Theft Auto uses invented car brands, so Grotti is not a real company. The wiki files it in the Super class, with a 2-door berlinetta coupe body. The vehicle type is given as supercar. It seats 2. A price of $2,740,000 is listed, but the wiki takes that figure from GTA Online and not from GTA 6. No GTA 6 price has been published. Grand Theft Auto VI has not released and Rockstar has published no list of its own, so this entry records what the wiki says and does not treat it as confirmed.","Manufacturer: Grotti;Class: Super;Body style: 2-door berlinetta coupe;Seats: 2;Listed price: $2,740,000 (from GTA Online, not GTA 6);Source: GTA Fandom wiki, via outlawdb","","","","COMMUNITY_IDENTIFIED","TIER_3_COMMUNITY","https://gta.fandom.com/wiki/Furia","2026-09-13","LOW","NO","Grotti","gta 6 furia;furia gta 6;gta 6 grotti","Data from outlawdb (https://outlawdb.com/en/gta-6/vehicles), derived from GTA Wiki, CC BY-SA 3.0."
"vehicle","Futo","","futo","Sports","2-door coupe","Futo is a vehicle listed for GTA 6 on the GTA Fandom wiki, made in game by Karin.","Futo appears on the GTA Fandom wiki as a Grand Theft Auto VI vehicle. The in-game manufacturer is given as Karin. Grand Theft Auto uses invented car brands, so Karin is not a real company. The wiki files it in the Sports class, with a 2-door coupe body. The vehicle type is given as sportcompact. It seats 2. A price of $9,000 is listed, but the wiki takes that figure from GTA Online and not from GTA 6. No GTA 6 price has been published. Grand Theft Auto VI has not released and Rockstar has published no list of its own, so this entry records what the wiki says and does not treat it as confirmed.","Manufacturer: Karin;Class: Sports;Body style: 2-door coupe;Seats: 2;Listed price: $9,000 (from GTA Online, not GTA 6);Source: GTA Fandom wiki, via outlawdb","","","","COMMUNITY_IDENTIFIED","TIER_3_COMMUNITY","https://gta.fandom.com/wiki/Futo","2026-09-13","LOW","NO","Karin","gta 6 futo;futo gta 6;gta 6 karin","Data from outlawdb (https://outlawdb.com/en/gta-6/vehicles), derived from GTA Wiki, CC BY-SA 3.0."
"vehicle","Gauntlet Classic Custom","","gauntlet-classic-custom","Muscle","2-door coupe","Gauntlet Classic Custom is a vehicle listed for GTA 6 on the GTA Fandom wiki, made in game by Bravado.","Gauntlet Classic Custom appears on the GTA Fandom wiki as a Grand Theft Auto VI vehicle. The in-game manufacturer is given as Bravado. Grand Theft Auto uses invented car brands, so Bravado is not a real company. The wiki files it in the Muscle class, with a 2-door coupe body. It seats 2. A price of $815,000 is listed, but the wiki takes that figure from GTA Online and not from GTA 6. No GTA 6 price has been published. Grand Theft Auto VI has not released and Rockstar has published no list of its own, so this entry records what the wiki says and does not treat it as confirmed.","Manufacturer: Bravado;Class: Muscle;Body style: 2-door coupe;Seats: 2;Listed price: $815,000 (from GTA Online, not GTA 6);Source: GTA Fandom wiki, via outlawdb","","","","COMMUNITY_IDENTIFIED","TIER_3_COMMUNITY","https://gta.fandom.com/wiki/Gauntlet_Classic_Custom","2026-09-13","LOW","NO","Bravado","gta 6 gauntlet classic custom;gauntlet classic custom gta 6;gta 6 bravado","Data from outlawdb (https://outlawdb.com/en/gta-6/vehicles), derived from GTA Wiki, CC BY-SA 3.0."
"vehicle","Gauntlet Hellfire","","gauntlet-hellfire","Muscle","2-door coupe","Gauntlet Hellfire is a vehicle listed for GTA 6 on the GTA Fandom wiki, made in game by Bravado.","Gauntlet Hellfire appears on the GTA Fandom wiki as a Grand Theft Auto VI vehicle. The in-game manufacturer is given as Bravado. Grand Theft Auto uses invented car brands, so Bravado is not a real company. The wiki files it in the Muscle class, with a 2-door coupe body. It seats 2. A price of $745,000 is listed, but the wiki takes that figure from GTA Online and not from GTA 6. No GTA 6 price has been published. Grand Theft Auto VI has not released and Rockstar has published no list of its own, so this entry records what the wiki says and does not treat it as confirmed.","Manufacturer: Bravado;Class: Muscle;Body style: 2-door coupe;Seats: 2;Listed price: $745,000 (from GTA Online, not GTA 6);Source: GTA Fandom wiki, via outlawdb","","","","COMMUNITY_IDENTIFIED","TIER_3_COMMUNITY","https://gta.fandom.com/wiki/Gauntlet_Hellfire","2026-09-13","LOW","NO","Bravado","gta 6 gauntlet hellfire;gauntlet hellfire gta 6;gta 6 bravado","Data from outlawdb (https://outlawdb.com/en/gta-6/vehicles), derived from GTA Wiki, CC BY-SA 3.0."
"vehicle","Gauntlet Interceptor","","gauntlet-interceptor","Emergency","2-door coupe","Gauntlet Interceptor is a vehicle listed for GTA 6 on the GTA Fandom wiki, made in game by Bravado.","Gauntlet Interceptor appears on the GTA Fandom wiki as a Grand Theft Auto VI vehicle. The in-game manufacturer is given as Bravado. Grand Theft Auto uses invented car brands, so Bravado is not a real company. The wiki files it in the Emergency class, with a 2-door coupe body. The vehicle type is given as muscle. It seats 2. A price of $5,420,000 is listed, but the wiki takes that figure from GTA Online and not from GTA 6. No GTA 6 price has been published. Grand Theft Auto VI has not released and Rockstar has published no list of its own, so this entry records what the wiki says and does not treat it as confirmed.","Manufacturer: Bravado;Class: Emergency;Body style: 2-door coupe;Seats: 2;Listed price: $5,420,000 (from GTA Online, not GTA 6);Source: GTA Fandom wiki, via outlawdb","","","","COMMUNITY_IDENTIFIED","TIER_3_COMMUNITY","https://gta.fandom.com/wiki/Gauntlet_Interceptor","2026-09-13","LOW","NO","Bravado","gta 6 gauntlet interceptor;gauntlet interceptor gta 6;gta 6 bravado","Data from outlawdb (https://outlawdb.com/en/gta-6/vehicles), derived from GTA Wiki, CC BY-SA 3.0."
"vehicle","Granger","","granger","SUVs","4-door SUV","Granger is a vehicle listed for GTA 6 on the GTA Fandom wiki, made in game by Declasse.","Granger appears on the GTA Fandom wiki as a Grand Theft Auto VI vehicle. The in-game manufacturer is given as Declasse. Grand Theft Auto uses invented car brands, so Declasse is not a real company. The wiki files it in the SUVs class, with a 4-door SUV body. The vehicle type is given as lighttruck. It seats 8. A price of $35,000 is listed, but the wiki takes that figure from GTA Online and not from GTA 6. No GTA 6 price has been published. Grand Theft Auto VI has not released and Rockstar has published no list of its own, so this entry records what the wiki says and does not treat it as confirmed.","Manufacturer: Declasse;Class: SUVs;Body style: 4-door SUV;Seats: 8;Listed price: $35,000 (from GTA Online, not GTA 6);Source: GTA Fandom wiki, via outlawdb","","","","COMMUNITY_IDENTIFIED","TIER_3_COMMUNITY","https://gta.fandom.com/wiki/Granger","2026-09-13","LOW","NO","Declasse","gta 6 granger;granger gta 6;gta 6 declasse","Data from outlawdb (https://outlawdb.com/en/gta-6/vehicles), derived from GTA Wiki, CC BY-SA 3.0."
"vehicle","Granger 3600LX","","granger-3600lx","SUVs","4-door SUV (Although found in special section of the website.)","Granger 3600LX is a vehicle listed for GTA 6 on the GTA Fandom wiki, made in game by Declasse.","Granger 3600LX appears on the GTA Fandom wiki as a Grand Theft Auto VI vehicle. The in-game manufacturer is given as Declasse. Grand Theft Auto uses invented car brands, so Declasse is not a real company. The wiki files it in the SUVs class, with a 4-door SUV (Although found in special section of the website.) body. The vehicle type is given as lighttruck. It seats 8. A price of $2,000,000 is listed. Rockstar has published no GTA 6 price. Grand Theft Auto VI has not released and Rockstar has published no list of its own, so this entry records what the wiki says and does not treat it as confirmed.","Manufacturer: Declasse;Class: SUVs;Body style: 4-door SUV (Although found in special section of the website.);Seats: 8;Listed price: $2,000,000;Source: GTA Fandom wiki, via outlawdb","","","","COMMUNITY_IDENTIFIED","TIER_3_COMMUNITY","https://gta.fandom.com/wiki/Granger_3600LX","2026-09-13","LOW","NO","Declasse","gta 6 granger 3600lx;granger 3600lx gta 6;gta 6 declasse","Data from outlawdb (https://outlawdb.com/en/gta-6/vehicles), derived from GTA Wiki, CC BY-SA 3.0."
"vehicle","Growler","","growler","","2-door coupe","Growler is a vehicle listed for GTA 6 on the GTA Fandom wiki, made in game by Pfister.","Growler appears on the GTA Fandom wiki as a Grand Theft Auto VI vehicle. The in-game manufacturer is given as Pfister. Grand Theft Auto uses invented car brands, so Pfister is not a real company. The body style is given as 2-door coupe. The vehicle type is given as sports. It seats 2. A price of $1,627,000 is listed. Rockstar has published no GTA 6 price. Grand Theft Auto VI has not released and Rockstar has published no list of its own, so this entry records what the wiki says and does not treat it as confirmed.","Manufacturer: Pfister;Body style: 2-door coupe;Seats: 2;Listed price: $1,627,000;Source: GTA Fandom wiki, via outlawdb","","","","COMMUNITY_IDENTIFIED","TIER_3_COMMUNITY","https://gta.fandom.com/wiki/Growler","2026-09-13","LOW","NO","Pfister","gta 6 growler;growler gta 6;gta 6 pfister","Data from outlawdb (https://outlawdb.com/en/gta-6/vehicles), derived from GTA Wiki, CC BY-SA 3.0."
"vehicle","Hellion","","hellion","Off-Road","2-door SUV","Hellion is a vehicle listed for GTA 6 on the GTA Fandom wiki, made in game by Annis.","Hellion appears on the GTA Fandom wiki as a Grand Theft Auto VI vehicle. The in-game manufacturer is given as Annis. Grand Theft Auto uses invented car brands, so Annis is not a real company. The wiki files it in the Off-Road class, with a 2-door SUV body. The vehicle type is given as lighttruck. A price of $835,000 is listed. Rockstar has published no GTA 6 price. Grand Theft Auto VI has not released and Rockstar has published no list of its own, so this entry records what the wiki says and does not treat it as confirmed.","Manufacturer: Annis;Class: Off-Road;Body style: 2-door SUV;Listed price: $835,000;Source: GTA Fandom wiki, via outlawdb","","","","COMMUNITY_IDENTIFIED","TIER_3_COMMUNITY","https://gta.fandom.com/wiki/Hellion","2026-09-13","LOW","NO","Annis","gta 6 hellion;hellion gta 6;gta 6 annis","Data from outlawdb (https://outlawdb.com/en/gta-6/vehicles), derived from GTA Wiki, CC BY-SA 3.0."
"vehicle","Impaler SZ","","impaler-sz","Muscle","4-door sedan","Impaler SZ is a vehicle listed for GTA 6 on the GTA Fandom wiki, made in game by Declasse.","Impaler SZ appears on the GTA Fandom wiki as a Grand Theft Auto VI vehicle. The in-game manufacturer is given as Declasse. Grand Theft Auto uses invented car brands, so Declasse is not a real company. The wiki files it in the Muscle class, with a 4-door sedan body. The vehicle type is given as fullsize. It seats 4. A price of $1,280,000 is listed. Rockstar has published no GTA 6 price. Grand Theft Auto VI has not released and Rockstar has published no list of its own, so this entry records what the wiki says and does not treat it as confirmed.","Manufacturer: Declasse;Class: Muscle;Body style: 4-door sedan;Seats: 4;Listed price: $1,280,000;Source: GTA Fandom wiki, via outlawdb","","","","COMMUNITY_IDENTIFIED","TIER_3_COMMUNITY","https://gta.fandom.com/wiki/Impaler_SZ","2026-09-13","LOW","NO","Declasse","gta 6 impaler sz;impaler sz gta 6;gta 6 declasse","Data from outlawdb (https://outlawdb.com/en/gta-6/vehicles), derived from GTA Wiki, CC BY-SA 3.0."
"vehicle","Infernus Classic","","infernus-classic","Sports Classics","2-door coupe","Infernus Classic is a vehicle listed for GTA 6 on the GTA Fandom wiki, made in game by Pegassi.","Infernus Classic appears on the GTA Fandom wiki as a Grand Theft Auto VI vehicle. The in-game manufacturer is given as Pegassi. Grand Theft Auto uses invented car brands, so Pegassi is not a real company. The wiki files it in the Sports Classics class, with a 2-door coupe body. The vehicle type is given as sports. It seats 2. A price of $915,000 is listed. Rockstar has published no GTA 6 price. Grand Theft Auto VI has not released and Rockstar has published no list of its own, so this entry records what the wiki says and does not treat it as confirmed.","Manufacturer: Pegassi;Class: Sports Classics;Body style: 2-door coupe;Seats: 2;Listed price: $915,000;Source: GTA Fandom wiki, via outlawdb","","","","COMMUNITY_IDENTIFIED","TIER_3_COMMUNITY","https://gta.fandom.com/wiki/Infernus_Classic","2026-09-13","LOW","NO","Pegassi","gta 6 infernus classic;infernus classic gta 6;gta 6 pegassi","Data from outlawdb (https://outlawdb.com/en/gta-6/vehicles), derived from GTA Wiki, CC BY-SA 3.0."
"vehicle","Ingot","","ingot","Sedans","4-door station wagon","Ingot is a vehicle listed for GTA 6 on the GTA Fandom wiki, made in game by Vulcar.","Ingot appears on the GTA Fandom wiki as a Grand Theft Auto VI vehicle. The in-game manufacturer is given as Vulcar. Grand Theft Auto uses invented car brands, so Vulcar is not a real company. The wiki files it in the Sedans class, with a 4-door station wagon body. The vehicle type is given as fullsize. It seats 4. A price of $9,000 is listed, but the wiki takes that figure from GTA Online and not from GTA 6. No GTA 6 price has been published. Grand Theft Auto VI has not released and Rockstar has published no list of its own, so this entry records what the wiki says and does not treat it as confirmed.","Manufacturer: Vulcar;Class: Sedans;Body style: 4-door station wagon;Seats: 4;Listed price: $9,000 (from GTA Online, not GTA 6);Source: GTA Fandom wiki, via outlawdb","","","","COMMUNITY_IDENTIFIED","TIER_3_COMMUNITY","https://gta.fandom.com/wiki/Ingot","2026-09-13","LOW","NO","Vulcar","gta 6 ingot;ingot gta 6;gta 6 vulcar","Data from outlawdb (https://outlawdb.com/en/gta-6/vehicles), derived from GTA Wiki, CC BY-SA 3.0."
"vehicle","Intruder","","intruder","Sedans","4-door sedan","Intruder is a vehicle listed for GTA 6 on the GTA Fandom wiki, made in game by Karin.","Intruder appears on the GTA Fandom wiki as a Grand Theft Auto VI vehicle. The in-game manufacturer is given as Karin. Grand Theft Auto uses invented car brands, so Karin is not a real company. The wiki files it in the Sedans class, with a 4-door sedan body. The vehicle type is given as fullsize. It seats 4. A price of $16,000 is listed, but the wiki takes that figure from GTA Online and not from GTA 6. No GTA 6 price has been published. Grand Theft Auto VI has not released and Rockstar has published no list of its own, so this entry records what the wiki says and does not treat it as confirmed.","Manufacturer: Karin;Class: Sedans;Body style: 4-door sedan;Seats: 4;Listed price: $16,000 (from GTA Online, not GTA 6);Source: GTA Fandom wiki, via outlawdb","","","","COMMUNITY_IDENTIFIED","TIER_3_COMMUNITY","https://gta.fandom.com/wiki/Intruder_(HD_Universe)","2026-09-13","LOW","NO","Karin","gta 6 intruder;intruder gta 6;gta 6 karin","Data from outlawdb (https://outlawdb.com/en/gta-6/vehicles), derived from GTA Wiki, CC BY-SA 3.0."
"vehicle","Itali GTO","","itali-gto","Sports","2-door berlinetta","Itali GTO is a vehicle listed for GTA 6 on the GTA Fandom wiki, made in game by Grotti.","Itali GTO appears on the GTA Fandom wiki as a Grand Theft Auto VI vehicle. The in-game manufacturer is given as Grotti. Grand Theft Auto uses invented car brands, so Grotti is not a real company. The wiki files it in the Sports class, with a 2-door berlinetta body. The vehicle type is given as grandtourer. It seats 2. A price of $1,965,000 is listed. Rockstar has published no GTA 6 price. Grand Theft Auto VI has not released and Rockstar has published no list of its own, so this entry records what the wiki says and does not treat it as confirmed.","Manufacturer: Grotti;Class: Sports;Body style: 2-door berlinetta;Seats: 2;Listed price: $1,965,000;Source: GTA Fandom wiki, via outlawdb","","","","COMMUNITY_IDENTIFIED","TIER_3_COMMUNITY","https://gta.fandom.com/wiki/Itali_GTO_(HD_Universe)","2026-09-13","LOW","NO","Grotti","gta 6 itali gto;itali gto gta 6;gta 6 grotti","Data from outlawdb (https://outlawdb.com/en/gta-6/vehicles), derived from GTA Wiki, CC BY-SA 3.0."
"vehicle","Jet","","jet","Planes","Wide-body jet airliner","Jet is a vehicle listed for GTA 6 on the GTA Fandom wiki.","Jet appears on the GTA Fandom wiki as a Grand Theft Auto VI vehicle. The wiki files it in the Planes class, with a Wide-body jet airliner body. The vehicle type is given as monoplane. It seats 2. Grand Theft Auto VI has not released and Rockstar has published no list of its own, so this entry records what the wiki says and does not treat it as confirmed.","Class: Planes;Body style: Wide-body jet airliner;Seats: 2;Source: GTA Fandom wiki, via outlawdb","","","","COMMUNITY_IDENTIFIED","TIER_3_COMMUNITY","https://gta.fandom.com/wiki/Jet","2026-09-13","LOW","NO","","gta 6 jet;jet gta 6","Data from outlawdb (https://outlawdb.com/en/gta-6/vehicles), derived from GTA Wiki, CC BY-SA 3.0."
"vehicle","Journey II","","journey-ii","Vans","Class A motorhome","Journey II is a vehicle listed for GTA 6 on the GTA Fandom wiki, made in game by Zirconium.","Journey II appears on the GTA Fandom wiki as a Grand Theft Auto VI vehicle. The in-game manufacturer is given as Zirconium. Grand Theft Auto uses invented car brands, so Zirconium is not a real company. The wiki files it in the Vans class, with a Class A motorhome body. The vehicle type is given as mediumtruck. It seats 6. A price of $790,000 is listed. Rockstar has published no GTA 6 price. Grand Theft Auto VI has not released and Rockstar has published no list of its own, so this entry records what the wiki says and does not treat it as confirmed.","Manufacturer: Zirconium;Class: Vans;Body style: Class A motorhome;Seats: 6;Listed price: $790,000;Source: GTA Fandom wiki, via outlawdb","","","","COMMUNITY_IDENTIFIED","TIER_3_COMMUNITY","https://gta.fandom.com/wiki/Journey_II","2026-09-13","LOW","NO","Zirconium","gta 6 journey ii;journey ii gta 6;gta 6 zirconium","Data from outlawdb (https://outlawdb.com/en/gta-6/vehicles), derived from GTA Wiki, CC BY-SA 3.0."
"vehicle","Jubilee","","jubilee","SUVs","4-door luxury SUV","Jubilee is a vehicle listed for GTA 6 on the GTA Fandom wiki, made in game by Enus.","Jubilee appears on the GTA Fandom wiki as a Grand Theft Auto VI vehicle. The in-game manufacturer is given as Enus. Grand Theft Auto uses invented car brands, so Enus is not a real company. The wiki files it in the SUVs class, with a 4-door luxury SUV body. The vehicle type is given as lighttruck. It seats 4. A price of $1,650,000 is listed. Rockstar has published no GTA 6 price. Grand Theft Auto VI has not released and Rockstar has published no list of its own, so this entry records what the wiki says and does not treat it as confirmed.","Manufacturer: Enus;Class: SUVs;Body style: 4-door luxury SUV;Seats: 4;Listed price: $1,650,000;Source: GTA Fandom wiki, via outlawdb","","","","COMMUNITY_IDENTIFIED","TIER_3_COMMUNITY","https://gta.fandom.com/wiki/Jubilee","2026-09-13","LOW","NO","Enus","gta 6 jubilee;jubilee gta 6;gta 6 enus","Data from outlawdb (https://outlawdb.com/en/gta-6/vehicles), derived from GTA Wiki, CC BY-SA 3.0."
"vehicle","Jugular","","jugular","Sports","4-door sports saloon","Jugular is a vehicle listed for GTA 6 on the GTA Fandom wiki, made in game by Ocelot.","Jugular appears on the GTA Fandom wiki as a Grand Theft Auto VI vehicle. The in-game manufacturer is given as Ocelot. Grand Theft Auto uses invented car brands, so Ocelot is not a real company. The wiki files it in the Sports class, with a 4-door sports saloon body. It seats 4. A price of $1,225,000 is listed, but the wiki takes that figure from GTA Online and not from GTA 6. No GTA 6 price has been published. Grand Theft Auto VI has not released and Rockstar has published no list of its own, so this entry records what the wiki says and does not treat it as confirmed.","Manufacturer: Ocelot;Class: Sports;Body style: 4-door sports saloon;Seats: 4;Listed price: $1,225,000 (from GTA Online, not GTA 6);Source: GTA Fandom wiki, via outlawdb","","","","COMMUNITY_IDENTIFIED","TIER_3_COMMUNITY","https://gta.fandom.com/wiki/Jugular_(HD_Universe)","2026-09-13","LOW","NO","Ocelot","gta 6 jugular;jugular gta 6;gta 6 ocelot","Data from outlawdb (https://outlawdb.com/en/gta-6/vehicles), derived from GTA Wiki, CC BY-SA 3.0."
"vehicle","Kamacho","","kamacho","Off-Road","4-door pickup truck","Kamacho is a vehicle listed for GTA 6 on the GTA Fandom wiki, made in game by Canis.","Kamacho appears on the GTA Fandom wiki as a Grand Theft Auto VI vehicle. The in-game manufacturer is given as Canis. Grand Theft Auto uses invented car brands, so Canis is not a real company. The wiki files it in the Off-Road class, with a 4-door pickup truck body. The vehicle type is given as lighttruck. It seats 4. A price of $345,000 is listed. Rockstar has published no GTA 6 price. Grand Theft Auto VI has not released and Rockstar has published no list of its own, so this entry records what the wiki says and does not treat it as confirmed.","Manufacturer: Canis;Class: Off-Road;Body style: 4-door pickup truck;Seats: 4;Listed price: $345,000;Source: GTA Fandom wiki, via outlawdb","","","","COMMUNITY_IDENTIFIED","TIER_3_COMMUNITY","https://gta.fandom.com/wiki/Kamacho","2026-09-13","LOW","NO","Canis","gta 6 kamacho;kamacho gta 6;gta 6 canis","Data from outlawdb (https://outlawdb.com/en/gta-6/vehicles), derived from GTA Wiki, CC BY-SA 3.0."
"vehicle","Landstalker XL","","landstalker-xl","SUVs","4-door SUV","Landstalker XL is a vehicle listed for GTA 6 on the GTA Fandom wiki, made in game by Dundreary.","Landstalker XL appears on the GTA Fandom wiki as a Grand Theft Auto VI vehicle. The in-game manufacturer is given as Dundreary. Grand Theft Auto uses invented car brands, so Dundreary is not a real company. The wiki files it in the SUVs class, with a 4-door SUV body. The vehicle type is given as lighttruck. It seats 4. A price of $1,220,000 is listed. Rockstar has published no GTA 6 price. Grand Theft Auto VI has not released and Rockstar has published no list of its own, so this entry records what the wiki says and does not treat it as confirmed.","Manufacturer: Dundreary;Class: SUVs;Body style: 4-door SUV;Seats: 4;Listed price: $1,220,000;Source: GTA Fandom wiki, via outlawdb","","","","COMMUNITY_IDENTIFIED","TIER_3_COMMUNITY","https://gta.fandom.com/wiki/Landstalker_XL","2026-09-13","LOW","NO","Dundreary","gta 6 landstalker xl;landstalker xl gta 6;gta 6 dundreary","Data from outlawdb (https://outlawdb.com/en/gta-6/vehicles), derived from GTA Wiki, CC BY-SA 3.0."
"vehicle","Locust","","locust","Sports","2-door speedster","Locust is a vehicle listed for GTA 6 on the GTA Fandom wiki, made in game by Ocelot.","Locust appears on the GTA Fandom wiki as a Grand Theft Auto VI vehicle. The in-game manufacturer is given as Ocelot. Grand Theft Auto uses invented car brands, so Ocelot is not a real company. The wiki files it in the Sports class, with a 2-door speedster body. It seats 2. A price of $978,000 is listed. Rockstar has published no GTA 6 price. Grand Theft Auto VI has not released and Rockstar has published no list of its own, so this entry records what the wiki says and does not treat it as confirmed.","Manufacturer: Ocelot;Class: Sports;Body style: 2-door speedster;Seats: 2;Listed price: $978,000;Source: GTA Fandom wiki, via outlawdb","","","","COMMUNITY_IDENTIFIED","TIER_3_COMMUNITY","https://gta.fandom.com/wiki/Locust_(HD_Universe)","2026-09-13","LOW","NO","Ocelot","gta 6 locust;locust gta 6;gta 6 ocelot","Data from outlawdb (https://outlawdb.com/en/gta-6/vehicles), derived from GTA Wiki, CC BY-SA 3.0."
"vehicle","LomBike","","lombike","","bicycle","LomBike is a vehicle listed for GTA 6 on the GTA Fandom wiki.","LomBike appears on the GTA Fandom wiki as a Grand Theft Auto VI vehicle. The vehicle type is given as bicycle. Grand Theft Auto VI has not released and Rockstar has published no list of its own, so this entry records what the wiki says and does not treat it as confirmed.","Source: GTA Fandom wiki, via outlawdb","","","","COMMUNITY_IDENTIFIED","TIER_3_COMMUNITY","https://gta.fandom.com/wiki/LomBike","2026-09-13","LOW","NO","","gta 6 lombike;lombike gta 6","Data from outlawdb (https://outlawdb.com/en/gta-6/vehicles), derived from GTA Wiki, CC BY-SA 3.0."
"vehicle","Mamba GT","","mamba-gt","","","Mamba GT is a vehicle listed for GTA 6 on the GTA Fandom wiki, made in game by Declasse.","Mamba GT appears on the GTA Fandom wiki as a Grand Theft Auto VI vehicle. The in-game manufacturer is given as Declasse. Grand Theft Auto uses invented car brands, so Declasse is not a real company. Grand Theft Auto VI has not released and Rockstar has published no list of its own, so this entry records what the wiki says and does not treat it as confirmed.","Manufacturer: Declasse;Source: GTA Fandom wiki, via outlawdb","","","","COMMUNITY_IDENTIFIED","TIER_3_COMMUNITY","https://gta.fandom.com/wiki/Mamba_GT","2026-09-13","LOW","NO","Declasse","gta 6 mamba gt;mamba gt gta 6;gta 6 declasse","Data from outlawdb (https://outlawdb.com/en/gta-6/vehicles), derived from GTA Wiki, CC BY-SA 3.0."
"vehicle","Mammatus","","mammatus","Planes","Small high wing plane","Mammatus is a vehicle listed for GTA 6 on the GTA Fandom wiki, made in game by Jobuilt.","Mammatus appears on the GTA Fandom wiki as a Grand Theft Auto VI vehicle. The in-game manufacturer is given as Jobuilt. Grand Theft Auto uses invented car brands, so Jobuilt is not a real company. The wiki files it in the Planes class, with a Small high wing plane body. The vehicle type is given as monoplane. It seats 4. A price of $300,000 is listed, but the wiki takes that figure from GTA Online and not from GTA 6. No GTA 6 price has been published. Grand Theft Auto VI has not released and Rockstar has published no list of its own, so this entry records what the wiki says and does not treat it as confirmed.","Manufacturer: Jobuilt;Class: Planes;Body style: Small high wing plane;Seats: 4;Listed price: $300,000 (from GTA Online, not GTA 6);Source: GTA Fandom wiki, via outlawdb","","","","COMMUNITY_IDENTIFIED","TIER_3_COMMUNITY","https://gta.fandom.com/wiki/Mammatus","2026-09-13","LOW","NO","Jobuilt","gta 6 mammatus;mammatus gta 6;gta 6 jobuilt","Data from outlawdb (https://outlawdb.com/en/gta-6/vehicles), derived from GTA Wiki, CC BY-SA 3.0."
"vehicle","Manchez","","manchez","Motorcycles","Dirtbike","Manchez is a vehicle listed for GTA 6 on the GTA Fandom wiki, made in game by Maibatsu.","Manchez appears on the GTA Fandom wiki as a Grand Theft Auto VI vehicle. The in-game manufacturer is given as Maibatsu. Grand Theft Auto uses invented car brands, so Maibatsu is not a real company. The wiki files it in the Motorcycles class, with a Dirtbike body. The vehicle type is given as dirtbike. It seats 2. A price of $67,000 is listed. Rockstar has published no GTA 6 price. Grand Theft Auto VI has not released and Rockstar has published no list of its own, so this entry records what the wiki says and does not treat it as confirmed.","Manufacturer: Maibatsu;Class: Motorcycles;Body style: Dirtbike;Seats: 2;Listed price: $67,000;Source: GTA Fandom wiki, via outlawdb","","","","COMMUNITY_IDENTIFIED","TIER_3_COMMUNITY","https://gta.fandom.com/wiki/Manchez","2026-09-13","LOW","NO","Maibatsu","gta 6 manchez;manchez gta 6;gta 6 maibatsu","Data from outlawdb (https://outlawdb.com/en/gta-6/vehicles), derived from GTA Wiki, CC BY-SA 3.0."
"vehicle","Marquis","","marquis","Boats","Sailboat","Marquis is a vehicle listed for GTA 6 on the GTA Fandom wiki, made in game by Dinka.","Marquis appears on the GTA Fandom wiki as a Grand Theft Auto VI vehicle. The in-game manufacturer is given as Dinka. Grand Theft Auto uses invented car brands, so Dinka is not a real company. The wiki files it in the Boats class, with a Sailboat body. The vehicle type is given as motorboat. It seats 2. A price of $4,500 is listed, but the wiki takes that figure from GTA Vice City and not from GTA 6. No GTA 6 price has been published. Grand Theft Auto VI has not released and Rockstar has published no list of its own, so this entry records what the wiki says and does not treat it as confirmed.","Manufacturer: Dinka;Class: Boats;Body style: Sailboat;Seats: 2;Listed price: $4,500 (from GTA Vice City, not GTA 6);Source: GTA Fandom wiki, via outlawdb","","","","COMMUNITY_IDENTIFIED","TIER_3_COMMUNITY","https://gta.fandom.com/wiki/Marquis","2026-09-13","LOW","NO","Dinka","gta 6 marquis;marquis gta 6;gta 6 dinka","Data from outlawdb (https://outlawdb.com/en/gta-6/vehicles), derived from GTA Wiki, CC BY-SA 3.0."
"vehicle","Maverick","","maverick","Helicopters","singleheli","Maverick is a vehicle listed for GTA 6 on the GTA Fandom wiki, made in game by Western Company, Buckingham.","Maverick appears on the GTA Fandom wiki as a Grand Theft Auto VI vehicle. The in-game manufacturer is given as Western Company, Buckingham. Grand Theft Auto uses invented car brands, so Western Company, Buckingham is not a real company. The wiki files it in the Helicopters class. The vehicle type is given as singleheli. It seats 4. A price of $780,000 is listed, but the wiki takes that figure from GTA V and not from GTA 6. No GTA 6 price has been published. Grand Theft Auto VI has not released and Rockstar has published no list of its own, so this entry records what the wiki says and does not treat it as confirmed.","Manufacturer: Western Company, Buckingham;Class: Helicopters;Seats: 4;Listed price: $780,000 (from GTA V, not GTA 6);Source: GTA Fandom wiki, via outlawdb","","","","COMMUNITY_IDENTIFIED","TIER_3_COMMUNITY","https://gta.fandom.com/wiki/Maverick_(HD_Universe)","2026-09-13","LOW","NO","Western Company, Buckingham","gta 6 maverick;maverick gta 6;gta 6 western company, buckingham","Data from outlawdb (https://outlawdb.com/en/gta-6/vehicles), derived from GTA Wiki, CC BY-SA 3.0."
"vehicle","Mesa","","mesa","SUVs","4-door SUV","Mesa is a vehicle listed for GTA 6 on the GTA Fandom wiki, made in game by Canis.","Mesa appears on the GTA Fandom wiki as a Grand Theft Auto VI vehicle. The in-game manufacturer is given as Canis. Grand Theft Auto uses invented car brands, so Canis is not a real company. The wiki files it in the SUVs class, with a 4-door SUV body. The vehicle type is given as lighttruck. It seats 4. Grand Theft Auto VI has not released and Rockstar has published no list of its own, so this entry records what the wiki says and does not treat it as confirmed.","Manufacturer: Canis;Class: SUVs;Body style: 4-door SUV;Seats: 4;Source: GTA Fandom wiki, via outlawdb","","","","COMMUNITY_IDENTIFIED","TIER_3_COMMUNITY","https://gta.fandom.com/wiki/Mesa_(HD_Universe)","2026-09-13","LOW","NO","Canis","gta 6 mesa;mesa gta 6;gta 6 canis","Data from outlawdb (https://outlawdb.com/en/gta-6/vehicles), derived from GTA Wiki, CC BY-SA 3.0."
"vehicle","Minivan","","minivan","Vans","4-door minivan","Minivan is a vehicle listed for GTA 6 on the GTA Fandom wiki, made in game by Vapid.","Minivan appears on the GTA Fandom wiki as a Grand Theft Auto VI vehicle. The in-game manufacturer is given as Vapid. Grand Theft Auto uses invented car brands, so Vapid is not a real company. The wiki files it in the Vans class, with a 4-door minivan body. The vehicle type is given as lighttruck. It seats 4. A price of $30,000 is listed, but the wiki takes that figure from GTA Online and not from GTA 6. No GTA 6 price has been published. Grand Theft Auto VI has not released and Rockstar has published no list of its own, so this entry records what the wiki says and does not treat it as confirmed.","Manufacturer: Vapid;Class: Vans;Body style: 4-door minivan;Seats: 4;Listed price: $30,000 (from GTA Online, not GTA 6);Source: GTA Fandom wiki, via outlawdb","","","","COMMUNITY_IDENTIFIED","TIER_3_COMMUNITY","https://gta.fandom.com/wiki/Minivan","2026-09-13","LOW","NO","Vapid","gta 6 minivan;minivan gta 6;gta 6 vapid","Data from outlawdb (https://outlawdb.com/en/gta-6/vehicles), derived from GTA Wiki, CC BY-SA 3.0."
"vehicle","Mixer (4-axle)","","mixer-4-axle","Industrial","Cement mixer","Mixer (4-axle) is a vehicle listed for GTA 6 on the GTA Fandom wiki, made in game by HVY.","Mixer (4-axle) appears on the GTA Fandom wiki as a Grand Theft Auto VI vehicle. The in-game manufacturer is given as HVY. Grand Theft Auto uses invented car brands, so HVY is not a real company. The wiki files it in the Industrial class, with a Cement mixer body. The vehicle type is given as heavytruck. It seats 2. Grand Theft Auto VI has not released and Rockstar has published no list of its own, so this entry records what the wiki says and does not treat it as confirmed.","Manufacturer: HVY;Class: Industrial;Body style: Cement mixer;Seats: 2;Source: GTA Fandom wiki, via outlawdb","","","","COMMUNITY_IDENTIFIED","TIER_3_COMMUNITY","https://gta.fandom.com/wiki/Mixer_(4-axle)","2026-09-13","LOW","NO","HVY","gta 6 mixer (4-axle);mixer (4-axle) gta 6;gta 6 hvy","Data from outlawdb (https://outlawdb.com/en/gta-6/vehicles), derived from GTA Wiki, CC BY-SA 3.0."
"vehicle","Moonbeam","","moonbeam","Muscle","4-door minivan","Moonbeam is a vehicle listed for GTA 6 on the GTA Fandom wiki, made in game by Declasse.","Moonbeam appears on the GTA Fandom wiki as a Grand Theft Auto VI vehicle. The in-game manufacturer is given as Declasse. Grand Theft Auto uses invented car brands, so Declasse is not a real company. The wiki files it in the Muscle class, with a 4-door minivan body. The vehicle type is given as lighttruck. It seats 4. A price of $32,500 is listed, but the wiki takes that figure from GTA Online and not from GTA 6. No GTA 6 price has been published. Grand Theft Auto VI has not released and Rockstar has published no list of its own, so this entry records what the wiki says and does not treat it as confirmed.","Manufacturer: Declasse;Class: Muscle;Body style: 4-door minivan;Seats: 4;Listed price: $32,500 (from GTA Online, not GTA 6);Source: GTA Fandom wiki, via outlawdb","","","","COMMUNITY_IDENTIFIED","TIER_3_COMMUNITY","https://gta.fandom.com/wiki/Moonbeam_(HD_Universe)","2026-09-13","LOW","NO","Declasse","gta 6 moonbeam;moonbeam gta 6;gta 6 declasse","Data from outlawdb (https://outlawdb.com/en/gta-6/vehicles), derived from GTA Wiki, CC BY-SA 3.0."
"vehicle","Mule","","mule","Commercial","Two-door box truck","Mule is a vehicle listed for GTA 6 on the GTA Fandom wiki, made in game by Maibatsu.","Mule appears on the GTA Fandom wiki as a Grand Theft Auto VI vehicle. The in-game manufacturer is given as Maibatsu. Grand Theft Auto uses invented car brands, so Maibatsu is not a real company. The wiki files it in the Commercial class, with a Two-door box truck body. The vehicle type is given as mediumtruck. It seats 2. A price of $27,000 is listed, but the wiki takes that figure from GTA Online and not from GTA 6. No GTA 6 price has been published. Grand Theft Auto VI has not released and Rockstar has published no list of its own, so this entry records what the wiki says and does not treat it as confirmed.","Manufacturer: Maibatsu;Class: Commercial;Body style: Two-door box truck;Seats: 2;Listed price: $27,000 (from GTA Online, not GTA 6);Source: GTA Fandom wiki, via outlawdb","","","","COMMUNITY_IDENTIFIED","TIER_3_COMMUNITY","https://gta.fandom.com/wiki/Mule","2026-09-13","LOW","NO","Maibatsu","gta 6 mule;mule gta 6;gta 6 maibatsu","Data from outlawdb (https://outlawdb.com/en/gta-6/vehicles), derived from GTA Wiki, CC BY-SA 3.0."
"vehicle","Nimbus","","nimbus","Planes","Business jet","Nimbus is a vehicle listed for GTA 6 on the GTA Fandom wiki, made in game by Buckingham.","Nimbus appears on the GTA Fandom wiki as a Grand Theft Auto VI vehicle. The in-game manufacturer is given as Buckingham. Grand Theft Auto uses invented car brands, so Buckingham is not a real company. The wiki files it in the Planes class, with a Business jet body. The vehicle type is given as monoplane. It seats 8. A price of $1,900,000 is listed, but the wiki takes that figure from GTA Online and not from GTA 6. No GTA 6 price has been published. Grand Theft Auto VI has not released and Rockstar has published no list of its own, so this entry records what the wiki says and does not treat it as confirmed.","Manufacturer: Buckingham;Class: Planes;Body style: Business jet;Seats: 8;Listed price: $1,900,000 (from GTA Online, not GTA 6);Source: GTA Fandom wiki, via outlawdb","","","","COMMUNITY_IDENTIFIED","TIER_3_COMMUNITY","https://gta.fandom.com/wiki/Nimbus","2026-09-13","LOW","NO","Buckingham","gta 6 nimbus;nimbus gta 6;gta 6 buckingham","Data from outlawdb (https://outlawdb.com/en/gta-6/vehicles), derived from GTA Wiki, CC BY-SA 3.0."
"vehicle","Novak","","novak","SUVs","4-door SUV","Novak is a vehicle listed for GTA 6 on the GTA Fandom wiki, made in game by Lampadati.","Novak appears on the GTA Fandom wiki as a Grand Theft Auto VI vehicle. The in-game manufacturer is given as Lampadati. Grand Theft Auto uses invented car brands, so Lampadati is not a real company. The wiki files it in the SUVs class, with a 4-door SUV body. The vehicle type is given as lighttruck. A price of $608,000 is listed. Rockstar has published no GTA 6 price. Grand Theft Auto VI has not released and Rockstar has published no list of its own, so this entry records what the wiki says and does not treat it as confirmed.","Manufacturer: Lampadati;Class: SUVs;Body style: 4-door SUV;Listed price: $608,000;Source: GTA Fandom wiki, via outlawdb","","","","COMMUNITY_IDENTIFIED","TIER_3_COMMUNITY","https://gta.fandom.com/wiki/Novak","2026-09-13","LOW","NO","Lampadati","gta 6 novak;novak gta 6;gta 6 lampadati","Data from outlawdb (https://outlawdb.com/en/gta-6/vehicles), derived from GTA Wiki, CC BY-SA 3.0."
"vehicle","Outlaw","","outlaw","Off-Road","2-door side-by-side","Outlaw is a vehicle listed for GTA 6 on the GTA Fandom wiki, made in game by Nagasaki.","Outlaw appears on the GTA Fandom wiki as a Grand Theft Auto VI vehicle. The in-game manufacturer is given as Nagasaki. Grand Theft Auto uses invented car brands, so Nagasaki is not a real company. The wiki files it in the Off-Road class, with a 2-door side-by-side body. The vehicle type is given as buggy. It seats 2. A price of $1,268,000 is listed, but the wiki takes that figure from GTA Online and not from GTA 6. No GTA 6 price has been published. Grand Theft Auto VI has not released and Rockstar has published no list of its own, so this entry records what the wiki says and does not treat it as confirmed.","Manufacturer: Nagasaki;Class: Off-Road;Body style: 2-door side-by-side;Seats: 2;Listed price: $1,268,000 (from GTA Online, not GTA 6);Source: GTA Fandom wiki, via outlawdb","","","","COMMUNITY_IDENTIFIED","TIER_3_COMMUNITY","https://gta.fandom.com/wiki/Outlaw","2026-09-13","LOW","NO","Nagasaki","gta 6 outlaw;outlaw gta 6;gta 6 nagasaki","Data from outlawdb (https://outlawdb.com/en/gta-6/vehicles), derived from GTA Wiki, CC BY-SA 3.0."
"vehicle","Packer","","packer","Commercial","Car transporter, Semi-trailer truck","Packer is a vehicle listed for GTA 6 on the GTA Fandom wiki, made in game by MTL.","Packer appears on the GTA Fandom wiki as a Grand Theft Auto VI vehicle. The in-game manufacturer is given as MTL. Grand Theft Auto uses invented car brands, so MTL is not a real company. The wiki files it in the Commercial class, with a Car transporter, Semi-trailer truck body. The vehicle type is given as heavytruck. It seats 2. Grand Theft Auto VI has not released and Rockstar has published no list of its own, so this entry records what the wiki says and does not treat it as confirmed.","Manufacturer: MTL;Class: Commercial;Body style: Car transporter, Semi-trailer truck;Seats: 2;Source: GTA Fandom wiki, via outlawdb","","","","COMMUNITY_IDENTIFIED","TIER_3_COMMUNITY","https://gta.fandom.com/wiki/Packer","2026-09-13","LOW","NO","MTL","gta 6 packer;packer gta 6;gta 6 mtl","Data from outlawdb (https://outlawdb.com/en/gta-6/vehicles), derived from GTA Wiki, CC BY-SA 3.0."
"vehicle","Paragon R","","paragon-r","Sports","2-door coupé","Paragon R is a vehicle listed for GTA 6 on the GTA Fandom wiki, made in game by Enus.","Paragon R appears on the GTA Fandom wiki as a Grand Theft Auto VI vehicle. The in-game manufacturer is given as Enus. Grand Theft Auto uses invented car brands, so Enus is not a real company. The wiki files it in the Sports class, with a 2-door coupé body. The vehicle type is given as grandtourer. It seats 2. A price of $905,000 is listed. Rockstar has published no GTA 6 price. Grand Theft Auto VI has not released and Rockstar has published no list of its own, so this entry records what the wiki says and does not treat it as confirmed.","Manufacturer: Enus;Class: Sports;Body style: 2-door coupé;Seats: 2;Listed price: $905,000;Source: GTA Fandom wiki, via outlawdb","","","","COMMUNITY_IDENTIFIED","TIER_3_COMMUNITY","https://gta.fandom.com/wiki/Paragon_R","2026-09-13","LOW","NO","Enus","gta 6 paragon r;paragon r gta 6;gta 6 enus","Data from outlawdb (https://outlawdb.com/en/gta-6/vehicles), derived from GTA Wiki, CC BY-SA 3.0."
"vehicle","Penumbra","","penumbra","Sports","2-door coupé","Penumbra is a vehicle listed for GTA 6 on the GTA Fandom wiki, made in game by Maibatsu.","Penumbra appears on the GTA Fandom wiki as a Grand Theft Auto VI vehicle. The in-game manufacturer is given as Maibatsu. Grand Theft Auto uses invented car brands, so Maibatsu is not a real company. The wiki files it in the Sports class, with a 2-door coupé body. The vehicle type is given as sportcompact. It seats 2. A price of $24,000 is listed, but the wiki takes that figure from GTA Online and not from GTA 6. No GTA 6 price has been published. Grand Theft Auto VI has not released and Rockstar has published no list of its own, so this entry records what the wiki says and does not treat it as confirmed.","Manufacturer: Maibatsu;Class: Sports;Body style: 2-door coupé;Seats: 2;Listed price: $24,000 (from GTA Online, not GTA 6);Source: GTA Fandom wiki, via outlawdb","","","","COMMUNITY_IDENTIFIED","TIER_3_COMMUNITY","https://gta.fandom.com/wiki/Penumbra","2026-09-13","LOW","NO","Maibatsu","gta 6 penumbra;penumbra gta 6;gta 6 maibatsu","Data from outlawdb (https://outlawdb.com/en/gta-6/vehicles), derived from GTA Wiki, CC BY-SA 3.0."
"vehicle","Phantom","","phantom","Commercial","Tractor trailer truck","Phantom is a vehicle listed for GTA 6 on the GTA Fandom wiki, made in game by Jobuilt.","Phantom appears on the GTA Fandom wiki as a Grand Theft Auto VI vehicle. The in-game manufacturer is given as Jobuilt. Grand Theft Auto uses invented car brands, so Jobuilt is not a real company. The wiki files it in the Commercial class, with a Tractor trailer truck body. The vehicle type is given as heavytruck. It seats 2. Grand Theft Auto VI has not released and Rockstar has published no list of its own, so this entry records what the wiki says and does not treat it as confirmed.","Manufacturer: Jobuilt;Class: Commercial;Body style: Tractor trailer truck;Seats: 2;Source: GTA Fandom wiki, via outlawdb","","","","COMMUNITY_IDENTIFIED","TIER_3_COMMUNITY","https://gta.fandom.com/wiki/Phantom","2026-09-13","LOW","NO","Jobuilt","gta 6 phantom;phantom gta 6;gta 6 jobuilt","Data from outlawdb (https://outlawdb.com/en/gta-6/vehicles), derived from GTA Wiki, CC BY-SA 3.0."
"vehicle","Phantom Custom","","phantom-custom","Commercial","2-door sleeper-cab truck","Phantom Custom is a vehicle listed for GTA 6 on the GTA Fandom wiki, made in game by JoBuilt.","Phantom Custom appears on the GTA Fandom wiki as a Grand Theft Auto VI vehicle. The in-game manufacturer is given as JoBuilt. Grand Theft Auto uses invented car brands, so JoBuilt is not a real company. The wiki files it in the Commercial class, with a 2-door sleeper-cab truck body. The vehicle type is given as heavytruck. It seats 5. A price of $1,225,000 is listed. Rockstar has published no GTA 6 price. Grand Theft Auto VI has not released and Rockstar has published no list of its own, so this entry records what the wiki says and does not treat it as confirmed.","Manufacturer: JoBuilt;Class: Commercial;Body style: 2-door sleeper-cab truck;Seats: 5;Listed price: $1,225,000;Source: GTA Fandom wiki, via outlawdb","","","","COMMUNITY_IDENTIFIED","TIER_3_COMMUNITY","https://gta.fandom.com/wiki/Phantom_Custom","2026-09-13","LOW","NO","JoBuilt","gta 6 phantom custom;phantom custom gta 6;gta 6 jobuilt","Data from outlawdb (https://outlawdb.com/en/gta-6/vehicles), derived from GTA Wiki, CC BY-SA 3.0."
"vehicle","Phoenix","","phoenix","Muscle","2-door coupé","Phoenix is a vehicle listed for GTA 6 on the GTA Fandom wiki, made in game by Imponte.","Phoenix appears on the GTA Fandom wiki as a Grand Theft Auto VI vehicle. The in-game manufacturer is given as Imponte. Grand Theft Auto uses invented car brands, so Imponte is not a real company. The wiki files it in the Muscle class, with a 2-door coupé body. It seats 2. A price of $20,000 is listed, but the wiki takes that figure from GTA Online and not from GTA 6. No GTA 6 price has been published. Grand Theft Auto VI has not released and Rockstar has published no list of its own, so this entry records what the wiki says and does not treat it as confirmed.","Manufacturer: Imponte;Class: Muscle;Body style: 2-door coupé;Seats: 2;Listed price: $20,000 (from GTA Online, not GTA 6);Source: GTA Fandom wiki, via outlawdb","","","","COMMUNITY_IDENTIFIED","TIER_3_COMMUNITY","https://gta.fandom.com/wiki/Phoenix_(HD_Universe)","2026-09-13","LOW","NO","Imponte","gta 6 phoenix;phoenix gta 6;gta 6 imponte","Data from outlawdb (https://outlawdb.com/en/gta-6/vehicles), derived from GTA Wiki, CC BY-SA 3.0."
"vehicle","PMP 700","","pmp-700","","4-door sedan","PMP 700 is a vehicle listed for GTA 6 on the GTA Fandom wiki, made in game by Schyster.","PMP 700 appears on the GTA Fandom wiki as a Grand Theft Auto VI vehicle. The in-game manufacturer is given as Schyster. Grand Theft Auto uses invented car brands, so Schyster is not a real company. The body style is given as 4-door sedan. The vehicle type is given as fullsize. Grand Theft Auto VI has not released and Rockstar has published no list of its own, so this entry records what the wiki says and does not treat it as confirmed.","Manufacturer: Schyster;Body style: 4-door sedan;Source: GTA Fandom wiki, via outlawdb","","","","COMMUNITY_IDENTIFIED","TIER_3_COMMUNITY","https://gta.fandom.com/wiki/PMP_700","2026-09-13","LOW","NO","Schyster","gta 6 pmp 700;pmp 700 gta 6;gta 6 schyster","Data from outlawdb (https://outlawdb.com/en/gta-6/vehicles), derived from GTA Wiki, CC BY-SA 3.0."
"vehicle","Police Cruiser (Buffalo)","","police-cruiser-buffalo","Emergency","4-door sedan","Police Cruiser (Buffalo) is a vehicle listed for GTA 6 on the GTA Fandom wiki, made in game by Bravado.","Police Cruiser (Buffalo) appears on the GTA Fandom wiki as a Grand Theft Auto VI vehicle. The in-game manufacturer is given as Bravado. Grand Theft Auto uses invented car brands, so Bravado is not a real company. The wiki files it in the Emergency class, with a 4-door sedan body. The vehicle type is given as fullsize. It seats 4. Grand Theft Auto VI has not released and Rockstar has published no list of its own, so this entry records what the wiki says and does not treat it as confirmed.","Manufacturer: Bravado;Class: Emergency;Body style: 4-door sedan;Seats: 4;Source: GTA Fandom wiki, via outlawdb","","","","COMMUNITY_IDENTIFIED","TIER_3_COMMUNITY","https://gta.fandom.com/wiki/Police_Cruiser_(Buffalo)","2026-09-13","LOW","NO","Bravado","gta 6 police cruiser (buffalo);police cruiser (buffalo) gta 6;gta 6 bravado","Data from outlawdb (https://outlawdb.com/en/gta-6/vehicles), derived from GTA Wiki, CC BY-SA 3.0."
"vehicle","Police Cruiser (interceptor)","","police-cruiser-interceptor","Emergency","4-door sedan","Police Cruiser (interceptor) is a vehicle listed for GTA 6 on the GTA Fandom wiki, made in game by Vapid.","Police Cruiser (interceptor) appears on the GTA Fandom wiki as a Grand Theft Auto VI vehicle. The in-game manufacturer is given as Vapid. Grand Theft Auto uses invented car brands, so Vapid is not a real company. The wiki files it in the Emergency class, with a 4-door sedan body. The vehicle type is given as fullsize. It seats 4. Grand Theft Auto VI has not released and Rockstar has published no list of its own, so this entry records what the wiki says and does not treat it as confirmed.","Manufacturer: Vapid;Class: Emergency;Body style: 4-door sedan;Seats: 4;Source: GTA Fandom wiki, via outlawdb","","","","COMMUNITY_IDENTIFIED","TIER_3_COMMUNITY","https://gta.fandom.com/wiki/Police_Cruiser_(interceptor)","2026-09-13","LOW","NO","Vapid","gta 6 police cruiser (interceptor);police cruiser (interceptor) gta 6;gta 6 vapid","Data from outlawdb (https://outlawdb.com/en/gta-6/vehicles), derived from GTA Wiki, CC BY-SA 3.0."
"vehicle","Police Maverick","","police-maverick","Helicopters","Four-bladed helicopter, Three-bladed helicopter","Police Maverick is a vehicle listed for GTA 6 on the GTA Fandom wiki, made in game by Western Company, Buckingham.","Police Maverick appears on the GTA Fandom wiki as a Grand Theft Auto VI vehicle. The in-game manufacturer is given as Western Company, Buckingham. Grand Theft Auto uses invented car brands, so Western Company, Buckingham is not a real company. The wiki files it in the Helicopters class, with a Four-bladed helicopter, Three-bladed helicopter body. The vehicle type is given as singleheli. It seats 4. Grand Theft Auto VI has not released and Rockstar has published no list of its own, so this entry records what the wiki says and does not treat it as confirmed.","Manufacturer: Western Company, Buckingham;Class: Helicopters;Body style: Four-bladed helicopter, Three-bladed helicopter;Seats: 4;Source: GTA Fandom wiki, via outlawdb","","","","COMMUNITY_IDENTIFIED","TIER_3_COMMUNITY","https://gta.fandom.com/wiki/Police_Maverick_(HD_Universe)","2026-09-13","LOW","NO","Western Company, Buckingham","gta 6 police maverick;police maverick gta 6;gta 6 western company, buckingham","Data from outlawdb (https://outlawdb.com/en/gta-6/vehicles), derived from GTA Wiki, CC BY-SA 3.0."
"vehicle","Police Riot","","police-riot","Emergency","Armored truck","Police Riot is a vehicle listed for GTA 6 on the GTA Fandom wiki, made in game by Brute.","Police Riot appears on the GTA Fandom wiki as a Grand Theft Auto VI vehicle. The in-game manufacturer is given as Brute. Grand Theft Auto uses invented car brands, so Brute is not a real company. The wiki files it in the Emergency class, with a Armored truck body. The vehicle type is given as heavytruck. It seats 8. A price of $4,800,000 is listed, but the wiki takes that figure from GTA Online and not from GTA 6. No GTA 6 price has been published. Grand Theft Auto VI has not released and Rockstar has published no list of its own, so this entry records what the wiki says and does not treat it as confirmed.","Manufacturer: Brute;Class: Emergency;Body style: Armored truck;Seats: 8;Listed price: $4,800,000 (from GTA Online, not GTA 6);Source: GTA Fandom wiki, via outlawdb","","","","COMMUNITY_IDENTIFIED","TIER_3_COMMUNITY","https://gta.fandom.com/wiki/Police_Riot","2026-09-13","LOW","NO","Brute","gta 6 police riot;police riot gta 6;gta 6 brute","Data from outlawdb (https://outlawdb.com/en/gta-6/vehicles), derived from GTA Wiki, CC BY-SA 3.0."
"vehicle","Primo","","primo","Sedans","4-door sedan","Primo is a vehicle listed for GTA 6 on the GTA Fandom wiki, made in game by Albany.","Primo appears on the GTA Fandom wiki as a Grand Theft Auto VI vehicle. The in-game manufacturer is given as Albany. Grand Theft Auto uses invented car brands, so Albany is not a real company. The wiki files it in the Sedans class, with a 4-door sedan body. The vehicle type is given as midsize. It seats 4. A price of $9,000 is listed, but the wiki takes that figure from GTA Online and not from GTA 6. No GTA 6 price has been published. Grand Theft Auto VI has not released and Rockstar has published no list of its own, so this entry records what the wiki says and does not treat it as confirmed.","Manufacturer: Albany;Class: Sedans;Body style: 4-door sedan;Seats: 4;Listed price: $9,000 (from GTA Online, not GTA 6);Source: GTA Fandom wiki, via outlawdb","","","","COMMUNITY_IDENTIFIED","TIER_3_COMMUNITY","https://gta.fandom.com/wiki/Primo_(HD_Universe)","2026-09-13","LOW","NO","Albany","gta 6 primo;primo gta 6;gta 6 albany","Data from outlawdb (https://outlawdb.com/en/gta-6/vehicles), derived from GTA Wiki, CC BY-SA 3.0."
"vehicle","Primo Custom","","primo-custom","Sedans","4-door sedan","Primo Custom is a vehicle listed for GTA 6 on the GTA Fandom wiki, made in game by Albany.","Primo Custom appears on the GTA Fandom wiki as a Grand Theft Auto VI vehicle. The in-game manufacturer is given as Albany. Grand Theft Auto uses invented car brands, so Albany is not a real company. The wiki files it in the Sedans class, with a 4-door sedan body. The vehicle type is given as midsize. It seats 4. A price of $400,000 is listed. Rockstar has published no GTA 6 price. Grand Theft Auto VI has not released and Rockstar has published no list of its own, so this entry records what the wiki says and does not treat it as confirmed.","Manufacturer: Albany;Class: Sedans;Body style: 4-door sedan;Seats: 4;Listed price: $400,000;Source: GTA Fandom wiki, via outlawdb","","","","COMMUNITY_IDENTIFIED","TIER_3_COMMUNITY","https://gta.fandom.com/wiki/Primo_Custom","2026-09-13","LOW","NO","Albany","gta 6 primo custom;primo custom gta 6;gta 6 albany","Data from outlawdb (https://outlawdb.com/en/gta-6/vehicles), derived from GTA Wiki, CC BY-SA 3.0."
"vehicle","Rancher","","rancher","","2-door pickup truck","Rancher is a vehicle listed for GTA 6 on the GTA Fandom wiki, made in game by Declasse.","Rancher appears on the GTA Fandom wiki as a Grand Theft Auto VI vehicle. The in-game manufacturer is given as Declasse. Grand Theft Auto uses invented car brands, so Declasse is not a real company. The body style is given as 2-door pickup truck. The vehicle type is given as lighttruck. It seats 2. Grand Theft Auto VI has not released and Rockstar has published no list of its own, so this entry records what the wiki says and does not treat it as confirmed.","Manufacturer: Declasse;Body style: 2-door pickup truck;Seats: 2;Source: GTA Fandom wiki, via outlawdb","","","","COMMUNITY_IDENTIFIED","TIER_3_COMMUNITY","https://gta.fandom.com/wiki/Rancher_(HD_Universe)","2026-09-13","LOW","NO","Declasse","gta 6 rancher;rancher gta 6;gta 6 declasse","Data from outlawdb (https://outlawdb.com/en/gta-6/vehicles), derived from GTA Wiki, CC BY-SA 3.0."
"vehicle","Rebel","","rebel","Off-Road","2-door pickup truck","Rebel is a vehicle listed for GTA 6 on the GTA Fandom wiki, made in game by Karin.","Rebel appears on the GTA Fandom wiki as a Grand Theft Auto VI vehicle. The in-game manufacturer is given as Karin. Grand Theft Auto uses invented car brands, so Karin is not a real company. The wiki files it in the Off-Road class, with a 2-door pickup truck body. The vehicle type is given as lighttruck. It seats 2. A price of $22,000 is listed, but the wiki takes that figure from GTA Online and not from GTA 6. No GTA 6 price has been published. Grand Theft Auto VI has not released and Rockstar has published no list of its own, so this entry records what the wiki says and does not treat it as confirmed.","Manufacturer: Karin;Class: Off-Road;Body style: 2-door pickup truck;Seats: 2;Listed price: $22,000 (from GTA Online, not GTA 6);Source: GTA Fandom wiki, via outlawdb","","","","COMMUNITY_IDENTIFIED","TIER_3_COMMUNITY","https://gta.fandom.com/wiki/Rebel","2026-09-13","LOW","NO","Karin","gta 6 rebel;rebel gta 6;gta 6 karin","Data from outlawdb (https://outlawdb.com/en/gta-6/vehicles), derived from GTA Wiki, CC BY-SA 3.0."
"vehicle","Rebla GTS","","rebla-gts","SUVs","4-door SUV","Rebla GTS is a vehicle listed for GTA 6 on the GTA Fandom wiki, made in game by Übermacht.","Rebla GTS appear on the GTA Fandom wiki as a Grand Theft Auto VI vehicle. The in-game manufacturer is given as Übermacht. Grand Theft Auto uses invented car brands, so Übermacht is not a real company. The wiki files it in the SUVs class, with a 4-door SUV body. The vehicle type is given as lighttruck. It seats 4. A price of $1,175,000 is listed, but the wiki takes that figure from GTA Online and not from GTA 6. No GTA 6 price has been published. Grand Theft Auto VI has not released and Rockstar has published no list of its own, so this entry records what the wiki says and does not treat it as confirmed.","Manufacturer: Übermacht;Class: SUVs;Body style: 4-door SUV;Seats: 4;Listed price: $1,175,000 (from GTA Online, not GTA 6);Source: GTA Fandom wiki, via outlawdb","","","","COMMUNITY_IDENTIFIED","TIER_3_COMMUNITY","https://gta.fandom.com/wiki/Rebla_GTS","2026-09-13","LOW","NO","Übermacht","gta 6 rebla gts;rebla gts gta 6;gta 6 übermacht","Data from outlawdb (https://outlawdb.com/en/gta-6/vehicles), derived from GTA Wiki, CC BY-SA 3.0."
"vehicle","Regina","","regina","Sedans","4-door station wagon","Regina is a vehicle listed for GTA 6 on the GTA Fandom wiki, made in game by Dundreary.","Regina appears on the GTA Fandom wiki as a Grand Theft Auto VI vehicle. The in-game manufacturer is given as Dundreary. Grand Theft Auto uses invented car brands, so Dundreary is not a real company. The wiki files it in the Sedans class, with a 4-door station wagon body. The vehicle type is given as fullsize. It seats 4. A price of $8,000 is listed, but the wiki takes that figure from GTA Online and not from GTA 6. No GTA 6 price has been published. Grand Theft Auto VI has not released and Rockstar has published no list of its own, so this entry records what the wiki says and does not treat it as confirmed.","Manufacturer: Dundreary;Class: Sedans;Body style: 4-door station wagon;Seats: 4;Listed price: $8,000 (from GTA Online, not GTA 6);Source: GTA Fandom wiki, via outlawdb","","","","COMMUNITY_IDENTIFIED","TIER_3_COMMUNITY","https://gta.fandom.com/wiki/Regina","2026-09-13","LOW","NO","Dundreary","gta 6 regina;regina gta 6;gta 6 dundreary","Data from outlawdb (https://outlawdb.com/en/gta-6/vehicles), derived from GTA Wiki, CC BY-SA 3.0."
"vehicle","Riata Classic","","riata-classic","","","Riata Classic is a vehicle listed for GTA 6 on the GTA Fandom wiki, made in game by Vapid.","Riata Classic appears on the GTA Fandom wiki as a Grand Theft Auto VI vehicle. The in-game manufacturer is given as Vapid. Grand Theft Auto uses invented car brands, so Vapid is not a real company. Grand Theft Auto VI has not released and Rockstar has published no list of its own, so this entry records what the wiki says and does not treat it as confirmed.","Manufacturer: Vapid;Source: GTA Fandom wiki, via outlawdb","","","","COMMUNITY_IDENTIFIED","TIER_3_COMMUNITY","https://gta.fandom.com/wiki/Riata_Classic","2026-09-13","LOW","NO","Vapid","gta 6 riata classic;riata classic gta 6;gta 6 vapid","Data from outlawdb (https://outlawdb.com/en/gta-6/vehicles), derived from GTA Wiki, CC BY-SA 3.0."
"vehicle","Rubble","","rubble","Industrial","Dump truck","Rubble is a vehicle listed for GTA 6 on the GTA Fandom wiki, made in game by Jobuilt.","Rubble appears on the GTA Fandom wiki as a Grand Theft Auto VI vehicle. The in-game manufacturer is given as Jobuilt. Grand Theft Auto uses invented car brands, so Jobuilt is not a real company. The wiki files it in the Industrial class, with a Dump truck body. The vehicle type is given as heavytruck. It seats 2. Grand Theft Auto VI has not released and Rockstar has published no list of its own, so this entry records what the wiki says and does not treat it as confirmed.","Manufacturer: Jobuilt;Class: Industrial;Body style: Dump truck;Seats: 2;Source: GTA Fandom wiki, via outlawdb","","","","COMMUNITY_IDENTIFIED","TIER_3_COMMUNITY","https://gta.fandom.com/wiki/Rubble","2026-09-13","LOW","NO","Jobuilt","gta 6 rubble;rubble gta 6;gta 6 jobuilt","Data from outlawdb (https://outlawdb.com/en/gta-6/vehicles), derived from GTA Wiki, CC BY-SA 3.0."
"vehicle","Ruiner","","ruiner","Muscle","2-door liftback","Ruiner is a vehicle listed for GTA 6 on the GTA Fandom wiki, made in game by Imponte.","Ruiner appears on the GTA Fandom wiki as a Grand Theft Auto VI vehicle. The in-game manufacturer is given as Imponte. Grand Theft Auto uses invented car brands, so Imponte is not a real company. The wiki files it in the Muscle class, with a 2-door liftback body. It seats 2. A price of $10,000 is listed, but the wiki takes that figure from GTA Online and not from GTA 6. No GTA 6 price has been published. Grand Theft Auto VI has not released and Rockstar has published no list of its own, so this entry records what the wiki says and does not treat it as confirmed.","Manufacturer: Imponte;Class: Muscle;Body style: 2-door liftback;Seats: 2;Listed price: $10,000 (from GTA Online, not GTA 6);Source: GTA Fandom wiki, via outlawdb","","","","COMMUNITY_IDENTIFIED","TIER_3_COMMUNITY","https://gta.fandom.com/wiki/Ruiner","2026-09-13","LOW","NO","Imponte","gta 6 ruiner;ruiner gta 6;gta 6 imponte","Data from outlawdb (https://outlawdb.com/en/gta-6/vehicles), derived from GTA Wiki, CC BY-SA 3.0."
"vehicle","Rumpo Custom","","rumpo-custom","Vans","Passenger van","Rumpo Custom is a vehicle listed for GTA 6 on the GTA Fandom wiki, made in game by Bravado.","Rumpo Custom appears on the GTA Fandom wiki as a Grand Theft Auto VI vehicle. The in-game manufacturer is given as Bravado. Grand Theft Auto uses invented car brands, so Bravado is not a real company. The wiki files it in the Vans class, with a Passenger van body. The vehicle type is given as lighttruck. It seats 4. A price of $130,000 is listed. Rockstar has published no GTA 6 price. Grand Theft Auto VI has not released and Rockstar has published no list of its own, so this entry records what the wiki says and does not treat it as confirmed.","Manufacturer: Bravado;Class: Vans;Body style: Passenger van;Seats: 4;Listed price: $130,000;Source: GTA Fandom wiki, via outlawdb","","","","COMMUNITY_IDENTIFIED","TIER_3_COMMUNITY","https://gta.fandom.com/wiki/Rumpo_Custom","2026-09-13","LOW","NO","Bravado","gta 6 rumpo custom;rumpo custom gta 6;gta 6 bravado","Data from outlawdb (https://outlawdb.com/en/gta-6/vehicles), derived from GTA Wiki, CC BY-SA 3.0."
"vehicle","S23","","s23","","Bay boat","S23 is a vehicle listed for GTA 6 on the GTA Fandom wiki, made in game by Lure Predator.","S23 appears on the GTA Fandom wiki as a Grand Theft Auto VI vehicle. The in-game manufacturer is given as Lure Predator. Grand Theft Auto uses invented car brands, so Lure Predator is not a real company. The body style is given as Bay boat. The vehicle type is given as motorboat. Grand Theft Auto VI has not released and Rockstar has published no list of its own, so this entry records what the wiki says and does not treat it as confirmed.","Manufacturer: Lure Predator;Body style: Bay boat;Source: GTA Fandom wiki, via outlawdb","","","","COMMUNITY_IDENTIFIED","TIER_3_COMMUNITY","https://gta.fandom.com/wiki/S23","2026-09-13","LOW","NO","Lure Predator","gta 6 s23;s23 gta 6;gta 6 lure predator","Data from outlawdb (https://outlawdb.com/en/gta-6/vehicles), derived from GTA Wiki, CC BY-SA 3.0."
"vehicle","Sabre GT","","sabre-gt","Muscle","2-door coupe","Sabre GT is a vehicle listed for GTA 6 on the GTA Fandom wiki, made in game by Declasse.","Sabre GT appears on the GTA Fandom wiki as a Grand Theft Auto VI vehicle. The in-game manufacturer is given as Declasse. Grand Theft Auto uses invented car brands, so Declasse is not a real company. The wiki files it in the Muscle class, with a 2-door coupe body. It seats 2. A price of $700 is listed, but the wiki takes that figure from GTA Chinatown Wars and not from GTA 6. No GTA 6 price has been published. Grand Theft Auto VI has not released and Rockstar has published no list of its own, so this entry records what the wiki says and does not treat it as confirmed.","Manufacturer: Declasse;Class: Muscle;Body style: 2-door coupe;Seats: 2;Listed price: $700 (from GTA Chinatown Wars, not GTA 6);Source: GTA Fandom wiki, via outlawdb","","","","COMMUNITY_IDENTIFIED","TIER_3_COMMUNITY","https://gta.fandom.com/wiki/Sabre_GT_(HD_Universe)","2026-09-13","LOW","NO","Declasse","gta 6 sabre gt;sabre gt gta 6;gta 6 declasse","Data from outlawdb (https://outlawdb.com/en/gta-6/vehicles), derived from GTA Wiki, CC BY-SA 3.0."
"vehicle","Sadler","","sadler","Utility","2-door pickup truck, Crew cab pickup truck","Sadler is a vehicle listed for GTA 6 on the GTA Fandom wiki, made in game by Vapid.","Sadler appears on the GTA Fandom wiki as a Grand Theft Auto VI vehicle. The in-game manufacturer is given as Vapid. Grand Theft Auto uses invented car brands, so Vapid is not a real company. The wiki files it in the Utility class, with a 2-door pickup truck, Crew cab pickup truck body. The vehicle type is given as lighttruck. It seats 2. A price of $35,000 is listed, but the wiki takes that figure from GTA Online and not from GTA 6. No GTA 6 price has been published. Grand Theft Auto VI has not released and Rockstar has published no list of its own, so this entry records what the wiki says and does not treat it as confirmed.","Manufacturer: Vapid;Class: Utility;Body style: 2-door pickup truck, Crew cab pickup truck;Seats: 2;Listed price: $35,000 (from GTA Online, not GTA 6);Source: GTA Fandom wiki, via outlawdb","","","","COMMUNITY_IDENTIFIED","TIER_3_COMMUNITY","https://gta.fandom.com/wiki/Sadler","2026-09-13","LOW","NO","Vapid","gta 6 sadler;sadler gta 6;gta 6 vapid","Data from outlawdb (https://outlawdb.com/en/gta-6/vehicles), derived from GTA Wiki, CC BY-SA 3.0."
"vehicle","Sanchez","","sanchez","Motorcycles","dirtbike","Sanchez is a vehicle listed for GTA 6 on the GTA Fandom wiki, made in game by Maibatsu.","Sanchez appears on the GTA Fandom wiki as a Grand Theft Auto VI vehicle. The in-game manufacturer is given as Maibatsu. Grand Theft Auto uses invented car brands, so Maibatsu is not a real company. The wiki files it in the Motorcycles class. The vehicle type is given as dirtbike. It seats 2. A price of $8,000 is listed, but the wiki takes that figure from GTA Vice City and not from GTA 6. No GTA 6 price has been published. Grand Theft Auto VI has not released and Rockstar has published no list of its own, so this entry records what the wiki says and does not treat it as confirmed.","Manufacturer: Maibatsu;Class: Motorcycles;Seats: 2;Listed price: $8,000 (from GTA Vice City, not GTA 6);Source: GTA Fandom wiki, via outlawdb","","","","COMMUNITY_IDENTIFIED","TIER_3_COMMUNITY","https://gta.fandom.com/wiki/Sanchez","2026-09-13","LOW","NO","Maibatsu","gta 6 sanchez;sanchez gta 6;gta 6 maibatsu","Data from outlawdb (https://outlawdb.com/en/gta-6/vehicles), derived from GTA Wiki, CC BY-SA 3.0."
"vehicle","Sanchez (livery)","","sanchez-livery","Motorcycles","Dirtbike","Sanchez (livery) is a vehicle listed for GTA 6 on the GTA Fandom wiki, made in game by Maibatsu.","Sanchez (livery) appears on the GTA Fandom wiki as a Grand Theft Auto VI vehicle. The in-game manufacturer is given as Maibatsu. Grand Theft Auto uses invented car brands, so Maibatsu is not a real company. The wiki files it in the Motorcycles class, with a Dirtbike body. The vehicle type is given as dirtbike. It seats 2. A price of $7,000 is listed, but the wiki takes that figure from GTA V and not from GTA 6. No GTA 6 price has been published. Grand Theft Auto VI has not released and Rockstar has published no list of its own, so this entry records what the wiki says and does not treat it as confirmed.","Manufacturer: Maibatsu;Class: Motorcycles;Body style: Dirtbike;Seats: 2;Listed price: $7,000 (from GTA V, not GTA 6);Source: GTA Fandom wiki, via outlawdb","","","","COMMUNITY_IDENTIFIED","TIER_3_COMMUNITY","https://gta.fandom.com/wiki/Sanchez_(livery)","2026-09-13","LOW","NO","Maibatsu","gta 6 sanchez (livery);sanchez (livery) gta 6;gta 6 maibatsu","Data from outlawdb (https://outlawdb.com/en/gta-6/vehicles), derived from GTA Wiki, CC BY-SA 3.0."
"vehicle","Sandking XL","","sandking-xl","Off-Road","Crew cab pickup truck","Sandking XL is a vehicle listed for GTA 6 on the GTA Fandom wiki, made in game by Vapid.","Sandking XL appears on the GTA Fandom wiki as a Grand Theft Auto VI vehicle. The in-game manufacturer is given as Vapid. Grand Theft Auto uses invented car brands, so Vapid is not a real company. The wiki files it in the Off-Road class, with a Crew cab pickup truck body. The vehicle type is given as lighttruck. It seats 4. A price of $45,000 is listed. Rockstar has published no GTA 6 price. Grand Theft Auto VI has not released and Rockstar has published no list of its own, so this entry records what the wiki says and does not treat it as confirmed.","Manufacturer: Vapid;Class: Off-Road;Body style: Crew cab pickup truck;Seats: 4;Listed price: $45,000;Source: GTA Fandom wiki, via outlawdb","","","","COMMUNITY_IDENTIFIED","TIER_3_COMMUNITY","https://gta.fandom.com/wiki/Sandking_XL","2026-09-13","LOW","NO","Vapid","gta 6 sandking xl;sandking xl gta 6;gta 6 vapid","Data from outlawdb (https://outlawdb.com/en/gta-6/vehicles), derived from GTA Wiki, CC BY-SA 3.0."
"vehicle","Schafter LWB","","schafter-lwb","Sports","4-door saloon","Schafter LWB is a vehicle listed for GTA 6 on the GTA Fandom wiki, made in game by Benefactor.","Schafter LWB appears on the GTA Fandom wiki as a Grand Theft Auto VI vehicle. The in-game manufacturer is given as Benefactor. Grand Theft Auto uses invented car brands, so Benefactor is not a real company. The wiki files it in the Sports class, with a 4-door saloon body. The vehicle type is given as fullsize. It seats 4. A price of $208,000 is listed. Rockstar has published no GTA 6 price. Grand Theft Auto VI has not released and Rockstar has published no list of its own, so this entry records what the wiki says and does not treat it as confirmed.","Manufacturer: Benefactor;Class: Sports;Body style: 4-door saloon;Seats: 4;Listed price: $208,000;Source: GTA Fandom wiki, via outlawdb","","","","COMMUNITY_IDENTIFIED","TIER_3_COMMUNITY","https://gta.fandom.com/wiki/Schafter_LWB","2026-09-13","LOW","NO","Benefactor","gta 6 schafter lwb;schafter lwb gta 6;gta 6 benefactor","Data from outlawdb (https://outlawdb.com/en/gta-6/vehicles), derived from GTA Wiki, CC BY-SA 3.0."
"vehicle","Schafter V12","","schafter-v12","Sports","4-door saloon","Schafter V12 is a vehicle listed for GTA 6 on the GTA Fandom wiki, made in game by Benefactor.","Schafter V12 appears on the GTA Fandom wiki as a Grand Theft Auto VI vehicle. The in-game manufacturer is given as Benefactor. Grand Theft Auto uses invented car brands, so Benefactor is not a real company. The wiki files it in the Sports class, with a 4-door saloon body. It seats 4. A price of $116,000 is listed. Rockstar has published no GTA 6 price. Grand Theft Auto VI has not released and Rockstar has published no list of its own, so this entry records what the wiki says and does not treat it as confirmed.","Manufacturer: Benefactor;Class: Sports;Body style: 4-door saloon;Seats: 4;Listed price: $116,000;Source: GTA Fandom wiki, via outlawdb","","","","COMMUNITY_IDENTIFIED","TIER_3_COMMUNITY","https://gta.fandom.com/wiki/Schafter_V12","2026-09-13","LOW","NO","Benefactor","gta 6 schafter v12;schafter v12 gta 6;gta 6 benefactor","Data from outlawdb (https://outlawdb.com/en/gta-6/vehicles), derived from GTA Wiki, CC BY-SA 3.0."
"vehicle","Scorcher","","scorcher","Cycles","Hardtail mountain bike","Scorcher is a vehicle listed for GTA 6 on the GTA Fandom wiki, made in game by PED Cycles.","Scorcher appears on the GTA Fandom wiki as a Grand Theft Auto VI vehicle. The in-game manufacturer is given as PED Cycles. Grand Theft Auto uses invented car brands, so PED Cycles is not a real company. The wiki files it in the Cycles class, with a Hardtail mountain bike body. The vehicle type is given as bicycle. It seats 1. A price of $1,000 is listed, but the wiki takes that figure from GTA V and not from GTA 6. No GTA 6 price has been published. Grand Theft Auto VI has not released and Rockstar has published no list of its own, so this entry records what the wiki says and does not treat it as confirmed.","Manufacturer: PED Cycles;Class: Cycles;Body style: Hardtail mountain bike;Seats: 1;Listed price: $1,000 (from GTA V, not GTA 6);Source: GTA Fandom wiki, via outlawdb","","","","COMMUNITY_IDENTIFIED","TIER_3_COMMUNITY","https://gta.fandom.com/wiki/Scorcher","2026-09-13","LOW","NO","PED Cycles","gta 6 scorcher;scorcher gta 6;gta 6 ped cycles","Data from outlawdb (https://outlawdb.com/en/gta-6/vehicles), derived from GTA Wiki, CC BY-SA 3.0."
"vehicle","Sea Sparrow","","sea-sparrow","Helicopters","Three-bladed utility helicopter","Sea Sparrow is a vehicle listed for GTA 6 on the GTA Fandom wiki.","Sea Sparrow appears on the GTA Fandom wiki as a Grand Theft Auto VI vehicle. The wiki files it in the Helicopters class, with a Three-bladed utility helicopter body. The vehicle type is given as singleheli. It seats 2. A price of $1,815,000 is listed, but the wiki takes that figure from GTA Online and not from GTA 6. No GTA 6 price has been published. Grand Theft Auto VI has not released and Rockstar has published no list of its own, so this entry records what the wiki says and does not treat it as confirmed.","Class: Helicopters;Body style: Three-bladed utility helicopter;Seats: 2;Listed price: $1,815,000 (from GTA Online, not GTA 6);Source: GTA Fandom wiki, via outlawdb","","","","COMMUNITY_IDENTIFIED","TIER_3_COMMUNITY","https://gta.fandom.com/wiki/Sea_Sparrow_(HD_Universe)","2026-09-13","LOW","NO","","gta 6 sea sparrow;sea sparrow gta 6","Data from outlawdb (https://outlawdb.com/en/gta-6/vehicles), derived from GTA Wiki, CC BY-SA 3.0."
"vehicle","Seashark","","seashark","Boats","Jet ski","Seashark is a vehicle listed for GTA 6 on the GTA Fandom wiki, made in game by Speedophile.","Seashark appears on the GTA Fandom wiki as a Grand Theft Auto VI vehicle. The in-game manufacturer is given as Speedophile. Grand Theft Auto uses invented car brands, so Speedophile is not a real company. The wiki files it in the Boats class, with a Jet ski body. The vehicle type is given as motorboat. It seats 2. A price of $16,899 is listed, but the wiki takes that figure from GTA Online and not from GTA 6. No GTA 6 price has been published. Grand Theft Auto VI has not released and Rockstar has published no list of its own, so this entry records what the wiki says and does not treat it as confirmed.","Manufacturer: Speedophile;Class: Boats;Body style: Jet ski;Seats: 2;Listed price: $16,899 (from GTA Online, not GTA 6);Source: GTA Fandom wiki, via outlawdb","","","","COMMUNITY_IDENTIFIED","TIER_3_COMMUNITY","https://gta.fandom.com/wiki/Seashark","2026-09-13","LOW","NO","Speedophile","gta 6 seashark;seashark gta 6;gta 6 speedophile","Data from outlawdb (https://outlawdb.com/en/gta-6/vehicles), derived from GTA Wiki, CC BY-SA 3.0."
"vehicle","Seashark (second generation)","","seashark-second-generation","","Jet ski","Seashark (second generation) is a vehicle listed for GTA 6 on the GTA Fandom wiki, made in game by Speedophile.","Seashark (second generation) appears on the GTA Fandom wiki as a Grand Theft Auto VI vehicle. The in-game manufacturer is given as Speedophile. Grand Theft Auto uses invented car brands, so Speedophile is not a real company. The body style is given as Jet ski. The vehicle type is given as motorboat. Grand Theft Auto VI has not released and Rockstar has published no list of its own, so this entry records what the wiki says and does not treat it as confirmed.","Manufacturer: Speedophile;Body style: Jet ski;Source: GTA Fandom wiki, via outlawdb","","","","COMMUNITY_IDENTIFIED","TIER_3_COMMUNITY","https://gta.fandom.com/wiki/Seashark_(second_generation)","2026-09-13","LOW","NO","Speedophile","gta 6 seashark (second generation);seashark (second generation) gta 6;gta 6 speedophile","Data from outlawdb (https://outlawdb.com/en/gta-6/vehicles), derived from GTA Wiki, CC BY-SA 3.0."
"vehicle","Shamal","","shamal","Planes","Business jet, Regional jet","Shamal is a vehicle listed for GTA 6 on the GTA Fandom wiki, made in game by Buckingham.","Shamal appears on the GTA Fandom wiki as a Grand Theft Auto VI vehicle. The in-game manufacturer is given as Buckingham. Grand Theft Auto uses invented car brands, so Buckingham is not a real company. The wiki files it in the Planes class, with a Business jet, Regional jet body. The vehicle type is given as monoplane. It seats 1. A price of $1,150,000 is listed. Rockstar has published no GTA 6 price. Grand Theft Auto VI has not released and Rockstar has published no list of its own, so this entry records what the wiki says and does not treat it as confirmed.","Manufacturer: Buckingham;Class: Planes;Body style: Business jet, Regional jet;Seats: 1;Listed price: $1,150,000;Source: GTA Fandom wiki, via outlawdb","","","","COMMUNITY_IDENTIFIED","TIER_3_COMMUNITY","https://gta.fandom.com/wiki/Shamal","2026-09-13","LOW","NO","Buckingham","gta 6 shamal;shamal gta 6;gta 6 buckingham","Data from outlawdb (https://outlawdb.com/en/gta-6/vehicles), derived from GTA Wiki, CC BY-SA 3.0."
"vehicle","Sheriff SUV","","sheriff-suv","Emergency","4-door SUV","Sheriff SUV is a vehicle listed for GTA 6 on the GTA Fandom wiki, made in game by Declasse.","Sheriff SUV appears on the GTA Fandom wiki as a Grand Theft Auto VI vehicle. The in-game manufacturer is given as Declasse. Grand Theft Auto uses invented car brands, so Declasse is not a real company. The wiki files it in the Emergency class, with a 4-door SUV body. The vehicle type is given as lighttruck. It seats 8. Grand Theft Auto VI has not released and Rockstar has published no list of its own, so this entry records what the wiki says and does not treat it as confirmed.","Manufacturer: Declasse;Class: Emergency;Body style: 4-door SUV;Seats: 8;Source: GTA Fandom wiki, via outlawdb","","","","COMMUNITY_IDENTIFIED","TIER_3_COMMUNITY","https://gta.fandom.com/wiki/Sheriff_SUV","2026-09-13","LOW","NO","Declasse","gta 6 sheriff suv;sheriff suv gta 6;gta 6 declasse","Data from outlawdb (https://outlawdb.com/en/gta-6/vehicles), derived from GTA Wiki, CC BY-SA 3.0."
"vehicle","Slamvan","","slamvan","Muscle","2-door pickup truck","Slamvan is a vehicle listed for GTA 6 on the GTA Fandom wiki, made in game by Vapid.","Slamvan appears on the GTA Fandom wiki as a Grand Theft Auto VI vehicle. The in-game manufacturer is given as Vapid. Grand Theft Auto uses invented car brands, so Vapid is not a real company. The wiki files it in the Muscle class, with a 2-door pickup truck body. The vehicle type is given as lighttruck. It seats 2. A price of $49,500 is listed, but the wiki takes that figure from GTA V and not from GTA 6. No GTA 6 price has been published. Grand Theft Auto VI has not released and Rockstar has published no list of its own, so this entry records what the wiki says and does not treat it as confirmed.","Manufacturer: Vapid;Class: Muscle;Body style: 2-door pickup truck;Seats: 2;Listed price: $49,500 (from GTA V, not GTA 6);Source: GTA Fandom wiki, via outlawdb","","","","COMMUNITY_IDENTIFIED","TIER_3_COMMUNITY","https://gta.fandom.com/wiki/Slamvan_(HD_Universe)","2026-09-13","LOW","NO","Vapid","gta 6 slamvan;slamvan gta 6;gta 6 vapid","Data from outlawdb (https://outlawdb.com/en/gta-6/vehicles), derived from GTA Wiki, CC BY-SA 3.0."
"vehicle","Speedo","","speedo","Vans","Four-door cargo van","Speedo is a vehicle listed for GTA 6 on the GTA Fandom wiki, made in game by Vapid.","Speedo appears on the GTA Fandom wiki as a Grand Theft Auto VI vehicle. The in-game manufacturer is given as Vapid. Grand Theft Auto uses invented car brands, so Vapid is not a real company. The wiki files it in the Vans class, with a Four-door cargo van body. The vehicle type is given as lighttruck. It seats 4. A price of $15,000 is listed, but the wiki takes that figure from GTA Online and not from GTA 6. No GTA 6 price has been published. Grand Theft Auto VI has not released and Rockstar has published no list of its own, so this entry records what the wiki says and does not treat it as confirmed.","Manufacturer: Vapid;Class: Vans;Body style: Four-door cargo van;Seats: 4;Listed price: $15,000 (from GTA Online, not GTA 6);Source: GTA Fandom wiki, via outlawdb","","","","COMMUNITY_IDENTIFIED","TIER_3_COMMUNITY","https://gta.fandom.com/wiki/Speedo","2026-09-13","LOW","NO","Vapid","gta 6 speedo;speedo gta 6;gta 6 vapid","Data from outlawdb (https://outlawdb.com/en/gta-6/vehicles), derived from GTA Wiki, CC BY-SA 3.0."
"vehicle","Squalo","","squalo","Boats","motorboat","Squalo is a vehicle listed for GTA 6 on the GTA Fandom wiki, made in game by Shitzu.","Squalo appears on the GTA Fandom wiki as a Grand Theft Auto VI vehicle. The in-game manufacturer is given as Shitzu. Grand Theft Auto uses invented car brands, so Shitzu is not a real company. The wiki files it in the Boats class. The vehicle type is given as motorboat. It seats 2. A price of $196,621 is listed, but the wiki takes that figure from GTA V and not from GTA 6. No GTA 6 price has been published. Grand Theft Auto VI has not released and Rockstar has published no list of its own, so this entry records what the wiki says and does not treat it as confirmed.","Manufacturer: Shitzu;Class: Boats;Seats: 2;Listed price: $196,621 (from GTA V, not GTA 6);Source: GTA Fandom wiki, via outlawdb","","","","COMMUNITY_IDENTIFIED","TIER_3_COMMUNITY","https://gta.fandom.com/wiki/Squalo_(HD_Universe)","2026-09-13","LOW","NO","Shitzu","gta 6 squalo;squalo gta 6;gta 6 shitzu","Data from outlawdb (https://outlawdb.com/en/gta-6/vehicles), derived from GTA Wiki, CC BY-SA 3.0."
"vehicle","Stanier","","stanier","Sedans","4-door sedan","Stanier is a vehicle listed for GTA 6 on the GTA Fandom wiki, made in game by Vapid.","Stanier appears on the GTA Fandom wiki as a Grand Theft Auto VI vehicle. The in-game manufacturer is given as Vapid. Grand Theft Auto uses invented car brands, so Vapid is not a real company. The wiki files it in the Sedans class, with a 4-door sedan body. The vehicle type is given as fullsize. It seats 4. A price of $10,000 is listed, but the wiki takes that figure from GTA Online and not from GTA 6. No GTA 6 price has been published. Grand Theft Auto VI has not released and Rockstar has published no list of its own, so this entry records what the wiki says and does not treat it as confirmed.","Manufacturer: Vapid;Class: Sedans;Body style: 4-door sedan;Seats: 4;Listed price: $10,000 (from GTA Online, not GTA 6);Source: GTA Fandom wiki, via outlawdb","","","","COMMUNITY_IDENTIFIED","TIER_3_COMMUNITY","https://gta.fandom.com/wiki/Stanier","2026-09-13","LOW","NO","Vapid","gta 6 stanier;stanier gta 6;gta 6 vapid","Data from outlawdb (https://outlawdb.com/en/gta-6/vehicles), derived from GTA Wiki, CC BY-SA 3.0."
"vehicle","Static Planes","","static-planes","","Narrow-body jet airliner","Static Planes is a vehicle listed for GTA 6 on the GTA Fandom wiki.","Static Planes appear on the GTA Fandom wiki as a Grand Theft Auto VI vehicle. The body style is given as Narrow-body jet airliner. The vehicle type is given as monoplane. Grand Theft Auto VI has not released and Rockstar has published no list of its own, so this entry records what the wiki says and does not treat it as confirmed.","Body style: Narrow-body jet airliner;Source: GTA Fandom wiki, via outlawdb","","","","COMMUNITY_IDENTIFIED","TIER_3_COMMUNITY","https://gta.fandom.com/wiki/Static_Planes","2026-09-13","LOW","NO","","gta 6 static planes;static planes gta 6","Data from outlawdb (https://outlawdb.com/en/gta-6/vehicles), derived from GTA Wiki, CC BY-SA 3.0."
"vehicle","Stratum","","stratum","Sedans","4-door station wagon","Stratum is a vehicle listed for GTA 6 on the GTA Fandom wiki, made in game by Zirconium.","Stratum appears on the GTA Fandom wiki as a Grand Theft Auto VI vehicle. The in-game manufacturer is given as Zirconium. Grand Theft Auto uses invented car brands, so Zirconium is not a real company. The wiki files it in the Sedans class, with a 4-door station wagon body. The vehicle type is given as midsize. It seats 4. A price of $10,000 is listed, but the wiki takes that figure from GTA Online and not from GTA 6. No GTA 6 price has been published. Grand Theft Auto VI has not released and Rockstar has published no list of its own, so this entry records what the wiki says and does not treat it as confirmed.","Manufacturer: Zirconium;Class: Sedans;Body style: 4-door station wagon;Seats: 4;Listed price: $10,000 (from GTA Online, not GTA 6);Source: GTA Fandom wiki, via outlawdb","","","","COMMUNITY_IDENTIFIED","TIER_3_COMMUNITY","https://gta.fandom.com/wiki/Stratum_(HD_Universe)","2026-09-13","LOW","NO","Zirconium","gta 6 stratum;stratum gta 6;gta 6 zirconium","Data from outlawdb (https://outlawdb.com/en/gta-6/vehicles), derived from GTA Wiki, CC BY-SA 3.0."
"vehicle","Street Blazer","","street-blazer","Off-Road","Quad bike","Street Blazer is a vehicle listed for GTA 6 on the GTA Fandom wiki, made in game by Nagasaki.","Street Blazer appears on the GTA Fandom wiki as a Grand Theft Auto VI vehicle. The in-game manufacturer is given as Nagasaki. Grand Theft Auto uses invented car brands, so Nagasaki is not a real company. The wiki files it in the Off-Road class, with a Quad bike body. The vehicle type is given as atv. It seats 1. A price of $81,000 is listed. Rockstar has published no GTA 6 price. Grand Theft Auto VI has not released and Rockstar has published no list of its own, so this entry records what the wiki says and does not treat it as confirmed.","Manufacturer: Nagasaki;Class: Off-Road;Body style: Quad bike;Seats: 1;Listed price: $81,000;Source: GTA Fandom wiki, via outlawdb","","","","COMMUNITY_IDENTIFIED","TIER_3_COMMUNITY","https://gta.fandom.com/wiki/Street_Blazer","2026-09-13","LOW","NO","Nagasaki","gta 6 street blazer;street blazer gta 6;gta 6 nagasaki","Data from outlawdb (https://outlawdb.com/en/gta-6/vehicles), derived from GTA Wiki, CC BY-SA 3.0."
"vehicle","Sugoi","","sugoi","Sports","5-door hatchback","Sugoi is a vehicle listed for GTA 6 on the GTA Fandom wiki, made in game by Dinka.","Sugoi appears on the GTA Fandom wiki as a Grand Theft Auto VI vehicle. The in-game manufacturer is given as Dinka. Grand Theft Auto uses invented car brands, so Dinka is not a real company. The wiki files it in the Sports class, with a 5-door hatchback body. The vehicle type is given as sportcompact. It seats 4. A price of $1,224,000 is listed. Rockstar has published no GTA 6 price. Grand Theft Auto VI has not released and Rockstar has published no list of its own, so this entry records what the wiki says and does not treat it as confirmed.","Manufacturer: Dinka;Class: Sports;Body style: 5-door hatchback;Seats: 4;Listed price: $1,224,000;Source: GTA Fandom wiki, via outlawdb","","","","COMMUNITY_IDENTIFIED","TIER_3_COMMUNITY","https://gta.fandom.com/wiki/Sugoi","2026-09-13","LOW","NO","Dinka","gta 6 sugoi;sugoi gta 6;gta 6 dinka","Data from outlawdb (https://outlawdb.com/en/gta-6/vehicles), derived from GTA Wiki, CC BY-SA 3.0."
"vehicle","Sultan","","sultan","Sports","4-door sedan","Sultan is a vehicle listed for GTA 6 on the GTA Fandom wiki, made in game by Karin.","Sultan appears on the GTA Fandom wiki as a Grand Theft Auto VI vehicle. The in-game manufacturer is given as Karin. Grand Theft Auto uses invented car brands, so Karin is not a real company. The wiki files it in the Sports class, with a 4-door sedan body. The vehicle type is given as midsize. It seats 4. A price of $12,000 is listed, but the wiki takes that figure from GTA Online and not from GTA 6. No GTA 6 price has been published. Grand Theft Auto VI has not released and Rockstar has published no list of its own, so this entry records what the wiki says and does not treat it as confirmed.","Manufacturer: Karin;Class: Sports;Body style: 4-door sedan;Seats: 4;Listed price: $12,000 (from GTA Online, not GTA 6);Source: GTA Fandom wiki, via outlawdb","","","","COMMUNITY_IDENTIFIED","TIER_3_COMMUNITY","https://gta.fandom.com/wiki/Sultan_(HD_Universe)","2026-09-13","LOW","NO","Karin","gta 6 sultan;sultan gta 6;gta 6 karin","Data from outlawdb (https://outlawdb.com/en/gta-6/vehicles), derived from GTA Wiki, CC BY-SA 3.0."
"vehicle","SuperVolito","","supervolito","Helicopters","Utility helicopter","SuperVolito is a vehicle listed for GTA 6 on the GTA Fandom wiki, made in game by Buckingham.","SuperVolito appears on the GTA Fandom wiki as a Grand Theft Auto VI vehicle. The in-game manufacturer is given as Buckingham. Grand Theft Auto uses invented car brands, so Buckingham is not a real company. The wiki files it in the Helicopters class, with a Utility helicopter body. The vehicle type is given as singleheli. It seats 4. A price of $2,113,000 is listed. Rockstar has published no GTA 6 price. Grand Theft Auto VI has not released and Rockstar has published no list of its own, so this entry records what the wiki says and does not treat it as confirmed.","Manufacturer: Buckingham;Class: Helicopters;Body style: Utility helicopter;Seats: 4;Listed price: $2,113,000;Source: GTA Fandom wiki, via outlawdb","","","","COMMUNITY_IDENTIFIED","TIER_3_COMMUNITY","https://gta.fandom.com/wiki/SuperVolito","2026-09-13","LOW","NO","Buckingham","gta 6 supervolito;supervolito gta 6;gta 6 buckingham","Data from outlawdb (https://outlawdb.com/en/gta-6/vehicles), derived from GTA Wiki, CC BY-SA 3.0."
"vehicle","Swift","","swift","Helicopters","Four-bladed helicopters","Swift is a vehicle listed for GTA 6 on the GTA Fandom wiki, made in game by Maibatsu, Buckingham.","Swift appears on the GTA Fandom wiki as a Grand Theft Auto VI vehicle. The in-game manufacturer is given as Maibatsu, Buckingham. Grand Theft Auto uses invented car brands, so Maibatsu, Buckingham is not a real company. The wiki files it in the Helicopters class, with a Four-bladed helicopters body. The vehicle type is given as singleheli. It seats 2. A price of $1,500,000 is listed, but the wiki takes that figure from GTA V and not from GTA 6. No GTA 6 price has been published. Grand Theft Auto VI has not released and Rockstar has published no list of its own, so this entry records what the wiki says and does not treat it as confirmed.","Manufacturer: Maibatsu, Buckingham;Class: Helicopters;Body style: Four-bladed helicopters;Seats: 2;Listed price: $1,500,000 (from GTA V, not GTA 6);Source: GTA Fandom wiki, via outlawdb","","","","COMMUNITY_IDENTIFIED","TIER_3_COMMUNITY","https://gta.fandom.com/wiki/Swift","2026-09-13","LOW","NO","Maibatsu, Buckingham","gta 6 swift;swift gta 6;gta 6 maibatsu, buckingham","Data from outlawdb (https://outlawdb.com/en/gta-6/vehicles), derived from GTA Wiki, CC BY-SA 3.0."
"vehicle","Tailgater","","tailgater","Sedans","4-door saloon","Tailgater is a vehicle listed for GTA 6 on the GTA Fandom wiki, made in game by Obey.","Tailgater appears on the GTA Fandom wiki as a Grand Theft Auto VI vehicle. The in-game manufacturer is given as Obey. Grand Theft Auto uses invented car brands, so Obey is not a real company. The wiki files it in the Sedans class, with a 4-door saloon body. The vehicle type is given as midsize. It seats 4. A price of $55,000 is listed, but the wiki takes that figure from GTA Online and not from GTA 6. No GTA 6 price has been published. Grand Theft Auto VI has not released and Rockstar has published no list of its own, so this entry records what the wiki says and does not treat it as confirmed.","Manufacturer: Obey;Class: Sedans;Body style: 4-door saloon;Seats: 4;Listed price: $55,000 (from GTA Online, not GTA 6);Source: GTA Fandom wiki, via outlawdb","","","","COMMUNITY_IDENTIFIED","TIER_3_COMMUNITY","https://gta.fandom.com/wiki/Tailgater","2026-09-13","LOW","NO","Obey","gta 6 tailgater;tailgater gta 6;gta 6 obey","Data from outlawdb (https://outlawdb.com/en/gta-6/vehicles), derived from GTA Wiki, CC BY-SA 3.0."
"vehicle","Tempesta","","tempesta","Super","2-door coupé","Tempesta is a vehicle listed for GTA 6 on the GTA Fandom wiki, made in game by Pegassi.","Tempesta appears on the GTA Fandom wiki as a Grand Theft Auto VI vehicle. The in-game manufacturer is given as Pegassi. Grand Theft Auto uses invented car brands, so Pegassi is not a real company. The wiki files it in the Super class, with a 2-door coupé body. The vehicle type is given as supercar. It seats 2. A price of $1,329,000 is listed. Rockstar has published no GTA 6 price. Grand Theft Auto VI has not released and Rockstar has published no list of its own, so this entry records what the wiki says and does not treat it as confirmed.","Manufacturer: Pegassi;Class: Super;Body style: 2-door coupé;Seats: 2;Listed price: $1,329,000;Source: GTA Fandom wiki, via outlawdb","","","","COMMUNITY_IDENTIFIED","TIER_3_COMMUNITY","https://gta.fandom.com/wiki/Tempesta","2026-09-13","LOW","NO","Pegassi","gta 6 tempesta;tempesta gta 6;gta 6 pegassi","Data from outlawdb (https://outlawdb.com/en/gta-6/vehicles), derived from GTA Wiki, CC BY-SA 3.0."
"vehicle","Toros","","toros","SUVs","4-door SUV","Toros is a vehicle listed for GTA 6 on the GTA Fandom wiki, made in game by Pegassi.","Toros appear on the GTA Fandom wiki as a Grand Theft Auto VI vehicle. The in-game manufacturer is given as Pegassi. Grand Theft Auto uses invented car brands, so Pegassi is not a real company. The wiki files it in the SUVs class, with a 4-door SUV body. The vehicle type is given as lighttruck. It seats 4. A price of $498,000 is listed, but the wiki takes that figure from GTA Online and not from GTA 6. No GTA 6 price has been published. Grand Theft Auto VI has not released and Rockstar has published no list of its own, so this entry records what the wiki says and does not treat it as confirmed.","Manufacturer: Pegassi;Class: SUVs;Body style: 4-door SUV;Seats: 4;Listed price: $498,000 (from GTA Online, not GTA 6);Source: GTA Fandom wiki, via outlawdb","","","","COMMUNITY_IDENTIFIED","TIER_3_COMMUNITY","https://gta.fandom.com/wiki/Toros","2026-09-13","LOW","NO","Pegassi","gta 6 toros;toros gta 6;gta 6 pegassi","Data from outlawdb (https://outlawdb.com/en/gta-6/vehicles), derived from GTA Wiki, CC BY-SA 3.0."
"vehicle","Towtruck (Yankee-based)","","towtruck-yankee-based","Utility","Tow truck","Towtruck (Yankee-based) is a vehicle listed for GTA 6 on the GTA Fandom wiki, made in game by Vapid.","Towtruck (Yankee-based) appears on the GTA Fandom wiki as a Grand Theft Auto VI vehicle. The in-game manufacturer is given as Vapid. Grand Theft Auto uses invented car brands, so Vapid is not a real company. The wiki files it in the Utility class, with a Tow truck body. The vehicle type is given as mediumtruck. It seats 2. Grand Theft Auto VI has not released and Rockstar has published no list of its own, so this entry records what the wiki says and does not treat it as confirmed.","Manufacturer: Vapid;Class: Utility;Body style: Tow truck;Seats: 2;Source: GTA Fandom wiki, via outlawdb","","","","COMMUNITY_IDENTIFIED","TIER_3_COMMUNITY","https://gta.fandom.com/wiki/Towtruck_(Yankee-based)","2026-09-13","LOW","NO","Vapid","gta 6 towtruck (yankee-based);towtruck (yankee-based) gta 6;gta 6 vapid","Data from outlawdb (https://outlawdb.com/en/gta-6/vehicles), derived from GTA Wiki, CC BY-SA 3.0."
"vehicle","Trailer (container)","","trailer-container","Utility","Container trailer, Curtain-side trailer","Trailer (container) is a vehicle listed for GTA 6 on the GTA Fandom wiki.","Trailer (container) appears on the GTA Fandom wiki as a Grand Theft Auto VI vehicle. The wiki files it in the Utility class, with a Container trailer, Curtain-side trailer body. The vehicle type is given as tractortrailer. Grand Theft Auto VI has not released and Rockstar has published no list of its own, so this entry records what the wiki says and does not treat it as confirmed.","Class: Utility;Body style: Container trailer, Curtain-side trailer;Source: GTA Fandom wiki, via outlawdb","","","","COMMUNITY_IDENTIFIED","TIER_3_COMMUNITY","https://gta.fandom.com/wiki/Trailer_(container)","2026-09-13","LOW","NO","","gta 6 trailer (container);trailer (container) gta 6","Data from outlawdb (https://outlawdb.com/en/gta-6/vehicles), derived from GTA Wiki, CC BY-SA 3.0."
"vehicle","Trailer (flatbed)","","trailer-flatbed","Utility","Flatbed trailer","Trailer (flatbed) is a vehicle listed for GTA 6 on the GTA Fandom wiki.","Trailer (flatbed) appears on the GTA Fandom wiki as a Grand Theft Auto VI vehicle. The wiki files it in the Utility class, with a Flatbed trailer body. The vehicle type is given as tractortrailer. Grand Theft Auto VI has not released and Rockstar has published no list of its own, so this entry records what the wiki says and does not treat it as confirmed.","Class: Utility;Body style: Flatbed trailer;Source: GTA Fandom wiki, via outlawdb","","","","COMMUNITY_IDENTIFIED","TIER_3_COMMUNITY","https://gta.fandom.com/wiki/Trailer_(flatbed)","2026-09-13","LOW","NO","","gta 6 trailer (flatbed);trailer (flatbed) gta 6","Data from outlawdb (https://outlawdb.com/en/gta-6/vehicles), derived from GTA Wiki, CC BY-SA 3.0."
"vehicle","Trailer (tanker)","","trailer-tanker","","Tanker trailer","Trailer (tanker) is a vehicle listed for GTA 6 on the GTA Fandom wiki.","Trailer (tanker) appears on the GTA Fandom wiki as a Grand Theft Auto VI vehicle. The body style is given as Tanker trailer. The vehicle type is given as tractortrailer. Grand Theft Auto VI has not released and Rockstar has published no list of its own, so this entry records what the wiki says and does not treat it as confirmed.","Body style: Tanker trailer;Source: GTA Fandom wiki, via outlawdb","","","","COMMUNITY_IDENTIFIED","TIER_3_COMMUNITY","https://gta.fandom.com/wiki/Trailer_(tanker)","2026-09-13","LOW","NO","","gta 6 trailer (tanker);trailer (tanker) gta 6","Data from outlawdb (https://outlawdb.com/en/gta-6/vehicles), derived from GTA Wiki, CC BY-SA 3.0."
"vehicle","Transgressor","","transgressor","","","Transgressor is a vehicle listed for GTA 6 on the GTA Fandom wiki.","Transgressor appears on the GTA Fandom wiki as a Grand Theft Auto VI vehicle. Grand Theft Auto VI has not released and Rockstar has published no list of its own, so this entry records what the wiki says and does not treat it as confirmed.","Source: GTA Fandom wiki, via outlawdb","","","","COMMUNITY_IDENTIFIED","TIER_3_COMMUNITY","https://gta.fandom.com/wiki/Transgressor","2026-09-13","LOW","NO","","gta 6 transgressor;transgressor gta 6","Data from outlawdb (https://outlawdb.com/en/gta-6/vehicles), derived from GTA Wiki, CC BY-SA 3.0."
"vehicle","Tulip","","tulip","Muscle","4-door sedan","Tulip is a vehicle listed for GTA 6 on the GTA Fandom wiki, made in game by Declasse.","Tulip appears on the GTA Fandom wiki as a Grand Theft Auto VI vehicle. The in-game manufacturer is given as Declasse. Grand Theft Auto uses invented car brands, so Declasse is not a real company. The wiki files it in the Muscle class, with a 4-door sedan body. It seats 4. A price of $718,000 is listed, but the wiki takes that figure from GTA Online and not from GTA 6. No GTA 6 price has been published. Grand Theft Auto VI has not released and Rockstar has published no list of its own, so this entry records what the wiki says and does not treat it as confirmed.","Manufacturer: Declasse;Class: Muscle;Body style: 4-door sedan;Seats: 4;Listed price: $718,000 (from GTA Online, not GTA 6);Source: GTA Fandom wiki, via outlawdb","","","","COMMUNITY_IDENTIFIED","TIER_3_COMMUNITY","https://gta.fandom.com/wiki/Tulip","2026-09-13","LOW","NO","Declasse","gta 6 tulip;tulip gta 6;gta 6 declasse","Data from outlawdb (https://outlawdb.com/en/gta-6/vehicles), derived from GTA Wiki, CC BY-SA 3.0."
"vehicle","Tulip M-100","","tulip-m-100","Muscle","2-door coupe","Tulip M-100 is a vehicle listed for GTA 6 on the GTA Fandom wiki, made in game by Declasse.","Tulip M-100 appears on the GTA Fandom wiki as a Grand Theft Auto VI vehicle. The in-game manufacturer is given as Declasse. Grand Theft Auto uses invented car brands, so Declasse is not a real company. The wiki files it in the Muscle class, with a 2-door coupe body. The vehicle type is given as midsize. It seats 2. A price of $1,658,000 is listed. Rockstar has published no GTA 6 price. Grand Theft Auto VI has not released and Rockstar has published no list of its own, so this entry records what the wiki says and does not treat it as confirmed.","Manufacturer: Declasse;Class: Muscle;Body style: 2-door coupe;Seats: 2;Listed price: $1,658,000;Source: GTA Fandom wiki, via outlawdb","","","","COMMUNITY_IDENTIFIED","TIER_3_COMMUNITY","https://gta.fandom.com/wiki/Tulip_M-100","2026-09-13","LOW","NO","Declasse","gta 6 tulip m-100;tulip m-100 gta 6;gta 6 declasse","Data from outlawdb (https://outlawdb.com/en/gta-6/vehicles), derived from GTA Wiki, CC BY-SA 3.0."
"vehicle","1955 Ford-inspired car","","unnamed-1955-ford-inspired-car","","2-door sedan","1955 Ford-inspired car is a vehicle listed for GTA 6 on the GTA Fandom wiki, made in game by Vapid.","1955 Ford-inspired car appears on the GTA Fandom wiki as a Grand Theft Auto VI vehicle. The in-game manufacturer is given as Vapid. Grand Theft Auto uses invented car brands, so Vapid is not a real company. The body style is given as 2-door sedan. The vehicle type is given as fullsize. Grand Theft Auto VI has not released and Rockstar has published no list of its own, so this entry records what the wiki says and does not treat it as confirmed.","Manufacturer: Vapid;Body style: 2-door sedan;Source: GTA Fandom wiki, via outlawdb","","","","COMMUNITY_IDENTIFIED","TIER_3_COMMUNITY","https://gta.fandom.com/wiki/Unnamed_GTA_VI_1955_Ford-inspired_car","2026-09-13","LOW","NO","Vapid","gta 6 1955 ford-inspired car;1955 ford-inspired car gta 6;gta 6 vapid","Data from outlawdb (https://outlawdb.com/en/gta-6/vehicles), derived from GTA Wiki, CC BY-SA 3.0."
"vehicle","1959 Cadillac-inspired car","","unnamed-1959-cadillac-inspired-car","","2-door coupé","1959 Cadillac-inspired car is a vehicle listed for GTA 6 on the GTA Fandom wiki.","1959 Cadillac-inspired car appears on the GTA Fandom wiki as a Grand Theft Auto VI vehicle. The body style is given as 2-door coupé. The vehicle type is given as personal. Grand Theft Auto VI has not released and Rockstar has published no list of its own, so this entry records what the wiki says and does not treat it as confirmed.","Body style: 2-door coupé;Source: GTA Fandom wiki, via outlawdb","","","","COMMUNITY_IDENTIFIED","TIER_3_COMMUNITY","https://gta.fandom.com/wiki/Unnamed_GTA_VI_1959_Cadillac-inspired_car","2026-09-13","LOW","NO","","gta 6 1959 cadillac-inspired car;1959 cadillac-inspired car gta 6","Data from outlawdb (https://outlawdb.com/en/gta-6/vehicles), derived from GTA Wiki, CC BY-SA 3.0."
"vehicle","6x6 conversion van","","unnamed-6x6-conversion-van","","Recreational vehicle","6x6 conversion van is a vehicle listed for GTA 6 on the GTA Fandom wiki.","6x6 conversion van appears on the GTA Fandom wiki as a Grand Theft Auto VI vehicle. The body style is given as Recreational vehicle. The vehicle type is given as mediumtruck. Grand Theft Auto VI has not released and Rockstar has published no list of its own, so this entry records what the wiki says and does not treat it as confirmed.","Body style: Recreational vehicle;Source: GTA Fandom wiki, via outlawdb","","","","COMMUNITY_IDENTIFIED","TIER_3_COMMUNITY","https://gta.fandom.com/wiki/Unnamed_GTA_VI_6x6_conversion_van","2026-09-13","LOW","NO","","gta 6 6x6 conversion van;6x6 conversion van gta 6","Data from outlawdb (https://outlawdb.com/en/gta-6/vehicles), derived from GTA Wiki, CC BY-SA 3.0."
"vehicle","Audi Q7-inspired SUV","","unnamed-audi-q7-inspired-suv","","4-door SUV","Audi Q7-inspired SUV is a vehicle listed for GTA 6 on the GTA Fandom wiki.","Audi Q7-inspired SUV appears on the GTA Fandom wiki as a Grand Theft Auto VI vehicle. The body style is given as 4-door SUV. The vehicle type is given as lighttruck. Grand Theft Auto VI has not released and Rockstar has published no list of its own, so this entry records what the wiki says and does not treat it as confirmed.","Body style: 4-door SUV;Source: GTA Fandom wiki, via outlawdb","","","","COMMUNITY_IDENTIFIED","TIER_3_COMMUNITY","https://gta.fandom.com/wiki/Unnamed_GTA_VI_Audi_Q7-inspired_SUV","2026-09-13","LOW","NO","","gta 6 audi q7-inspired suv;audi q7-inspired suv gta 6","Data from outlawdb (https://outlawdb.com/en/gta-6/vehicles), derived from GTA Wiki, CC BY-SA 3.0."
"vehicle","Azimut 85-inspired yacht","","unnamed-azimut-85-inspired-yacht","","yacht","Azimut 85-inspired yacht is a vehicle listed for GTA 6 on the GTA Fandom wiki.","Azimut 85-inspired yacht appears on the GTA Fandom wiki as a Grand Theft Auto VI vehicle. The vehicle type is given as yacht. Grand Theft Auto VI has not released and Rockstar has published no list of its own, so this entry records what the wiki says and does not treat it as confirmed.","Source: GTA Fandom wiki, via outlawdb","","","","COMMUNITY_IDENTIFIED","TIER_3_COMMUNITY","https://gta.fandom.com/wiki/Unnamed_GTA_VI_Azimut_85-inspired_yacht","2026-09-13","LOW","NO","","gta 6 azimut 85-inspired yacht;azimut 85-inspired yacht gta 6","Data from outlawdb (https://outlawdb.com/en/gta-6/vehicles), derived from GTA Wiki, CC BY-SA 3.0."
"vehicle","Azimut Atlantis 45-inspired yacht","","unnamed-azimut-atlantis-45-inspired-yacht","","yacht","Azimut Atlantis 45-inspired yacht is a vehicle listed for GTA 6 on the GTA Fandom wiki.","Azimut Atlantis 45-inspired yacht appears on the GTA Fandom wiki as a Grand Theft Auto VI vehicle. The vehicle type is given as yacht. Grand Theft Auto VI has not released and Rockstar has published no list of its own, so this entry records what the wiki says and does not treat it as confirmed.","Source: GTA Fandom wiki, via outlawdb","","","","COMMUNITY_IDENTIFIED","TIER_3_COMMUNITY","https://gta.fandom.com/wiki/Unnamed_GTA_VI_Azimut_Atlantis_45-inspired_yacht","2026-09-13","LOW","NO","","gta 6 azimut atlantis 45-inspired yacht;azimut atlantis 45-inspired yacht gta 6","Data from outlawdb (https://outlawdb.com/en/gta-6/vehicles), derived from GTA Wiki, CC BY-SA 3.0."
"vehicle","Benefactor saloon","","unnamed-benefactor-saloon","","4-door saloon","Benefactor saloon is a vehicle listed for GTA 6 on the GTA Fandom wiki, made in game by Benefactor.","Benefactor saloon appears on the GTA Fandom wiki as a Grand Theft Auto VI vehicle. The in-game manufacturer is given as Benefactor. Grand Theft Auto uses invented car brands, so Benefactor is not a real company. The body style is given as 4-door saloon. The vehicle type is given as midsize. Grand Theft Auto VI has not released and Rockstar has published no list of its own, so this entry records what the wiki says and does not treat it as confirmed.","Manufacturer: Benefactor;Body style: 4-door saloon;Source: GTA Fandom wiki, via outlawdb","","","","COMMUNITY_IDENTIFIED","TIER_3_COMMUNITY","https://gta.fandom.com/wiki/Unnamed_GTA_VI_Benefactor_saloon","2026-09-13","LOW","NO","Benefactor","gta 6 benefactor saloon;benefactor saloon gta 6;gta 6 benefactor","Data from outlawdb (https://outlawdb.com/en/gta-6/vehicles), derived from GTA Wiki, CC BY-SA 3.0."
"vehicle","Bison police truck","","unnamed-bison-police-truck","","Crew cab pickup truck","Bison police truck is a vehicle listed for GTA 6 on the GTA Fandom wiki, made in game by Bravado.","Bison police truck appears on the GTA Fandom wiki as a Grand Theft Auto VI vehicle. The in-game manufacturer is given as Bravado. Grand Theft Auto uses invented car brands, so Bravado is not a real company. The body style is given as Crew cab pickup truck. The vehicle type is given as lighttruck. Grand Theft Auto VI has not released and Rockstar has published no list of its own, so this entry records what the wiki says and does not treat it as confirmed.","Manufacturer: Bravado;Body style: Crew cab pickup truck;Source: GTA Fandom wiki, via outlawdb","","","","COMMUNITY_IDENTIFIED","TIER_3_COMMUNITY","https://gta.fandom.com/wiki/Unnamed_GTA_VI_Bison_police_truck","2026-09-13","LOW","NO","Bravado","gta 6 bison police truck;bison police truck gta 6;gta 6 bravado","Data from outlawdb (https://outlawdb.com/en/gta-6/vehicles), derived from GTA Wiki, CC BY-SA 3.0."
"vehicle","Boat trailer","","unnamed-boat-trailer","","Boat trailer","Boat trailer is a vehicle listed for GTA 6 on the GTA Fandom wiki.","Boat trailer appears on the GTA Fandom wiki as a Grand Theft Auto VI vehicle. The body style is given as Boat trailer. The vehicle type is given as lighttrailer. Grand Theft Auto VI has not released and Rockstar has published no list of its own, so this entry records what the wiki says and does not treat it as confirmed.","Body style: Boat trailer;Source: GTA Fandom wiki, via outlawdb","","","","COMMUNITY_IDENTIFIED","TIER_3_COMMUNITY","https://gta.fandom.com/wiki/Unnamed_GTA_VI_boat_trailer","2026-09-13","LOW","NO","","gta 6 boat trailer;boat trailer gta 6","Data from outlawdb (https://outlawdb.com/en/gta-6/vehicles), derived from GTA Wiki, CC BY-SA 3.0."
"vehicle","Box trailer","","unnamed-box-trailer","","Box trailer","Box trailer is a vehicle listed for GTA 6 on the GTA Fandom wiki.","Box trailer appears on the GTA Fandom wiki as a Grand Theft Auto VI vehicle. The body style is given as Box trailer. The vehicle type is given as tractortrailer. Grand Theft Auto VI has not released and Rockstar has published no list of its own, so this entry records what the wiki says and does not treat it as confirmed.","Body style: Box trailer;Source: GTA Fandom wiki, via outlawdb","","","","COMMUNITY_IDENTIFIED","TIER_3_COMMUNITY","https://gta.fandom.com/wiki/Unnamed_GTA_VI_box_trailer","2026-09-13","LOW","NO","","gta 6 box trailer;box trailer gta 6","Data from outlawdb (https://outlawdb.com/en/gta-6/vehicles), derived from GTA Wiki, CC BY-SA 3.0."
"vehicle","Bravado dually pickup truck","","unnamed-bravado-dually-pickup-truck","","4-door pickup truck","Bravado dually pickup truck is a vehicle listed for GTA 6 on the GTA Fandom wiki, made in game by Bravado.","Bravado dually pickup truck appears on the GTA Fandom wiki as a Grand Theft Auto VI vehicle. The in-game manufacturer is given as Bravado. Grand Theft Auto uses invented car brands, so Bravado is not a real company. The body style is given as 4-door pickup truck. The vehicle type is given as lighttruck. Grand Theft Auto VI has not released and Rockstar has published no list of its own, so this entry records what the wiki says and does not treat it as confirmed.","Manufacturer: Bravado;Body style: 4-door pickup truck;Source: GTA Fandom wiki, via outlawdb","","","","COMMUNITY_IDENTIFIED","TIER_3_COMMUNITY","https://gta.fandom.com/wiki/Unnamed_GTA_VI_Bravado_dually_pickup_truck","2026-09-13","LOW","NO","Bravado","gta 6 bravado dually pickup truck;bravado dually pickup truck gta 6;gta 6 bravado","Data from outlawdb (https://outlawdb.com/en/gta-6/vehicles), derived from GTA Wiki, CC BY-SA 3.0."
"vehicle","Bravado minivan","","unnamed-bravado-minivan","","4-door minivan","Bravado minivan is a vehicle listed for GTA 6 on the GTA Fandom wiki, made in game by Bravado.","Bravado minivan appears on the GTA Fandom wiki as a Grand Theft Auto VI vehicle. The in-game manufacturer is given as Bravado. Grand Theft Auto uses invented car brands, so Bravado is not a real company. The body style is given as 4-door minivan. The vehicle type is given as lighttruck. Grand Theft Auto VI has not released and Rockstar has published no list of its own, so this entry records what the wiki says and does not treat it as confirmed.","Manufacturer: Bravado;Body style: 4-door minivan;Source: GTA Fandom wiki, via outlawdb","","","","COMMUNITY_IDENTIFIED","TIER_3_COMMUNITY","https://gta.fandom.com/wiki/Unnamed_GTA_VI_Bravado_minivan","2026-09-13","LOW","NO","Bravado","gta 6 bravado minivan;bravado minivan gta 6;gta 6 bravado","Data from outlawdb (https://outlawdb.com/en/gta-6/vehicles), derived from GTA Wiki, CC BY-SA 3.0."
"vehicle","Bravado minivan taxi","","unnamed-bravado-minivan-taxi","","4-door minivan","Bravado minivan taxi is a vehicle listed for GTA 6 on the GTA Fandom wiki, made in game by Bravado.","Bravado minivan taxi appears on the GTA Fandom wiki as a Grand Theft Auto VI vehicle. The in-game manufacturer is given as Bravado. Grand Theft Auto uses invented car brands, so Bravado is not a real company. The body style is given as 4-door minivan. The vehicle type is given as lighttruck. Grand Theft Auto VI has not released and Rockstar has published no list of its own, so this entry records what the wiki says and does not treat it as confirmed.","Manufacturer: Bravado;Body style: 4-door minivan;Source: GTA Fandom wiki, via outlawdb","","","","COMMUNITY_IDENTIFIED","TIER_3_COMMUNITY","https://gta.fandom.com/wiki/Unnamed_GTA_VI_Bravado_minivan_taxi","2026-09-13","LOW","NO","Bravado","gta 6 bravado minivan taxi;bravado minivan taxi gta 6;gta 6 bravado","Data from outlawdb (https://outlawdb.com/en/gta-6/vehicles), derived from GTA Wiki, CC BY-SA 3.0."
"vehicle","Bravado monster truck","","unnamed-bravado-monster-truck","","2-door monster truck","Bravado monster truck is a vehicle listed for GTA 6 on the GTA Fandom wiki, made in game by Bravado.","Bravado monster truck appears on the GTA Fandom wiki as a Grand Theft Auto VI vehicle. The in-game manufacturer is given as Bravado. Grand Theft Auto uses invented car brands, so Bravado is not a real company. The body style is given as 2-door monster truck. The vehicle type is given as lighttruck. Grand Theft Auto VI has not released and Rockstar has published no list of its own, so this entry records what the wiki says and does not treat it as confirmed.","Manufacturer: Bravado;Body style: 2-door monster truck;Source: GTA Fandom wiki, via outlawdb","","","","COMMUNITY_IDENTIFIED","TIER_3_COMMUNITY","https://gta.fandom.com/wiki/Unnamed_GTA_VI_Bravado_monster_truck","2026-09-13","LOW","NO","Bravado","gta 6 bravado monster truck;bravado monster truck gta 6;gta 6 bravado","Data from outlawdb (https://outlawdb.com/en/gta-6/vehicles), derived from GTA Wiki, CC BY-SA 3.0."
"vehicle","Bravado pickup truck","","unnamed-bravado-pickup-truck","","2-door pickup truck","Bravado pickup truck is a vehicle listed for GTA 6 on the GTA Fandom wiki, made in game by Bravado.","Bravado pickup truck appears on the GTA Fandom wiki as a Grand Theft Auto VI vehicle. The in-game manufacturer is given as Bravado. Grand Theft Auto uses invented car brands, so Bravado is not a real company. The body style is given as 2-door pickup truck. The vehicle type is given as lighttruck. Grand Theft Auto VI has not released and Rockstar has published no list of its own, so this entry records what the wiki says and does not treat it as confirmed.","Manufacturer: Bravado;Body style: 2-door pickup truck;Source: GTA Fandom wiki, via outlawdb","","","","COMMUNITY_IDENTIFIED","TIER_3_COMMUNITY","https://gta.fandom.com/wiki/Unnamed_GTA_VI_Bravado_pickup_truck","2026-09-13","LOW","NO","Bravado","gta 6 bravado pickup truck;bravado pickup truck gta 6;gta 6 bravado","Data from outlawdb (https://outlawdb.com/en/gta-6/vehicles), derived from GTA Wiki, CC BY-SA 3.0."
"vehicle","Brute excavator","","unnamed-brute-excavator","","Excavator","Brute excavator is a vehicle listed for GTA 6 on the GTA Fandom wiki, made in game by Brute.","Brute excavator appears on the GTA Fandom wiki as a Grand Theft Auto VI vehicle. The in-game manufacturer is given as Brute. Grand Theft Auto uses invented car brands, so Brute is not a real company. The body style is given as Excavator. The vehicle type is given as tracked. Grand Theft Auto VI has not released and Rockstar has published no list of its own, so this entry records what the wiki says and does not treat it as confirmed.","Manufacturer: Brute;Body style: Excavator;Source: GTA Fandom wiki, via outlawdb","","","","COMMUNITY_IDENTIFIED","TIER_3_COMMUNITY","https://gta.fandom.com/wiki/Unnamed_GTA_VI_Brute_excavator","2026-09-13","LOW","NO","Brute","gta 6 brute excavator;brute excavator gta 6;gta 6 brute","Data from outlawdb (https://outlawdb.com/en/gta-6/vehicles), derived from GTA Wiki, CC BY-SA 3.0."
"vehicle","Buick Reatta-inspired convertible","","unnamed-buick-reatta-inspired-convertible","","2-door convertible","Buick Reatta-inspired convertible is a vehicle listed for GTA 6 on the GTA Fandom wiki.","Buick Reatta-inspired convertible appears on the GTA Fandom wiki as a Grand Theft Auto VI vehicle. The body style is given as 2-door convertible. The vehicle type is given as grandtourer. Grand Theft Auto VI has not released and Rockstar has published no list of its own, so this entry records what the wiki says and does not treat it as confirmed.","Body style: 2-door convertible;Source: GTA Fandom wiki, via outlawdb","","","","COMMUNITY_IDENTIFIED","TIER_3_COMMUNITY","https://gta.fandom.com/wiki/Unnamed_GTA_VI_Buick_Reatta-inspired_convertible","2026-09-13","LOW","NO","","gta 6 buick reatta-inspired convertible;buick reatta-inspired convertible gta 6","Data from outlawdb (https://outlawdb.com/en/gta-6/vehicles), derived from GTA Wiki, CC BY-SA 3.0."
"vehicle","Buick Skylark-inspired car","","unnamed-buick-skylark-inspired-car","","4-door sedan","Buick Skylark-inspired car is a vehicle listed for GTA 6 on the GTA Fandom wiki.","Buick Skylark-inspired car appears on the GTA Fandom wiki as a Grand Theft Auto VI vehicle. The body style is given as 4-door sedan. The vehicle type is given as compact. Grand Theft Auto VI has not released and Rockstar has published no list of its own, so this entry records what the wiki says and does not treat it as confirmed.","Body style: 4-door sedan;Source: GTA Fandom wiki, via outlawdb","","","","COMMUNITY_IDENTIFIED","TIER_3_COMMUNITY","https://gta.fandom.com/wiki/Unnamed_GTA_VI_Buick_Skylark-inspired_car","2026-09-13","LOW","NO","","gta 6 buick skylark-inspired car;buick skylark-inspired car gta 6","Data from outlawdb (https://outlawdb.com/en/gta-6/vehicles), derived from GTA Wiki, CC BY-SA 3.0."
"vehicle","Burrito shuttle bus","","unnamed-burrito-shuttle-bus","","Cutaway minibus","Burrito shuttle bus is a vehicle listed for GTA 6 on the GTA Fandom wiki, made in game by Declasse.","Burrito shuttle bus appears on the GTA Fandom wiki as a Grand Theft Auto VI vehicle. The in-game manufacturer is given as Declasse. Grand Theft Auto uses invented car brands, so Declasse is not a real company. The body style is given as Cutaway minibus. The vehicle type is given as mediumtruck. Grand Theft Auto VI has not released and Rockstar has published no list of its own, so this entry records what the wiki says and does not treat it as confirmed.","Manufacturer: Declasse;Body style: Cutaway minibus;Source: GTA Fandom wiki, via outlawdb","","","","COMMUNITY_IDENTIFIED","TIER_3_COMMUNITY","https://gta.fandom.com/wiki/Unnamed_GTA_VI_Burrito_shuttle_bus","2026-09-13","LOW","NO","Declasse","gta 6 burrito shuttle bus;burrito shuttle bus gta 6;gta 6 declasse","Data from outlawdb (https://outlawdb.com/en/gta-6/vehicles), derived from GTA Wiki, CC BY-SA 3.0."
"vehicle","Canis pickup truck","","unnamed-canis-pickup-truck","","2-door pickup truck","Canis pickup truck is a vehicle listed for GTA 6 on the GTA Fandom wiki, made in game by Canis.","Canis pickup truck appears on the GTA Fandom wiki as a Grand Theft Auto VI vehicle. The in-game manufacturer is given as Canis. Grand Theft Auto uses invented car brands, so Canis is not a real company. The body style is given as 2-door pickup truck. The vehicle type is given as lighttruck. Grand Theft Auto VI has not released and Rockstar has published no list of its own, so this entry records what the wiki says and does not treat it as confirmed.","Manufacturer: Canis;Body style: 2-door pickup truck;Source: GTA Fandom wiki, via outlawdb","","","","COMMUNITY_IDENTIFIED","TIER_3_COMMUNITY","https://gta.fandom.com/wiki/Unnamed_GTA_VI_Canis_pickup_truck","2026-09-13","LOW","NO","Canis","gta 6 canis pickup truck;canis pickup truck gta 6;gta 6 canis","Data from outlawdb (https://outlawdb.com/en/gta-6/vehicles), derived from GTA Wiki, CC BY-SA 3.0."
"vehicle","Carbon RS stock motorcycle","","unnamed-carbon-rs-stock-motorcycle","","streetbike","Carbon RS stock motorcycle is a vehicle listed for GTA 6 on the GTA Fandom wiki, made in game by Nagasaki.","Carbon RS stock motorcycle appears on the GTA Fandom wiki as a Grand Theft Auto VI vehicle. The in-game manufacturer is given as Nagasaki. Grand Theft Auto uses invented car brands, so Nagasaki is not a real company. The vehicle type is given as streetbike. Grand Theft Auto VI has not released and Rockstar has published no list of its own, so this entry records what the wiki says and does not treat it as confirmed.","Manufacturer: Nagasaki;Source: GTA Fandom wiki, via outlawdb","","","","COMMUNITY_IDENTIFIED","TIER_3_COMMUNITY","https://gta.fandom.com/wiki/Unnamed_GTA_VI_Carbon_RS_stock_motorcycle","2026-09-13","LOW","NO","Nagasaki","gta 6 carbon rs stock motorcycle;carbon rs stock motorcycle gta 6;gta 6 nagasaki","Data from outlawdb (https://outlawdb.com/en/gta-6/vehicles), derived from GTA Wiki, CC BY-SA 3.0."
"vehicle","Chrysler LeBaron Town & Country-inspired station wagon","","unnamed-chrysler-lebaron-town-country-inspired-station-wagon","","4-door station wagon","Chrysler LeBaron Town & Country-inspired station wagon is a vehicle listed for GTA 6 on the GTA Fandom wiki.","Chrysler LeBaron Town & Country-inspired station wagon appears on the GTA Fandom wiki as a Grand Theft Auto VI vehicle. The body style is given as 4-door station wagon. The vehicle type is given as midsize. Grand Theft Auto VI has not released and Rockstar has published no list of its own, so this entry records what the wiki says and does not treat it as confirmed.","Body style: 4-door station wagon;Source: GTA Fandom wiki, via outlawdb","","","","COMMUNITY_IDENTIFIED","TIER_3_COMMUNITY","https://gta.fandom.com/wiki/Unnamed_GTA_VI_Chrysler_LeBaron_Town_%26_Country-inspired_station_wagon","2026-09-13","LOW","NO","","gta 6 chrysler lebaron town & country-inspired station wagon;chrysler lebaron town & country-inspired station wagon gta 6","Data from outlawdb (https://outlawdb.com/en/gta-6/vehicles), derived from GTA Wiki, CC BY-SA 3.0."
"vehicle","Chrysler Sebring-inspired sedan","","unnamed-chrysler-sebring-inspired-sedan","","4-door sedan","Chrysler Sebring-inspired sedan is a vehicle listed for GTA 6 on the GTA Fandom wiki.","Chrysler Sebring-inspired sedan appears on the GTA Fandom wiki as a Grand Theft Auto VI vehicle. The body style is given as 4-door sedan. The vehicle type is given as midsize. Grand Theft Auto VI has not released and Rockstar has published no list of its own, so this entry records what the wiki says and does not treat it as confirmed.","Body style: 4-door sedan;Source: GTA Fandom wiki, via outlawdb","","","","COMMUNITY_IDENTIFIED","TIER_3_COMMUNITY","https://gta.fandom.com/wiki/Unnamed_GTA_VI_Chrysler_Sebring-inspired_sedan","2026-09-13","LOW","NO","","gta 6 chrysler sebring-inspired sedan;chrysler sebring-inspired sedan gta 6","Data from outlawdb (https://outlawdb.com/en/gta-6/vehicles), derived from GTA Wiki, CC BY-SA 3.0."
"vehicle","Cigarette 38' Top Gun-inspired boat","","unnamed-cigarette-38-top-gun-inspired-boat","","Power boat","Cigarette 38' Top Gun-inspired boat is a vehicle listed for GTA 6 on the GTA Fandom wiki.","Cigarette 38' Top Gun-inspired boat appears on the GTA Fandom wiki as a Grand Theft Auto VI vehicle. The body style is given as Power boat. The vehicle type is given as motorboat. Grand Theft Auto VI has not released and Rockstar has published no list of its own, so this entry records what the wiki says and does not treat it as confirmed.","Body style: Power boat;Source: GTA Fandom wiki, via outlawdb","","","","COMMUNITY_IDENTIFIED","TIER_3_COMMUNITY","https://gta.fandom.com/wiki/Unnamed_GTA_VI_Cigarette_38'_Top_Gun-inspired_boat","2026-09-13","LOW","NO","","gta 6 cigarette 38' top gun-inspired boat;cigarette 38' top gun-inspired boat gta 6","Data from outlawdb (https://outlawdb.com/en/gta-6/vehicles), derived from GTA Wiki, CC BY-SA 3.0."
"vehicle","Class A motorhome","","unnamed-class-a-motorhome","","Recreational vehicle","Class A motorhome is a vehicle listed for GTA 6 on the GTA Fandom wiki.","Class A motorhome appears on the GTA Fandom wiki as a Grand Theft Auto VI vehicle. The body style is given as Recreational vehicle. The vehicle type is given as mediumtruck. Grand Theft Auto VI has not released and Rockstar has published no list of its own, so this entry records what the wiki says and does not treat it as confirmed.","Body style: Recreational vehicle;Source: GTA Fandom wiki, via outlawdb","","","","COMMUNITY_IDENTIFIED","TIER_3_COMMUNITY","https://gta.fandom.com/wiki/Unnamed_GTA_VI_Class_A_motorhome","2026-09-13","LOW","NO","","gta 6 class a motorhome;class a motorhome gta 6","Data from outlawdb (https://outlawdb.com/en/gta-6/vehicles), derived from GTA Wiki, CC BY-SA 3.0."
"vehicle","Contender 39ST-inspired boat","","unnamed-contender-39st-inspired-boat","","Bay boat","Contender 39ST-inspired boat is a vehicle listed for GTA 6 on the GTA Fandom wiki.","Contender 39ST-inspired boat appears on the GTA Fandom wiki as a Grand Theft Auto VI vehicle. The body style is given as Bay boat. The vehicle type is given as motorboat. Grand Theft Auto VI has not released and Rockstar has published no list of its own, so this entry records what the wiki says and does not treat it as confirmed.","Body style: Bay boat;Source: GTA Fandom wiki, via outlawdb","","","","COMMUNITY_IDENTIFIED","TIER_3_COMMUNITY","https://gta.fandom.com/wiki/Unnamed_GTA_VI_Contender_39ST-inspired_boat","2026-09-13","LOW","NO","","gta 6 contender 39st-inspired boat;contender 39st-inspired boat gta 6","Data from outlawdb (https://outlawdb.com/en/gta-6/vehicles), derived from GTA Wiki, CC BY-SA 3.0."
"vehicle","Contender 39ST-inspired police boat","","unnamed-contender-39st-inspired-police-boat","","Bay boat","Contender 39ST-inspired police boat is a vehicle listed for GTA 6 on the GTA Fandom wiki.","Contender 39ST-inspired police boat appears on the GTA Fandom wiki as a Grand Theft Auto VI vehicle. The body style is given as Bay boat. The vehicle type is given as motorboat. Grand Theft Auto VI has not released and Rockstar has published no list of its own, so this entry records what the wiki says and does not treat it as confirmed.","Body style: Bay boat;Source: GTA Fandom wiki, via outlawdb","","","","COMMUNITY_IDENTIFIED","TIER_3_COMMUNITY","https://gta.fandom.com/wiki/Unnamed_GTA_VI_Contender_39ST-inspired_police_boat","2026-09-13","LOW","NO","","gta 6 contender 39st-inspired police boat;contender 39st-inspired police boat gta 6","Data from outlawdb (https://outlawdb.com/en/gta-6/vehicles), derived from GTA Wiki, CC BY-SA 3.0."
"vehicle","Convertible","","unnamed-convertible","","2-door convertible","Convertible is a vehicle listed for GTA 6 on the GTA Fandom wiki.","Convertible appears on the GTA Fandom wiki as a Grand Theft Auto VI vehicle. The body style is given as 2-door convertible. The vehicle type is given as sports. Grand Theft Auto VI has not released and Rockstar has published no list of its own, so this entry records what the wiki says and does not treat it as confirmed.","Body style: 2-door convertible;Source: GTA Fandom wiki, via outlawdb","","","","COMMUNITY_IDENTIFIED","TIER_3_COMMUNITY","https://gta.fandom.com/wiki/Unnamed_GTA_VI_convertible","2026-09-13","LOW","NO","","gta 6 convertible;convertible gta 6","Data from outlawdb (https://outlawdb.com/en/gta-6/vehicles), derived from GTA Wiki, CC BY-SA 3.0."
"vehicle","Crest kayak","","unnamed-crest-kayak","","Kayak","Crest kayak is a vehicle listed for GTA 6 on the GTA Fandom wiki, made in game by Crest Kayaks.","Crest kayak appears on the GTA Fandom wiki as a Grand Theft Auto VI vehicle. The in-game manufacturer is given as Crest Kayaks. Grand Theft Auto uses invented car brands, so Crest Kayaks is not a real company. The body style is given as Kayak. The vehicle type is given as humanboat. Grand Theft Auto VI has not released and Rockstar has published no list of its own, so this entry records what the wiki says and does not treat it as confirmed.","Manufacturer: Crest Kayaks;Body style: Kayak;Source: GTA Fandom wiki, via outlawdb","","","","COMMUNITY_IDENTIFIED","TIER_3_COMMUNITY","https://gta.fandom.com/wiki/Unnamed_GTA_VI_Crest_kayak","2026-09-13","LOW","NO","Crest Kayaks","gta 6 crest kayak;crest kayak gta 6;gta 6 crest kayaks","Data from outlawdb (https://outlawdb.com/en/gta-6/vehicles), derived from GTA Wiki, CC BY-SA 3.0."
"vehicle","Crownline 275 SS-inspired boat","","unnamed-crownline-275-ss-inspired-boat","","Bow rider cabin cruiser","Crownline 275 SS-inspired boat is a vehicle listed for GTA 6 on the GTA Fandom wiki.","Crownline 275 SS-inspired boat appears on the GTA Fandom wiki as a Grand Theft Auto VI vehicle. The body style is given as Bow rider cabin cruiser. The vehicle type is given as motorboat. Grand Theft Auto VI has not released and Rockstar has published no list of its own, so this entry records what the wiki says and does not treat it as confirmed.","Body style: Bow rider cabin cruiser;Source: GTA Fandom wiki, via outlawdb","","","","COMMUNITY_IDENTIFIED","TIER_3_COMMUNITY","https://gta.fandom.com/wiki/Unnamed_GTA_VI_Crownline_275_SS-inspired_boat","2026-09-13","LOW","NO","","gta 6 crownline 275 ss-inspired boat;crownline 275 ss-inspired boat gta 6","Data from outlawdb (https://outlawdb.com/en/gta-6/vehicles), derived from GTA Wiki, CC BY-SA 3.0."
"vehicle","Cruise ship","","unnamed-cruise-ship","","Cruise ship","Cruise ship is a vehicle listed for GTA 6 on the GTA Fandom wiki.","Cruise ship appears on the GTA Fandom wiki as a Grand Theft Auto VI vehicle. The body style is given as Cruise ship. The vehicle type is given as ship. Grand Theft Auto VI has not released and Rockstar has published no list of its own, so this entry records what the wiki says and does not treat it as confirmed.","Body style: Cruise ship;Source: GTA Fandom wiki, via outlawdb","","","","COMMUNITY_IDENTIFIED","TIER_3_COMMUNITY","https://gta.fandom.com/wiki/Unnamed_GTA_VI_cruise_ship","2026-09-13","LOW","NO","","gta 6 cruise ship;cruise ship gta 6","Data from outlawdb (https://outlawdb.com/en/gta-6/vehicles), derived from GTA Wiki, CC BY-SA 3.0."
"vehicle","Declasse compact car","","unnamed-declasse-compact-car","","4-door hatchback","Declasse compact car is a vehicle listed for GTA 6 on the GTA Fandom wiki, made in game by Declasse.","Declasse compact car appears on the GTA Fandom wiki as a Grand Theft Auto VI vehicle. The in-game manufacturer is given as Declasse. Grand Theft Auto uses invented car brands, so Declasse is not a real company. The body style is given as 4-door hatchback. The vehicle type is given as compact. Grand Theft Auto VI has not released and Rockstar has published no list of its own, so this entry records what the wiki says and does not treat it as confirmed.","Manufacturer: Declasse;Body style: 4-door hatchback;Source: GTA Fandom wiki, via outlawdb","","","","COMMUNITY_IDENTIFIED","TIER_3_COMMUNITY","https://gta.fandom.com/wiki/Unnamed_GTA_VI_Declasse_compact_car","2026-09-13","LOW","NO","Declasse","gta 6 declasse compact car;declasse compact car gta 6;gta 6 declasse","Data from outlawdb (https://outlawdb.com/en/gta-6/vehicles), derived from GTA Wiki, CC BY-SA 3.0."
"vehicle","Declasse sedan","","unnamed-declasse-sedan","","4-door sedan","Declasse sedan is a vehicle listed for GTA 6 on the GTA Fandom wiki, made in game by Declasse.","Declasse sedan appears on the GTA Fandom wiki as a Grand Theft Auto VI vehicle. The in-game manufacturer is given as Declasse. Grand Theft Auto uses invented car brands, so Declasse is not a real company. The body style is given as 4-door sedan. The vehicle type is given as fullsize. Grand Theft Auto VI has not released and Rockstar has published no list of its own, so this entry records what the wiki says and does not treat it as confirmed.","Manufacturer: Declasse;Body style: 4-door sedan;Source: GTA Fandom wiki, via outlawdb","","","","COMMUNITY_IDENTIFIED","TIER_3_COMMUNITY","https://gta.fandom.com/wiki/Unnamed_GTA_VI_Declasse_sedan","2026-09-13","LOW","NO","Declasse","gta 6 declasse sedan;declasse sedan gta 6;gta 6 declasse","Data from outlawdb (https://outlawdb.com/en/gta-6/vehicles), derived from GTA Wiki, CC BY-SA 3.0."
"vehicle","Dive boat","","unnamed-dive-boat","","Scuba-diving boat","Dive boat is a vehicle listed for GTA 6 on the GTA Fandom wiki.","Dive boat appears on the GTA Fandom wiki as a Grand Theft Auto VI vehicle. The body style is given as Scuba-diving boat. The vehicle type is given as motorboat. Grand Theft Auto VI has not released and Rockstar has published no list of its own, so this entry records what the wiki says and does not treat it as confirmed.","Body style: Scuba-diving boat;Source: GTA Fandom wiki, via outlawdb","","","","COMMUNITY_IDENTIFIED","TIER_3_COMMUNITY","https://gta.fandom.com/wiki/Unnamed_GTA_VI_dive_boat","2026-09-13","LOW","NO","","gta 6 dive boat;dive boat gta 6","Data from outlawdb (https://outlawdb.com/en/gta-6/vehicles), derived from GTA Wiki, CC BY-SA 3.0."
"vehicle","Dodge Dakota-inspired pickup truck","","unnamed-dodge-dakota-inspired-pickup-truck","","2-door pickup truck","Dodge Dakota-inspired pickup truck is a vehicle listed for GTA 6 on the GTA Fandom wiki.","Dodge Dakota-inspired pickup truck appears on the GTA Fandom wiki as a Grand Theft Auto VI vehicle. The body style is given as 2-door pickup truck. The vehicle type is given as lighttruck. Grand Theft Auto VI has not released and Rockstar has published no list of its own, so this entry records what the wiki says and does not treat it as confirmed.","Body style: 2-door pickup truck;Source: GTA Fandom wiki, via outlawdb","","","","COMMUNITY_IDENTIFIED","TIER_3_COMMUNITY","https://gta.fandom.com/wiki/Unnamed_GTA_VI_Dodge_Dakota-inspired_pickup_truck","2026-09-13","LOW","NO","","gta 6 dodge dakota-inspired pickup truck;dodge dakota-inspired pickup truck gta 6","Data from outlawdb (https://outlawdb.com/en/gta-6/vehicles), derived from GTA Wiki, CC BY-SA 3.0."
"vehicle","Dodge Durango-inspired SUV","","unnamed-dodge-durango-inspired-suv","","4-door SUV","Dodge Durango-inspired SUV is a vehicle listed for GTA 6 on the GTA Fandom wiki.","Dodge Durango-inspired SUV appears on the GTA Fandom wiki as a Grand Theft Auto VI vehicle. The body style is given as 4-door SUV. The vehicle type is given as lighttruck. Grand Theft Auto VI has not released and Rockstar has published no list of its own, so this entry records what the wiki says and does not treat it as confirmed.","Body style: 4-door SUV;Source: GTA Fandom wiki, via outlawdb","","","","COMMUNITY_IDENTIFIED","TIER_3_COMMUNITY","https://gta.fandom.com/wiki/Unnamed_GTA_VI_Dodge_Durango-inspired_SUV","2026-09-13","LOW","NO","","gta 6 dodge durango-inspired suv;dodge durango-inspired suv gta 6","Data from outlawdb (https://outlawdb.com/en/gta-6/vehicles), derived from GTA Wiki, CC BY-SA 3.0."
"vehicle","Eurocopter EC135-inspired police helicopter","","unnamed-eurocopter-ec135-inspired-police-helicopter","","Four-bladed helicopter","Eurocopter EC135-inspired police helicopter is a vehicle listed for GTA 6 on the GTA Fandom wiki.","Eurocopter EC135-inspired police helicopter appears on the GTA Fandom wiki as a Grand Theft Auto VI vehicle. The body style is given as Four-bladed helicopter. The vehicle type is given as singleheli. Grand Theft Auto VI has not released and Rockstar has published no list of its own, so this entry records what the wiki says and does not treat it as confirmed.","Body style: Four-bladed helicopter;Source: GTA Fandom wiki, via outlawdb","","","","COMMUNITY_IDENTIFIED","TIER_3_COMMUNITY","https://gta.fandom.com/wiki/Unnamed_GTA_VI_Eurocopter_EC135-inspired_police_helicopter","2026-09-13","LOW","NO","","gta 6 eurocopter ec135-inspired police helicopter;eurocopter ec135-inspired police helicopter gta 6","Data from outlawdb (https://outlawdb.com/en/gta-6/vehicles), derived from GTA Wiki, CC BY-SA 3.0."
"vehicle","Fishing boat","","unnamed-fishing-boat","","Fishing boat","Fishing boat is a vehicle listed for GTA 6 on the GTA Fandom wiki.","Fishing boat appears on the GTA Fandom wiki as a Grand Theft Auto VI vehicle. The body style is given as Fishing boat. The vehicle type is given as motorboat. Grand Theft Auto VI has not released and Rockstar has published no list of its own, so this entry records what the wiki says and does not treat it as confirmed.","Body style: Fishing boat;Source: GTA Fandom wiki, via outlawdb","","","","COMMUNITY_IDENTIFIED","TIER_3_COMMUNITY","https://gta.fandom.com/wiki/Unnamed_GTA_VI_fishing_boat","2026-09-13","LOW","NO","","gta 6 fishing boat;fishing boat gta 6","Data from outlawdb (https://outlawdb.com/en/gta-6/vehicles), derived from GTA Wiki, CC BY-SA 3.0."
"vehicle","Flatbed trailer","","unnamed-flatbed-trailer","","Flatbed trailer","Flatbed trailer is a vehicle listed for GTA 6 on the GTA Fandom wiki.","Flatbed trailer appears on the GTA Fandom wiki as a Grand Theft Auto VI vehicle. The body style is given as Flatbed trailer. The vehicle type is given as tractortrailer. Grand Theft Auto VI has not released and Rockstar has published no list of its own, so this entry records what the wiki says and does not treat it as confirmed.","Body style: Flatbed trailer;Source: GTA Fandom wiki, via outlawdb","","","","COMMUNITY_IDENTIFIED","TIER_3_COMMUNITY","https://gta.fandom.com/wiki/Unnamed_GTA_VI_flatbed_trailer","2026-09-13","LOW","NO","","gta 6 flatbed trailer;flatbed trailer gta 6","Data from outlawdb (https://outlawdb.com/en/gta-6/vehicles), derived from GTA Wiki, CC BY-SA 3.0."
"vehicle","Ford Explorer Sport Trac-inspired lifeguard truck","","unnamed-ford-explorer-sport-trac-inspired-lifeguard-truck","","Crew cab pickup truck","Ford Explorer Sport Trac-inspired lifeguard truck is a vehicle listed for GTA 6 on the GTA Fandom wiki.","Ford Explorer Sport Trac-inspired lifeguard truck appears on the GTA Fandom wiki as a Grand Theft Auto VI vehicle. The body style is given as Crew cab pickup truck. The vehicle type is given as lighttruck. Grand Theft Auto VI has not released and Rockstar has published no list of its own, so this entry records what the wiki says and does not treat it as confirmed.","Body style: Crew cab pickup truck;Source: GTA Fandom wiki, via outlawdb","","","","COMMUNITY_IDENTIFIED","TIER_3_COMMUNITY","https://gta.fandom.com/wiki/Unnamed_GTA_VI_Ford_Explorer_Sport_Trac-inspired_lifeguard_truck","2026-09-13","LOW","NO","","gta 6 ford explorer sport trac-inspired lifeguard truck;ford explorer sport trac-inspired lifeguard truck gta 6","Data from outlawdb (https://outlawdb.com/en/gta-6/vehicles), derived from GTA Wiki, CC BY-SA 3.0."
"vehicle","Ford F-Series-inspired flatbed truck","","unnamed-ford-f-series-inspired-flatbed-truck","","2-door flatbed truck","Ford F-Series-inspired flatbed truck is a vehicle listed for GTA 6 on the GTA Fandom wiki.","Ford F-Series-inspired flatbed truck appears on the GTA Fandom wiki as a Grand Theft Auto VI vehicle. The body style is given as 2-door flatbed truck. The vehicle type is given as lighttruck. Grand Theft Auto VI has not released and Rockstar has published no list of its own, so this entry records what the wiki says and does not treat it as confirmed.","Body style: 2-door flatbed truck;Source: GTA Fandom wiki, via outlawdb","","","","COMMUNITY_IDENTIFIED","TIER_3_COMMUNITY","https://gta.fandom.com/wiki/Unnamed_GTA_VI_Ford_F-Series-inspired_flatbed_truck","2026-09-13","LOW","NO","","gta 6 ford f-series-inspired flatbed truck;ford f-series-inspired flatbed truck gta 6","Data from outlawdb (https://outlawdb.com/en/gta-6/vehicles), derived from GTA Wiki, CC BY-SA 3.0."
"vehicle","Ford Mustang-inspired car","","unnamed-ford-mustang-inspired-car","","2-door convertible","Ford Mustang-inspired car is a vehicle listed for GTA 6 on the GTA Fandom wiki.","Ford Mustang-inspired car appears on the GTA Fandom wiki as a Grand Theft Auto VI vehicle. The body style is given as 2-door convertible. The vehicle type is given as muscle. Grand Theft Auto VI has not released and Rockstar has published no list of its own, so this entry records what the wiki says and does not treat it as confirmed.","Body style: 2-door convertible;Source: GTA Fandom wiki, via outlawdb","","","","COMMUNITY_IDENTIFIED","TIER_3_COMMUNITY","https://gta.fandom.com/wiki/Unnamed_GTA_VI_Ford_Mustang-inspired_car","2026-09-13","LOW","NO","","gta 6 ford mustang-inspired car;ford mustang-inspired car gta 6","Data from outlawdb (https://outlawdb.com/en/gta-6/vehicles), derived from GTA Wiki, CC BY-SA 3.0."
"vehicle","Ford Ranger-inspired pickup truck","","unnamed-ford-ranger-inspired-pickup-truck","","Crew cab pickup truck","Ford Ranger-inspired pickup truck is a vehicle listed for GTA 6 on the GTA Fandom wiki.","Ford Ranger-inspired pickup truck appears on the GTA Fandom wiki as a Grand Theft Auto VI vehicle. The body style is given as Crew cab pickup truck. The vehicle type is given as lighttruck. Grand Theft Auto VI has not released and Rockstar has published no list of its own, so this entry records what the wiki says and does not treat it as confirmed.","Body style: Crew cab pickup truck;Source: GTA Fandom wiki, via outlawdb","","","","COMMUNITY_IDENTIFIED","TIER_3_COMMUNITY","https://gta.fandom.com/wiki/Unnamed_GTA_VI_Ford_Ranger-inspired_pickup_truck","2026-09-13","LOW","NO","","gta 6 ford ranger-inspired pickup truck;ford ranger-inspired pickup truck gta 6","Data from outlawdb (https://outlawdb.com/en/gta-6/vehicles), derived from GTA Wiki, CC BY-SA 3.0."
"vehicle","Ford Super Duty-inspired monster truck","","unnamed-ford-super-duty-inspired-monster-truck","","4-door monster truck","Ford Super Duty-inspired monster truck is a vehicle listed for GTA 6 on the GTA Fandom wiki.","Ford Super Duty-inspired monster truck appears on the GTA Fandom wiki as a Grand Theft Auto VI vehicle. The body style is given as 4-door monster truck. The vehicle type is given as lighttruck. Grand Theft Auto VI has not released and Rockstar has published no list of its own, so this entry records what the wiki says and does not treat it as confirmed.","Body style: 4-door monster truck;Source: GTA Fandom wiki, via outlawdb","","","","COMMUNITY_IDENTIFIED","TIER_3_COMMUNITY","https://gta.fandom.com/wiki/Unnamed_GTA_VI_Ford_Super_Duty-inspired_monster_truck","2026-09-13","LOW","NO","","gta 6 ford super duty-inspired monster truck;ford super duty-inspired monster truck gta 6","Data from outlawdb (https://outlawdb.com/en/gta-6/vehicles), derived from GTA Wiki, CC BY-SA 3.0."
"vehicle","Frauscher 1017 GT-inspired boat","","unnamed-frauscher-1017-gt-inspired-boat","","Speedboat","Frauscher 1017 GT-inspired boat is a vehicle listed for GTA 6 on the GTA Fandom wiki.","Frauscher 1017 GT-inspired boat appears on the GTA Fandom wiki as a Grand Theft Auto VI vehicle. The body style is given as Speedboat. The vehicle type is given as motorboat. Grand Theft Auto VI has not released and Rockstar has published no list of its own, so this entry records what the wiki says and does not treat it as confirmed.","Body style: Speedboat;Source: GTA Fandom wiki, via outlawdb","","","","COMMUNITY_IDENTIFIED","TIER_3_COMMUNITY","https://gta.fandom.com/wiki/Unnamed_GTA_VI_Frauscher_1017_GT-inspired_boat","2026-09-13","LOW","NO","","gta 6 frauscher 1017 gt-inspired boat;frauscher 1017 gt-inspired boat gta 6","Data from outlawdb (https://outlawdb.com/en/gta-6/vehicles), derived from GTA Wiki, CC BY-SA 3.0."
"vehicle","GE Genesis-inspired locomotive","","unnamed-ge-genesis-inspired-locomotive","","Passenger train","GE Genesis-inspired locomotive is a vehicle listed for GTA 6 on the GTA Fandom wiki.","GE Genesis-inspired locomotive appears on the GTA Fandom wiki as a Grand Theft Auto VI vehicle. The body style is given as Passenger train. The vehicle type is given as loco. Grand Theft Auto VI has not released and Rockstar has published no list of its own, so this entry records what the wiki says and does not treat it as confirmed.","Body style: Passenger train;Source: GTA Fandom wiki, via outlawdb","","","","COMMUNITY_IDENTIFIED","TIER_3_COMMUNITY","https://gta.fandom.com/wiki/Unnamed_GTA_VI_GE_Genesis-inspired_locomotive","2026-09-13","LOW","NO","","gta 6 ge genesis-inspired locomotive;ge genesis-inspired locomotive gta 6","Data from outlawdb (https://outlawdb.com/en/gta-6/vehicles), derived from GTA Wiki, CC BY-SA 3.0."
"vehicle","Highfield Sport 900-inspired boat","","unnamed-highfield-sport-900-inspired-boat","","Rigid inflatable boat","Highfield Sport 900-inspired boat is a vehicle listed for GTA 6 on the GTA Fandom wiki.","Highfield Sport 900-inspired boat appears on the GTA Fandom wiki as a Grand Theft Auto VI vehicle. The body style is given as Rigid inflatable boat. The vehicle type is given as motorboat. Grand Theft Auto VI has not released and Rockstar has published no list of its own, so this entry records what the wiki says and does not treat it as confirmed.","Body style: Rigid inflatable boat;Source: GTA Fandom wiki, via outlawdb","","","","COMMUNITY_IDENTIFIED","TIER_3_COMMUNITY","https://gta.fandom.com/wiki/Unnamed_GTA_VI_Highfield_Sport_900-inspired_boat","2026-09-13","LOW","NO","","gta 6 highfield sport 900-inspired boat;highfield sport 900-inspired boat gta 6","Data from outlawdb (https://outlawdb.com/en/gta-6/vehicles), derived from GTA Wiki, CC BY-SA 3.0."
"vehicle","Hitachi Rail-inspired train","","unnamed-hitachi-rail-inspired-train","","passengerrail","Hitachi Rail-inspired train is a vehicle listed for GTA 6 on the GTA Fandom wiki.","Hitachi Rail-inspired train appears on the GTA Fandom wiki as a Grand Theft Auto VI vehicle. The vehicle type is given as passengerrail. Grand Theft Auto VI has not released and Rockstar has published no list of its own, so this entry records what the wiki says and does not treat it as confirmed.","Source: GTA Fandom wiki, via outlawdb","","","","COMMUNITY_IDENTIFIED","TIER_3_COMMUNITY","https://gta.fandom.com/wiki/Unnamed_GTA_VI_Hitachi_Rail-inspired_train","2026-09-13","LOW","NO","","gta 6 hitachi rail-inspired train;hitachi rail-inspired train gta 6","Data from outlawdb (https://outlawdb.com/en/gta-6/vehicles), derived from GTA Wiki, CC BY-SA 3.0."
"vehicle","Honda Accord-inspired sedan","","unnamed-honda-accord-inspired-sedan","","4-door sedan","Honda Accord-inspired sedan is a vehicle listed for GTA 6 on the GTA Fandom wiki.","Honda Accord-inspired sedan appears on the GTA Fandom wiki as a Grand Theft Auto VI vehicle. The body style is given as 4-door sedan. The vehicle type is given as midsize. Grand Theft Auto VI has not released and Rockstar has published no list of its own, so this entry records what the wiki says and does not treat it as confirmed.","Body style: 4-door sedan;Source: GTA Fandom wiki, via outlawdb","","","","COMMUNITY_IDENTIFIED","TIER_3_COMMUNITY","https://gta.fandom.com/wiki/Unnamed_GTA_VI_Honda_Accord-inspired_sedan","2026-09-13","LOW","NO","","gta 6 honda accord-inspired sedan;honda accord-inspired sedan gta 6","Data from outlawdb (https://outlawdb.com/en/gta-6/vehicles), derived from GTA Wiki, CC BY-SA 3.0."
"vehicle","Horizon PC60-inspired yacht","","unnamed-horizon-pc60-inspired-yacht","","Catamaran","Horizon PC60-inspired yacht is a vehicle listed for GTA 6 on the GTA Fandom wiki.","Horizon PC60-inspired yacht appears on the GTA Fandom wiki as a Grand Theft Auto VI vehicle. The body style is given as Catamaran. The vehicle type is given as yacht. Grand Theft Auto VI has not released and Rockstar has published no list of its own, so this entry records what the wiki says and does not treat it as confirmed.","Body style: Catamaran;Source: GTA Fandom wiki, via outlawdb","","","","COMMUNITY_IDENTIFIED","TIER_3_COMMUNITY","https://gta.fandom.com/wiki/Unnamed_GTA_VI_Horizon_PC60-inspired_yacht","2026-09-13","LOW","NO","","gta 6 horizon pc60-inspired yacht;horizon pc60-inspired yacht gta 6","Data from outlawdb (https://outlawdb.com/en/gta-6/vehicles), derived from GTA Wiki, CC BY-SA 3.0."
"vehicle","Impaler LX donked-out car","","unnamed-impaler-lx-donked-out-car","","4-door hi-riser sedan","Impaler LX donked-out car is a vehicle listed for GTA 6 on the GTA Fandom wiki, made in game by Declasse.","Impaler LX donked-out car appears on the GTA Fandom wiki as a Grand Theft Auto VI vehicle. The in-game manufacturer is given as Declasse. Grand Theft Auto uses invented car brands, so Declasse is not a real company. The body style is given as 4-door hi-riser sedan. The vehicle type is given as fullsize. Grand Theft Auto VI has not released and Rockstar has published no list of its own, so this entry records what the wiki says and does not treat it as confirmed.","Manufacturer: Declasse;Body style: 4-door hi-riser sedan;Source: GTA Fandom wiki, via outlawdb","","","","COMMUNITY_IDENTIFIED","TIER_3_COMMUNITY","https://gta.fandom.com/wiki/Unnamed_GTA_VI_Impaler_LX_donked-out_car","2026-09-13","LOW","NO","Declasse","gta 6 impaler lx donked-out car;impaler lx donked-out car gta 6;gta 6 declasse","Data from outlawdb (https://outlawdb.com/en/gta-6/vehicles), derived from GTA Wiki, CC BY-SA 3.0."
"vehicle","Isuzu Elf-inspired truck","","unnamed-isuzu-elf-inspired-truck","","mediumtruck","Isuzu Elf-inspired truck is a vehicle listed for GTA 6 on the GTA Fandom wiki.","Isuzu Elf-inspired truck appears on the GTA Fandom wiki as a Grand Theft Auto VI vehicle. The vehicle type is given as mediumtruck. Grand Theft Auto VI has not released and Rockstar has published no list of its own, so this entry records what the wiki says and does not treat it as confirmed.","Source: GTA Fandom wiki, via outlawdb","","","","COMMUNITY_IDENTIFIED","TIER_3_COMMUNITY","https://gta.fandom.com/wiki/Unnamed_GTA_VI_Isuzu_Elf-inspired_truck","2026-09-13","LOW","NO","","gta 6 isuzu elf-inspired truck;isuzu elf-inspired truck gta 6","Data from outlawdb (https://outlawdb.com/en/gta-6/vehicles), derived from GTA Wiki, CC BY-SA 3.0."
"vehicle","Jet ski trailer","","unnamed-jet-ski-trailer","","Boat trailer","Jet ski trailer is a vehicle listed for GTA 6 on the GTA Fandom wiki.","Jet ski trailer appears on the GTA Fandom wiki as a Grand Theft Auto VI vehicle. The body style is given as Boat trailer. The vehicle type is given as lighttrailer. Grand Theft Auto VI has not released and Rockstar has published no list of its own, so this entry records what the wiki says and does not treat it as confirmed.","Body style: Boat trailer;Source: GTA Fandom wiki, via outlawdb","","","","COMMUNITY_IDENTIFIED","TIER_3_COMMUNITY","https://gta.fandom.com/wiki/Unnamed_GTA_VI_jet_ski_trailer","2026-09-13","LOW","NO","","gta 6 jet ski trailer;jet ski trailer gta 6","Data from outlawdb (https://outlawdb.com/en/gta-6/vehicles), derived from GTA Wiki, CC BY-SA 3.0."
"vehicle","Lure Predator boat","","unnamed-lure-predator-boat","","Bay boat","Lure Predator boat is a vehicle listed for GTA 6 on the GTA Fandom wiki, made in game by Lure Predator.","Lure Predator boat appears on the GTA Fandom wiki as a Grand Theft Auto VI vehicle. The in-game manufacturer is given as Lure Predator. Grand Theft Auto uses invented car brands, so Lure Predator is not a real company. The body style is given as Bay boat. The vehicle type is given as motorboat. Grand Theft Auto VI has not released and Rockstar has published no list of its own, so this entry records what the wiki says and does not treat it as confirmed.","Manufacturer: Lure Predator;Body style: Bay boat;Source: GTA Fandom wiki, via outlawdb","","","","COMMUNITY_IDENTIFIED","TIER_3_COMMUNITY","https://gta.fandom.com/wiki/Unnamed_GTA_VI_Lure_Predator_boat","2026-09-13","LOW","NO","Lure Predator","gta 6 lure predator boat;lure predator boat gta 6;gta 6 lure predator","Data from outlawdb (https://outlawdb.com/en/gta-6/vehicles), derived from GTA Wiki, CC BY-SA 3.0."
"vehicle","Lürssen 73m Coral Ocean-inspired yacht","","unnamed-lurssen-73m-coral-ocean-inspired-yacht","","Superyacht","Lürssen 73m Coral Ocean-inspired yacht is a vehicle listed for GTA 6 on the GTA Fandom wiki.","Lürssen 73m Coral Ocean-inspired yacht appears on the GTA Fandom wiki as a Grand Theft Auto VI vehicle. The body style is given as Superyacht. The vehicle type is given as yacht. Grand Theft Auto VI has not released and Rockstar has published no list of its own, so this entry records what the wiki says and does not treat it as confirmed.","Body style: Superyacht;Source: GTA Fandom wiki, via outlawdb","","","","COMMUNITY_IDENTIFIED","TIER_3_COMMUNITY","https://gta.fandom.com/wiki/Unnamed_GTA_VI_L%C3%BCrssen_73m_Coral_Ocean-inspired_yacht","2026-09-13","LOW","NO","","gta 6 lürssen 73m coral ocean-inspired yacht;lürssen 73m coral ocean-inspired yacht gta 6","Data from outlawdb (https://outlawdb.com/en/gta-6/vehicles), derived from GTA Wiki, CC BY-SA 3.0."
"vehicle","Mercedes-Benz Sprinter-inspired van","","unnamed-mercedes-benz-sprinter-inspired-van","","Passenger van","Mercedes-Benz Sprinter-inspired van is a vehicle listed for GTA 6 on the GTA Fandom wiki.","Mercedes-Benz Sprinter-inspired van appears on the GTA Fandom wiki as a Grand Theft Auto VI vehicle. The body style is given as Passenger van. The vehicle type is given as lighttruck. Grand Theft Auto VI has not released and Rockstar has published no list of its own, so this entry records what the wiki says and does not treat it as confirmed.","Body style: Passenger van;Source: GTA Fandom wiki, via outlawdb","","","","COMMUNITY_IDENTIFIED","TIER_3_COMMUNITY","https://gta.fandom.com/wiki/Unnamed_GTA_VI_Mercedes-Benz_Sprinter-inspired_van","2026-09-13","LOW","NO","","gta 6 mercedes-benz sprinter-inspired van;mercedes-benz sprinter-inspired van gta 6","Data from outlawdb (https://outlawdb.com/en/gta-6/vehicles), derived from GTA Wiki, CC BY-SA 3.0."
"vehicle","Mercedes-Benz W211-inspired saloon","","unnamed-mercedes-benz-w211-inspired-saloon","","4-door saloon","Mercedes-Benz W211-inspired saloon is a vehicle listed for GTA 6 on the GTA Fandom wiki.","Mercedes-Benz W211-inspired saloon appears on the GTA Fandom wiki as a Grand Theft Auto VI vehicle. The body style is given as 4-door saloon. The vehicle type is given as fullsize. Grand Theft Auto VI has not released and Rockstar has published no list of its own, so this entry records what the wiki says and does not treat it as confirmed.","Body style: 4-door saloon;Source: GTA Fandom wiki, via outlawdb","","","","COMMUNITY_IDENTIFIED","TIER_3_COMMUNITY","https://gta.fandom.com/wiki/Unnamed_GTA_VI_Mercedes-Benz_W211-inspired_saloon","2026-09-13","LOW","NO","","gta 6 mercedes-benz w211-inspired saloon;mercedes-benz w211-inspired saloon gta 6","Data from outlawdb (https://outlawdb.com/en/gta-6/vehicles), derived from GTA Wiki, CC BY-SA 3.0."
"vehicle","Mercury Cougar-inspired car","","unnamed-mercury-cougar-inspired-car","","2-door coupe","Mercury Cougar-inspired car is a vehicle listed for GTA 6 on the GTA Fandom wiki.","Mercury Cougar-inspired car appears on the GTA Fandom wiki as a Grand Theft Auto VI vehicle. The body style is given as 2-door coupe. The vehicle type is given as muscle. Grand Theft Auto VI has not released and Rockstar has published no list of its own, so this entry records what the wiki says and does not treat it as confirmed.","Body style: 2-door coupe;Source: GTA Fandom wiki, via outlawdb","","","","COMMUNITY_IDENTIFIED","TIER_3_COMMUNITY","https://gta.fandom.com/wiki/Unnamed_GTA_VI_Mercury_Cougar-inspired_car","2026-09-13","LOW","NO","","gta 6 mercury cougar-inspired car;mercury cougar-inspired car gta 6","Data from outlawdb (https://outlawdb.com/en/gta-6/vehicles), derived from GTA Wiki, CC BY-SA 3.0."
"vehicle","Mobility scooter","","unnamed-mobility-scooter","","Mobility scooter","Mobility scooter is a vehicle listed for GTA 6 on the GTA Fandom wiki.","Mobility scooter appears on the GTA Fandom wiki as a Grand Theft Auto VI vehicle. The body style is given as Mobility scooter. The vehicle type is given as mobility. It seats 1. Grand Theft Auto VI has not released and Rockstar has published no list of its own, so this entry records what the wiki says and does not treat it as confirmed.","Body style: Mobility scooter;Seats: 1;Source: GTA Fandom wiki, via outlawdb","","","","COMMUNITY_IDENTIFIED","TIER_3_COMMUNITY","https://gta.fandom.com/wiki/Unnamed_GTA_VI_mobility_scooter","2026-09-13","LOW","NO","","gta 6 mobility scooter;mobility scooter gta 6","Data from outlawdb (https://outlawdb.com/en/gta-6/vehicles), derived from GTA Wiki, CC BY-SA 3.0."
"vehicle","New Flyer Xcelsior-inspired bus","","unnamed-new-flyer-xcelsior-inspired-bus","","Low-floor single-decker bus","New Flyer Xcelsior-inspired bus is a vehicle listed for GTA 6 on the GTA Fandom wiki.","New Flyer Xcelsior-inspired bus appears on the GTA Fandom wiki as a Grand Theft Auto VI vehicle. The body style is given as Low-floor single-decker bus. The vehicle type is given as transitbus. Grand Theft Auto VI has not released and Rockstar has published no list of its own, so this entry records what the wiki says and does not treat it as confirmed.","Body style: Low-floor single-decker bus;Source: GTA Fandom wiki, via outlawdb","","","","COMMUNITY_IDENTIFIED","TIER_3_COMMUNITY","https://gta.fandom.com/wiki/Unnamed_GTA_VI_New_Flyer_Xcelsior-inspired_bus","2026-09-13","LOW","NO","","gta 6 new flyer xcelsior-inspired bus;new flyer xcelsior-inspired bus gta 6","Data from outlawdb (https://outlawdb.com/en/gta-6/vehicles), derived from GTA Wiki, CC BY-SA 3.0."
"vehicle","Obey saloon","","unnamed-obey-saloon","","4-door saloon","Obey saloon is a vehicle listed for GTA 6 on the GTA Fandom wiki, made in game by Obey.","Obey saloon appears on the GTA Fandom wiki as a Grand Theft Auto VI vehicle. The in-game manufacturer is given as Obey. Grand Theft Auto uses invented car brands, so Obey is not a real company. The body style is given as 4-door saloon. The vehicle type is given as fullsize. Grand Theft Auto VI has not released and Rockstar has published no list of its own, so this entry records what the wiki says and does not treat it as confirmed.","Manufacturer: Obey;Body style: 4-door saloon;Source: GTA Fandom wiki, via outlawdb","","","","COMMUNITY_IDENTIFIED","TIER_3_COMMUNITY","https://gta.fandom.com/wiki/Unnamed_GTA_VI_Obey_saloon","2026-09-13","LOW","NO","Obey","gta 6 obey saloon;obey saloon gta 6;gta 6 obey","Data from outlawdb (https://outlawdb.com/en/gta-6/vehicles), derived from GTA Wiki, CC BY-SA 3.0."
"vehicle","Offshore supply ship","","unnamed-offshore-supply-ship","","Offshore supply ship","Offshore supply ship is a vehicle listed for GTA 6 on the GTA Fandom wiki.","Offshore supply ship appears on the GTA Fandom wiki as a Grand Theft Auto VI vehicle. The body style is given as Offshore supply ship. The vehicle type is given as ship. Grand Theft Auto VI has not released and Rockstar has published no list of its own, so this entry records what the wiki says and does not treat it as confirmed.","Body style: Offshore supply ship;Source: GTA Fandom wiki, via outlawdb","","","","COMMUNITY_IDENTIFIED","TIER_3_COMMUNITY","https://gta.fandom.com/wiki/Unnamed_GTA_VI_offshore_supply_ship","2026-09-13","LOW","NO","","gta 6 offshore supply ship;offshore supply ship gta 6","Data from outlawdb (https://outlawdb.com/en/gta-6/vehicles), derived from GTA Wiki, CC BY-SA 3.0."
"vehicle","Panther-inspired airboat","","unnamed-panther-inspired-airboat","","Airboat","Panther-inspired airboat is a vehicle listed for GTA 6 on the GTA Fandom wiki.","Panther-inspired airboat appears on the GTA Fandom wiki as a Grand Theft Auto VI vehicle. The body style is given as Airboat. The vehicle type is given as motorboat. Grand Theft Auto VI has not released and Rockstar has published no list of its own, so this entry records what the wiki says and does not treat it as confirmed.","Body style: Airboat;Source: GTA Fandom wiki, via outlawdb","","","","COMMUNITY_IDENTIFIED","TIER_3_COMMUNITY","https://gta.fandom.com/wiki/Unnamed_GTA_VI_Panther-inspired_airboat","2026-09-13","LOW","NO","","gta 6 panther-inspired airboat;panther-inspired airboat gta 6","Data from outlawdb (https://outlawdb.com/en/gta-6/vehicles), derived from GTA Wiki, CC BY-SA 3.0."
"vehicle","Panther-inspired POACH airboat","","unnamed-panther-inspired-poach-airboat","","Airboat","Panther-inspired POACH airboat is a vehicle listed for GTA 6 on the GTA Fandom wiki.","Panther-inspired POACH airboat appears on the GTA Fandom wiki as a Grand Theft Auto VI vehicle. The body style is given as Airboat. The vehicle type is given as motorboat. Grand Theft Auto VI has not released and Rockstar has published no list of its own, so this entry records what the wiki says and does not treat it as confirmed.","Body style: Airboat;Source: GTA Fandom wiki, via outlawdb","","","","COMMUNITY_IDENTIFIED","TIER_3_COMMUNITY","https://gta.fandom.com/wiki/Unnamed_GTA_VI_Panther-inspired_POACH_airboat","2026-09-13","LOW","NO","","gta 6 panther-inspired poach airboat;panther-inspired poach airboat gta 6","Data from outlawdb (https://outlawdb.com/en/gta-6/vehicles), derived from GTA Wiki, CC BY-SA 3.0."
"vehicle","Pegassi sports car","","unnamed-pegassi-sports-car","","2-door coupé","Pegassi sports car is a vehicle listed for GTA 6 on the GTA Fandom wiki, made in game by Pegassi.","Pegassi sports car appears on the GTA Fandom wiki as a Grand Theft Auto VI vehicle. The in-game manufacturer is given as Pegassi. Grand Theft Auto uses invented car brands, so Pegassi is not a real company. The body style is given as 2-door coupé. The vehicle type is given as supercar. Grand Theft Auto VI has not released and Rockstar has published no list of its own, so this entry records what the wiki says and does not treat it as confirmed.","Manufacturer: Pegassi;Body style: 2-door coupé;Source: GTA Fandom wiki, via outlawdb","","","","COMMUNITY_IDENTIFIED","TIER_3_COMMUNITY","https://gta.fandom.com/wiki/Unnamed_GTA_VI_Pegassi_sports_car","2026-09-13","LOW","NO","Pegassi","gta 6 pegassi sports car;pegassi sports car gta 6;gta 6 pegassi","Data from outlawdb (https://outlawdb.com/en/gta-6/vehicles), derived from GTA Wiki, CC BY-SA 3.0."
"vehicle","Ram ProMaster-inspired van","","unnamed-ram-promaster-inspired-van","","Cargo van","Ram ProMaster-inspired van is a vehicle listed for GTA 6 on the GTA Fandom wiki.","Ram ProMaster-inspired van appears on the GTA Fandom wiki as a Grand Theft Auto VI vehicle. The body style is given as Cargo van. The vehicle type is given as lighttruck. Grand Theft Auto VI has not released and Rockstar has published no list of its own, so this entry records what the wiki says and does not treat it as confirmed.","Body style: Cargo van;Source: GTA Fandom wiki, via outlawdb","","","","COMMUNITY_IDENTIFIED","TIER_3_COMMUNITY","https://gta.fandom.com/wiki/Unnamed_GTA_VI_Ram_ProMaster-inspired_van","2026-09-13","LOW","NO","","gta 6 ram promaster-inspired van;ram promaster-inspired van gta 6","Data from outlawdb (https://outlawdb.com/en/gta-6/vehicles), derived from GTA Wiki, CC BY-SA 3.0."
"vehicle","RB-S II-inspired coast guard boat","","unnamed-rb-s-ii-inspired-coast-guard-boat","","Response boat","RB-S II-inspired coast guard boat is a vehicle listed for GTA 6 on the GTA Fandom wiki.","RB-S II-inspired coast guard boat appears on the GTA Fandom wiki as a Grand Theft Auto VI vehicle. The body style is given as Response boat. The vehicle type is given as motorboat. Grand Theft Auto VI has not released and Rockstar has published no list of its own, so this entry records what the wiki says and does not treat it as confirmed.","Body style: Response boat;Source: GTA Fandom wiki, via outlawdb","","","","COMMUNITY_IDENTIFIED","TIER_3_COMMUNITY","https://gta.fandom.com/wiki/Unnamed_GTA_VI_RB-S_II-inspired_coast_guard_boat","2026-09-13","LOW","NO","","gta 6 rb-s ii-inspired coast guard boat;rb-s ii-inspired coast guard boat gta 6","Data from outlawdb (https://outlawdb.com/en/gta-6/vehicles), derived from GTA Wiki, CC BY-SA 3.0."
"vehicle","RB-S-inspired boat","","unnamed-rb-s-inspired-boat","","Response boat","RB-S-inspired boat is a vehicle listed for GTA 6 on the GTA Fandom wiki.","RB-S-inspired boat appears on the GTA Fandom wiki as a Grand Theft Auto VI vehicle. The body style is given as Response boat. The vehicle type is given as motorboat. Grand Theft Auto VI has not released and Rockstar has published no list of its own, so this entry records what the wiki says and does not treat it as confirmed.","Body style: Response boat;Source: GTA Fandom wiki, via outlawdb","","","","COMMUNITY_IDENTIFIED","TIER_3_COMMUNITY","https://gta.fandom.com/wiki/Unnamed_GTA_VI_RB-S-inspired_boat","2026-09-13","LOW","NO","","gta 6 rb-s-inspired boat;rb-s-inspired boat gta 6","Data from outlawdb (https://outlawdb.com/en/gta-6/vehicles), derived from GTA Wiki, CC BY-SA 3.0."
"vehicle","Riva 86 Domino-inspired yacht","","unnamed-riva-86-domino-inspired-yacht","","Superyacht","Riva 86 Domino-inspired yacht is a vehicle listed for GTA 6 on the GTA Fandom wiki.","Riva 86 Domino-inspired yacht appears on the GTA Fandom wiki as a Grand Theft Auto VI vehicle. The body style is given as Superyacht. The vehicle type is given as yacht. Grand Theft Auto VI has not released and Rockstar has published no list of its own, so this entry records what the wiki says and does not treat it as confirmed.","Body style: Superyacht;Source: GTA Fandom wiki, via outlawdb","","","","COMMUNITY_IDENTIFIED","TIER_3_COMMUNITY","https://gta.fandom.com/wiki/Unnamed_GTA_VI_Riva_86_Domino-inspired_yacht","2026-09-13","LOW","NO","","gta 6 riva 86 domino-inspired yacht;riva 86 domino-inspired yacht gta 6","Data from outlawdb (https://outlawdb.com/en/gta-6/vehicles), derived from GTA Wiki, CC BY-SA 3.0."
"vehicle","Rolls-Royce-inspired cabriolet","","unnamed-rolls-royce-inspired-cabriolet","","2-door cabriolet","Rolls-Royce-inspired cabriolet is a vehicle listed for GTA 6 on the GTA Fandom wiki.","Rolls-Royce-inspired cabriolet appears on the GTA Fandom wiki as a Grand Theft Auto VI vehicle. The body style is given as 2-door cabriolet. The vehicle type is given as grandtourer. Grand Theft Auto VI has not released and Rockstar has published no list of its own, so this entry records what the wiki says and does not treat it as confirmed.","Body style: 2-door cabriolet;Source: GTA Fandom wiki, via outlawdb","","","","COMMUNITY_IDENTIFIED","TIER_3_COMMUNITY","https://gta.fandom.com/wiki/Unnamed_GTA_VI_Rolls-Royce-inspired_cabriolet","2026-09-13","LOW","NO","","gta 6 rolls-royce-inspired cabriolet;rolls-royce-inspired cabriolet gta 6","Data from outlawdb (https://outlawdb.com/en/gta-6/vehicles), derived from GTA Wiki, CC BY-SA 3.0."
"vehicle","Sailing yacht","","unnamed-sailing-yacht","","Sailboat","Sailing yacht is a vehicle listed for GTA 6 on the GTA Fandom wiki.","Sailing yacht appears on the GTA Fandom wiki as a Grand Theft Auto VI vehicle. The body style is given as Sailboat. The vehicle type is given as yacht. Grand Theft Auto VI has not released and Rockstar has published no list of its own, so this entry records what the wiki says and does not treat it as confirmed.","Body style: Sailboat;Source: GTA Fandom wiki, via outlawdb","","","","COMMUNITY_IDENTIFIED","TIER_3_COMMUNITY","https://gta.fandom.com/wiki/Unnamed_GTA_VI_sailing_yacht","2026-09-13","LOW","NO","","gta 6 sailing yacht;sailing yacht gta 6","Data from outlawdb (https://outlawdb.com/en/gta-6/vehicles), derived from GTA Wiki, CC BY-SA 3.0."
"vehicle","Sea-Doo RXT-X 300-inspired boat","","unnamed-sea-doo-rxt-x-300-inspired-boat","","Jet ski","Sea-Doo RXT-X 300-inspired boat is a vehicle listed for GTA 6 on the GTA Fandom wiki.","Sea-Doo RXT-X 300-inspired boat appears on the GTA Fandom wiki as a Grand Theft Auto VI vehicle. The body style is given as Jet ski. The vehicle type is given as motorboat. Grand Theft Auto VI has not released and Rockstar has published no list of its own, so this entry records what the wiki says and does not treat it as confirmed.","Body style: Jet ski;Source: GTA Fandom wiki, via outlawdb","","","","COMMUNITY_IDENTIFIED","TIER_3_COMMUNITY","https://gta.fandom.com/wiki/Unnamed_GTA_VI_Sea-Doo_RXT-X_300-inspired_boat","2026-09-13","LOW","NO","","gta 6 sea-doo rxt-x 300-inspired boat;sea-doo rxt-x 300-inspired boat gta 6","Data from outlawdb (https://outlawdb.com/en/gta-6/vehicles), derived from GTA Wiki, CC BY-SA 3.0."
"vehicle","Sea Ray 350 Sundancer-inspired boat","","unnamed-sea-ray-350-sundancer-inspired-boat","","Cabin cruiser","Sea Ray 350 Sundancer-inspired boat is a vehicle listed for GTA 6 on the GTA Fandom wiki.","Sea Ray 350 Sundancer-inspired boat appears on the GTA Fandom wiki as a Grand Theft Auto VI vehicle. The body style is given as Cabin cruiser. The vehicle type is given as motorboat. Grand Theft Auto VI has not released and Rockstar has published no list of its own, so this entry records what the wiki says and does not treat it as confirmed.","Body style: Cabin cruiser;Source: GTA Fandom wiki, via outlawdb","","","","COMMUNITY_IDENTIFIED","TIER_3_COMMUNITY","https://gta.fandom.com/wiki/Unnamed_GTA_VI_Sea_Ray_350_Sundancer-inspired_boat","2026-09-13","LOW","NO","","gta 6 sea ray 350 sundancer-inspired boat;sea ray 350 sundancer-inspired boat gta 6","Data from outlawdb (https://outlawdb.com/en/gta-6/vehicles), derived from GTA Wiki, CC BY-SA 3.0."
"vehicle","Self-propelled barge","","unnamed-self-propelled-barge","","Self-propelled barge","Self-propelled barge is a vehicle listed for GTA 6 on the GTA Fandom wiki.","Self-propelled barge appears on the GTA Fandom wiki as a Grand Theft Auto VI vehicle. The body style is given as Self-propelled barge. The vehicle type is given as motorboat. Grand Theft Auto VI has not released and Rockstar has published no list of its own, so this entry records what the wiki says and does not treat it as confirmed.","Body style: Self-propelled barge;Source: GTA Fandom wiki, via outlawdb","","","","COMMUNITY_IDENTIFIED","TIER_3_COMMUNITY","https://gta.fandom.com/wiki/Unnamed_GTA_VI_self-propelled_barge","2026-09-13","LOW","NO","","gta 6 self-propelled barge;self-propelled barge gta 6","Data from outlawdb (https://outlawdb.com/en/gta-6/vehicles), derived from GTA Wiki, CC BY-SA 3.0."
"vehicle","Sentinel Classic cabriolet","","unnamed-sentinel-classic-cabriolet","","2-door cabriolet","Sentinel Classic cabriolet is a vehicle listed for GTA 6 on the GTA Fandom wiki, made in game by Übermacht.","Sentinel Classic cabriolet appears on the GTA Fandom wiki as a Grand Theft Auto VI vehicle. The in-game manufacturer is given as Übermacht. Grand Theft Auto uses invented car brands, so Übermacht is not a real company. The body style is given as 2-door cabriolet. The vehicle type is given as sports. Grand Theft Auto VI has not released and Rockstar has published no list of its own, so this entry records what the wiki says and does not treat it as confirmed.","Manufacturer: Übermacht;Body style: 2-door cabriolet;Source: GTA Fandom wiki, via outlawdb","","","","COMMUNITY_IDENTIFIED","TIER_3_COMMUNITY","https://gta.fandom.com/wiki/Unnamed_GTA_VI_Sentinel_Classic_cabriolet","2026-09-13","LOW","NO","Übermacht","gta 6 sentinel classic cabriolet;sentinel classic cabriolet gta 6;gta 6 übermacht","Data from outlawdb (https://outlawdb.com/en/gta-6/vehicles), derived from GTA Wiki, CC BY-SA 3.0."
"vehicle","SERA minivan","","unnamed-sera-minivan","","Minivan","SERA minivan is a vehicle listed for GTA 6 on the GTA Fandom wiki.","SERA minivan appears on the GTA Fandom wiki as a Grand Theft Auto VI vehicle. The body style is given as Minivan. The vehicle type is given as lighttruck. Grand Theft Auto VI has not released and Rockstar has published no list of its own, so this entry records what the wiki says and does not treat it as confirmed.","Body style: Minivan;Source: GTA Fandom wiki, via outlawdb","","","","COMMUNITY_IDENTIFIED","TIER_3_COMMUNITY","https://gta.fandom.com/wiki/Unnamed_GTA_VI_SERA_minivan","2026-09-13","LOW","NO","","gta 6 sera minivan;sera minivan gta 6","Data from outlawdb (https://outlawdb.com/en/gta-6/vehicles), derived from GTA Wiki, CC BY-SA 3.0."
"vehicle","Shrimp boat","","unnamed-shrimp-boat","","Fishing boat","Shrimp boat is a vehicle listed for GTA 6 on the GTA Fandom wiki.","Shrimp boat appears on the GTA Fandom wiki as a Grand Theft Auto VI vehicle. The body style is given as Fishing boat. The vehicle type is given as motorboat. Grand Theft Auto VI has not released and Rockstar has published no list of its own, so this entry records what the wiki says and does not treat it as confirmed.","Body style: Fishing boat;Source: GTA Fandom wiki, via outlawdb","","","","COMMUNITY_IDENTIFIED","TIER_3_COMMUNITY","https://gta.fandom.com/wiki/Unnamed_GTA_VI_shrimp_boat","2026-09-13","LOW","NO","","gta 6 shrimp boat;shrimp boat gta 6","Data from outlawdb (https://outlawdb.com/en/gta-6/vehicles), derived from GTA Wiki, CC BY-SA 3.0."
"vehicle","Skater 388-inspired boat","","unnamed-skater-388-inspired-boat","","Catamaran power boat","Skater 388-inspired boat is a vehicle listed for GTA 6 on the GTA Fandom wiki.","Skater 388-inspired boat appears on the GTA Fandom wiki as a Grand Theft Auto VI vehicle. The body style is given as Catamaran power boat. The vehicle type is given as motorboat. Grand Theft Auto VI has not released and Rockstar has published no list of its own, so this entry records what the wiki says and does not treat it as confirmed.","Body style: Catamaran power boat;Source: GTA Fandom wiki, via outlawdb","","","","COMMUNITY_IDENTIFIED","TIER_3_COMMUNITY","https://gta.fandom.com/wiki/Unnamed_GTA_VI_Skater_388-inspired_boat","2026-09-13","LOW","NO","","gta 6 skater 388-inspired boat;skater 388-inspired boat gta 6","Data from outlawdb (https://outlawdb.com/en/gta-6/vehicles), derived from GTA Wiki, CC BY-SA 3.0."
"vehicle","Sovereign stock motorcycle","","unnamed-sovereign-stock-motorcycle","","Touring bike","Sovereign stock motorcycle is a vehicle listed for GTA 6 on the GTA Fandom wiki, made in game by Western Motorcycle Company.","Sovereign stock motorcycle appears on the GTA Fandom wiki as a Grand Theft Auto VI vehicle. The in-game manufacturer is given as Western Motorcycle Company. Grand Theft Auto uses invented car brands, so Western Motorcycle Company is not a real company. The body style is given as Touring bike. The vehicle type is given as streetbike. Grand Theft Auto VI has not released and Rockstar has published no list of its own, so this entry records what the wiki says and does not treat it as confirmed.","Manufacturer: Western Motorcycle Company;Body style: Touring bike;Source: GTA Fandom wiki, via outlawdb","","","","COMMUNITY_IDENTIFIED","TIER_3_COMMUNITY","https://gta.fandom.com/wiki/Unnamed_GTA_VI_Sovereign_stock_motorcycle","2026-09-13","LOW","NO","Western Motorcycle Company","gta 6 sovereign stock motorcycle;sovereign stock motorcycle gta 6;gta 6 western motorcycle company","Data from outlawdb (https://outlawdb.com/en/gta-6/vehicles), derived from GTA Wiki, CC BY-SA 3.0."
"vehicle","Sports bike","","unnamed-sports-bike","","Sports bike","Sports bike is a vehicle listed for GTA 6 on the GTA Fandom wiki.","Sports bike appears on the GTA Fandom wiki as a Grand Theft Auto VI vehicle. The body style is given as Sports bike. The vehicle type is given as streetbike. Grand Theft Auto VI has not released and Rockstar has published no list of its own, so this entry records what the wiki says and does not treat it as confirmed.","Body style: Sports bike;Source: GTA Fandom wiki, via outlawdb","","","","COMMUNITY_IDENTIFIED","TIER_3_COMMUNITY","https://gta.fandom.com/wiki/Unnamed_GTA_VI_sports_bike","2026-09-13","LOW","NO","","gta 6 sports bike;sports bike gta 6","Data from outlawdb (https://outlawdb.com/en/gta-6/vehicles), derived from GTA Wiki, CC BY-SA 3.0."
"vehicle","Sports car","","unnamed-sports-car","","2-door coupe","Sports car is a vehicle listed for GTA 6 on the GTA Fandom wiki.","Sports car appears on the GTA Fandom wiki as a Grand Theft Auto VI vehicle. The body style is given as 2-door coupe. The vehicle type is given as sports. Grand Theft Auto VI has not released and Rockstar has published no list of its own, so this entry records what the wiki says and does not treat it as confirmed.","Body style: 2-door coupe;Source: GTA Fandom wiki, via outlawdb","","","","COMMUNITY_IDENTIFIED","TIER_3_COMMUNITY","https://gta.fandom.com/wiki/Unnamed_GTA_VI_sports_car","2026-09-13","LOW","NO","","gta 6 sports car;sports car gta 6","Data from outlawdb (https://outlawdb.com/en/gta-6/vehicles), derived from GTA Wiki, CC BY-SA 3.0."
"vehicle","Swamp buggy","","unnamed-swamp-buggy","","Open-top truck","Swamp buggy is a vehicle listed for GTA 6 on the GTA Fandom wiki.","Swamp buggy appears on the GTA Fandom wiki as a Grand Theft Auto VI vehicle. The body style is given as Open-top truck. The vehicle type is given as lighttruck. Grand Theft Auto VI has not released and Rockstar has published no list of its own, so this entry records what the wiki says and does not treat it as confirmed.","Body style: Open-top truck;Source: GTA Fandom wiki, via outlawdb","","","","COMMUNITY_IDENTIFIED","TIER_3_COMMUNITY","https://gta.fandom.com/wiki/Unnamed_GTA_VI_swamp_buggy","2026-09-13","LOW","NO","","gta 6 swamp buggy;swamp buggy gta 6","Data from outlawdb (https://outlawdb.com/en/gta-6/vehicles), derived from GTA Wiki, CC BY-SA 3.0."
"vehicle","Tethered Aerostat Radar System-inspired aircraft","","unnamed-tethered-aerostat-radar-system-inspired-aircraft","","Aerostat balloon","Tethered Aerostat Radar System-inspired aircraft is a vehicle listed for GTA 6 on the GTA Fandom wiki.","Tethered Aerostat Radar System-inspired aircraft appears on the GTA Fandom wiki as a Grand Theft Auto VI vehicle. The body style is given as Aerostat balloon. The vehicle type is given as airship. Grand Theft Auto VI has not released and Rockstar has published no list of its own, so this entry records what the wiki says and does not treat it as confirmed.","Body style: Aerostat balloon;Source: GTA Fandom wiki, via outlawdb","","","","COMMUNITY_IDENTIFIED","TIER_3_COMMUNITY","https://gta.fandom.com/wiki/Unnamed_GTA_VI_Tethered_Aerostat_Radar_System-inspired_aircraft","2026-09-13","LOW","NO","","gta 6 tethered aerostat radar system-inspired aircraft;tethered aerostat radar system-inspired aircraft gta 6","Data from outlawdb (https://outlawdb.com/en/gta-6/vehicles), derived from GTA Wiki, CC BY-SA 3.0."
"vehicle","Toyota RAV4-inspired SUV","","unnamed-toyota-rav4-inspired-suv","","4-door SUV","Toyota RAV4-inspired SUV is a vehicle listed for GTA 6 on the GTA Fandom wiki.","Toyota RAV4-inspired SUV appears on the GTA Fandom wiki as a Grand Theft Auto VI vehicle. The body style is given as 4-door SUV. The vehicle type is given as lighttruck. Grand Theft Auto VI has not released and Rockstar has published no list of its own, so this entry records what the wiki says and does not treat it as confirmed.","Body style: 4-door SUV;Source: GTA Fandom wiki, via outlawdb","","","","COMMUNITY_IDENTIFIED","TIER_3_COMMUNITY","https://gta.fandom.com/wiki/Unnamed_GTA_VI_Toyota_RAV4-inspired_SUV","2026-09-13","LOW","NO","","gta 6 toyota rav4-inspired suv;toyota rav4-inspired suv gta 6","Data from outlawdb (https://outlawdb.com/en/gta-6/vehicles), derived from GTA Wiki, CC BY-SA 3.0."
"vehicle","Tractor unit","","unnamed-tractor-unit","","Tractor unit","Tractor unit is a vehicle listed for GTA 6 on the GTA Fandom wiki.","Tractor unit appears on the GTA Fandom wiki as a Grand Theft Auto VI vehicle. The body style is given as Tractor unit. The vehicle type is given as heavytruck. Grand Theft Auto VI has not released and Rockstar has published no list of its own, so this entry records what the wiki says and does not treat it as confirmed.","Body style: Tractor unit;Source: GTA Fandom wiki, via outlawdb","","","","COMMUNITY_IDENTIFIED","TIER_3_COMMUNITY","https://gta.fandom.com/wiki/Unnamed_GTA_VI_tractor_unit","2026-09-13","LOW","NO","","gta 6 tractor unit;tractor unit gta 6","Data from outlawdb (https://outlawdb.com/en/gta-6/vehicles), derived from GTA Wiki, CC BY-SA 3.0."
"vehicle","Tulip M-100 donked-out car","","unnamed-tulip-m-100-donked-out-car","","2-door hi-riser coupe","Tulip M-100 donked-out car is a vehicle listed for GTA 6 on the GTA Fandom wiki, made in game by Declasse.","Tulip M-100 donked-out car appears on the GTA Fandom wiki as a Grand Theft Auto VI vehicle. The in-game manufacturer is given as Declasse. Grand Theft Auto uses invented car brands, so Declasse is not a real company. The body style is given as 2-door hi-riser coupe. The vehicle type is given as midsize. Grand Theft Auto VI has not released and Rockstar has published no list of its own, so this entry records what the wiki says and does not treat it as confirmed.","Manufacturer: Declasse;Body style: 2-door hi-riser coupe;Source: GTA Fandom wiki, via outlawdb","","","","COMMUNITY_IDENTIFIED","TIER_3_COMMUNITY","https://gta.fandom.com/wiki/Unnamed_GTA_VI_Tulip_M-100_donked-out_car","2026-09-13","LOW","NO","Declasse","gta 6 tulip m-100 donked-out car;tulip m-100 donked-out car gta 6;gta 6 declasse","Data from outlawdb (https://outlawdb.com/en/gta-6/vehicles), derived from GTA Wiki, CC BY-SA 3.0."
"vehicle","Utility trailer","","unnamed-utility-trailer","","Utility trailer","Utility trailer is a vehicle listed for GTA 6 on the GTA Fandom wiki.","Utility trailer appears on the GTA Fandom wiki as a Grand Theft Auto VI vehicle. The body style is given as Utility trailer. The vehicle type is given as lighttrailer. Grand Theft Auto VI has not released and Rockstar has published no list of its own, so this entry records what the wiki says and does not treat it as confirmed.","Body style: Utility trailer;Source: GTA Fandom wiki, via outlawdb","","","","COMMUNITY_IDENTIFIED","TIER_3_COMMUNITY","https://gta.fandom.com/wiki/Unnamed_GTA_VI_utility_trailer","2026-09-13","LOW","NO","","gta 6 utility trailer;utility trailer gta 6","Data from outlawdb (https://outlawdb.com/en/gta-6/vehicles), derived from GTA Wiki, CC BY-SA 3.0."
"vehicle","Vapid cargo van","","unnamed-vapid-cargo-van","","Cargo van","Vapid cargo van is a vehicle listed for GTA 6 on the GTA Fandom wiki, made in game by Vapid.","Vapid cargo van appears on the GTA Fandom wiki as a Grand Theft Auto VI vehicle. The in-game manufacturer is given as Vapid. Grand Theft Auto uses invented car brands, so Vapid is not a real company. The body style is given as Cargo van. The vehicle type is given as lighttruck. Grand Theft Auto VI has not released and Rockstar has published no list of its own, so this entry records what the wiki says and does not treat it as confirmed.","Manufacturer: Vapid;Body style: Cargo van;Source: GTA Fandom wiki, via outlawdb","","","","COMMUNITY_IDENTIFIED","TIER_3_COMMUNITY","https://gta.fandom.com/wiki/Unnamed_GTA_VI_Vapid_cargo_van","2026-09-13","LOW","NO","Vapid","gta 6 vapid cargo van;vapid cargo van gta 6;gta 6 vapid","Data from outlawdb (https://outlawdb.com/en/gta-6/vehicles), derived from GTA Wiki, CC BY-SA 3.0."
"vehicle","Vapid donked-out car","","unnamed-vapid-donked-out-car","","4-door sedan","Vapid donked-out car is a vehicle listed for GTA 6 on the GTA Fandom wiki, made in game by Vapid.","Vapid donked-out car appears on the GTA Fandom wiki as a Grand Theft Auto VI vehicle. The in-game manufacturer is given as Vapid. Grand Theft Auto uses invented car brands, so Vapid is not a real company. The body style is given as 4-door sedan. The vehicle type is given as fullsize. Grand Theft Auto VI has not released and Rockstar has published no list of its own, so this entry records what the wiki says and does not treat it as confirmed.","Manufacturer: Vapid;Body style: 4-door sedan;Source: GTA Fandom wiki, via outlawdb","","","","COMMUNITY_IDENTIFIED","TIER_3_COMMUNITY","https://gta.fandom.com/wiki/Unnamed_GTA_VI_Vapid_donked-out_car","2026-09-13","LOW","NO","Vapid","gta 6 vapid donked-out car;vapid donked-out car gta 6;gta 6 vapid","Data from outlawdb (https://outlawdb.com/en/gta-6/vehicles), derived from GTA Wiki, CC BY-SA 3.0."
"vehicle","Vapid ghost police car","","unnamed-vapid-ghost-police-car","","4-door sedan","Vapid ghost police car is a vehicle listed for GTA 6 on the GTA Fandom wiki, made in game by Vapid.","Vapid ghost police car appears on the GTA Fandom wiki as a Grand Theft Auto VI vehicle. The in-game manufacturer is given as Vapid. Grand Theft Auto uses invented car brands, so Vapid is not a real company. The body style is given as 4-door sedan. The vehicle type is given as fullsize. Grand Theft Auto VI has not released and Rockstar has published no list of its own, so this entry records what the wiki says and does not treat it as confirmed.","Manufacturer: Vapid;Body style: 4-door sedan;Source: GTA Fandom wiki, via outlawdb","","","","COMMUNITY_IDENTIFIED","TIER_3_COMMUNITY","https://gta.fandom.com/wiki/Unnamed_GTA_VI_Vapid_ghost_police_car","2026-09-13","LOW","NO","Vapid","gta 6 vapid ghost police car;vapid ghost police car gta 6;gta 6 vapid","Data from outlawdb (https://outlawdb.com/en/gta-6/vehicles), derived from GTA Wiki, CC BY-SA 3.0."
"vehicle","Vapid passenger van","","unnamed-vapid-passenger-van","","Passenger van","Vapid passenger van is a vehicle listed for GTA 6 on the GTA Fandom wiki, made in game by Vapid.","Vapid passenger van appears on the GTA Fandom wiki as a Grand Theft Auto VI vehicle. The in-game manufacturer is given as Vapid. Grand Theft Auto uses invented car brands, so Vapid is not a real company. The body style is given as Passenger van. The vehicle type is given as lighttruck. Grand Theft Auto VI has not released and Rockstar has published no list of its own, so this entry records what the wiki says and does not treat it as confirmed.","Manufacturer: Vapid;Body style: Passenger van;Source: GTA Fandom wiki, via outlawdb","","","","COMMUNITY_IDENTIFIED","TIER_3_COMMUNITY","https://gta.fandom.com/wiki/Unnamed_GTA_VI_Vapid_passenger_van","2026-09-13","LOW","NO","Vapid","gta 6 vapid passenger van;vapid passenger van gta 6;gta 6 vapid","Data from outlawdb (https://outlawdb.com/en/gta-6/vehicles), derived from GTA Wiki, CC BY-SA 3.0."
"vehicle","Vapid police car","","unnamed-vapid-police-car","","4-door sedan","Vapid police car is a vehicle listed for GTA 6 on the GTA Fandom wiki, made in game by Vapid.","Vapid police car appears on the GTA Fandom wiki as a Grand Theft Auto VI vehicle. The in-game manufacturer is given as Vapid. Grand Theft Auto uses invented car brands, so Vapid is not a real company. The body style is given as 4-door sedan. The vehicle type is given as fullsize. Grand Theft Auto VI has not released and Rockstar has published no list of its own, so this entry records what the wiki says and does not treat it as confirmed.","Manufacturer: Vapid;Body style: 4-door sedan;Source: GTA Fandom wiki, via outlawdb","","","","COMMUNITY_IDENTIFIED","TIER_3_COMMUNITY","https://gta.fandom.com/wiki/Unnamed_GTA_VI_Vapid_police_car","2026-09-13","LOW","NO","Vapid","gta 6 vapid police car;vapid police car gta 6;gta 6 vapid","Data from outlawdb (https://outlawdb.com/en/gta-6/vehicles), derived from GTA Wiki, CC BY-SA 3.0."
"vehicle","Vapid police SUV","","unnamed-vapid-police-suv","","4-door SUV","Vapid police SUV is a vehicle listed for GTA 6 on the GTA Fandom wiki, made in game by Vapid.","Vapid police SUV appears on the GTA Fandom wiki as a Grand Theft Auto VI vehicle. The in-game manufacturer is given as Vapid. Grand Theft Auto uses invented car brands, so Vapid is not a real company. The body style is given as 4-door SUV. The vehicle type is given as lighttruck. Grand Theft Auto VI has not released and Rockstar has published no list of its own, so this entry records what the wiki says and does not treat it as confirmed.","Manufacturer: Vapid;Body style: 4-door SUV;Source: GTA Fandom wiki, via outlawdb","","","","COMMUNITY_IDENTIFIED","TIER_3_COMMUNITY","https://gta.fandom.com/wiki/Unnamed_GTA_VI_Vapid_police_SUV","2026-09-13","LOW","NO","Vapid","gta 6 vapid police suv;vapid police suv gta 6;gta 6 vapid","Data from outlawdb (https://outlawdb.com/en/gta-6/vehicles), derived from GTA Wiki, CC BY-SA 3.0."
"vehicle","Vapid sedan","","unnamed-vapid-sedan","","4-door sedan","Vapid sedan is a vehicle listed for GTA 6 on the GTA Fandom wiki, made in game by Vapid.","Vapid sedan appears on the GTA Fandom wiki as a Grand Theft Auto VI vehicle. The in-game manufacturer is given as Vapid. Grand Theft Auto uses invented car brands, so Vapid is not a real company. The body style is given as 4-door sedan. The vehicle type is given as fullsize. Grand Theft Auto VI has not released and Rockstar has published no list of its own, so this entry records what the wiki says and does not treat it as confirmed.","Manufacturer: Vapid;Body style: 4-door sedan;Source: GTA Fandom wiki, via outlawdb","","","","COMMUNITY_IDENTIFIED","TIER_3_COMMUNITY","https://gta.fandom.com/wiki/Unnamed_GTA_VI_Vapid_sedan","2026-09-13","LOW","NO","Vapid","gta 6 vapid sedan;vapid sedan gta 6;gta 6 vapid","Data from outlawdb (https://outlawdb.com/en/gta-6/vehicles), derived from GTA Wiki, CC BY-SA 3.0."
"vehicle","Vapid SUV","","unnamed-vapid-suv","","4-door SUV","Vapid SUV is a vehicle listed for GTA 6 on the GTA Fandom wiki, made in game by Vapid.","Vapid SUV appears on the GTA Fandom wiki as a Grand Theft Auto VI vehicle. The in-game manufacturer is given as Vapid. Grand Theft Auto uses invented car brands, so Vapid is not a real company. The body style is given as 4-door SUV. The vehicle type is given as lighttruck. Grand Theft Auto VI has not released and Rockstar has published no list of its own, so this entry records what the wiki says and does not treat it as confirmed.","Manufacturer: Vapid;Body style: 4-door SUV;Source: GTA Fandom wiki, via outlawdb","","","","COMMUNITY_IDENTIFIED","TIER_3_COMMUNITY","https://gta.fandom.com/wiki/Unnamed_GTA_VI_Vapid_SUV","2026-09-13","LOW","NO","Vapid","gta 6 vapid suv;vapid suv gta 6;gta 6 vapid","Data from outlawdb (https://outlawdb.com/en/gta-6/vehicles), derived from GTA Wiki, CC BY-SA 3.0."
"vehicle","Vapid SUV (second generation)","","unnamed-vapid-suv-second-generation","","4-door SUV","Vapid SUV (second generation) is a vehicle listed for GTA 6 on the GTA Fandom wiki, made in game by Vapid.","Vapid SUV (second generation) appears on the GTA Fandom wiki as a Grand Theft Auto VI vehicle. The in-game manufacturer is given as Vapid. Grand Theft Auto uses invented car brands, so Vapid is not a real company. The body style is given as 4-door SUV. The vehicle type is given as lighttruck. Grand Theft Auto VI has not released and Rockstar has published no list of its own, so this entry records what the wiki says and does not treat it as confirmed.","Manufacturer: Vapid;Body style: 4-door SUV;Source: GTA Fandom wiki, via outlawdb","","","","COMMUNITY_IDENTIFIED","TIER_3_COMMUNITY","https://gta.fandom.com/wiki/Unnamed_GTA_VI_Vapid_SUV_(second_generation)","2026-09-13","LOW","NO","Vapid","gta 6 vapid suv (second generation);vapid suv (second generation) gta 6;gta 6 vapid","Data from outlawdb (https://outlawdb.com/en/gta-6/vehicles), derived from GTA Wiki, CC BY-SA 3.0."
"vehicle","Vapid taxi","","unnamed-vapid-taxi","","4-door sedan","Vapid taxi is a vehicle listed for GTA 6 on the GTA Fandom wiki, made in game by Vapid.","Vapid taxi appears on the GTA Fandom wiki as a Grand Theft Auto VI vehicle. The in-game manufacturer is given as Vapid. Grand Theft Auto uses invented car brands, so Vapid is not a real company. The body style is given as 4-door sedan. The vehicle type is given as fullsize. Grand Theft Auto VI has not released and Rockstar has published no list of its own, so this entry records what the wiki says and does not treat it as confirmed.","Manufacturer: Vapid;Body style: 4-door sedan;Source: GTA Fandom wiki, via outlawdb","","","","COMMUNITY_IDENTIFIED","TIER_3_COMMUNITY","https://gta.fandom.com/wiki/Unnamed_GTA_VI_Vapid_taxi","2026-09-13","LOW","NO","Vapid","gta 6 vapid taxi;vapid taxi gta 6;gta 6 vapid","Data from outlawdb (https://outlawdb.com/en/gta-6/vehicles), derived from GTA Wiki, CC BY-SA 3.0."
"vehicle","Vapid unmarked SUV","","unnamed-vapid-unmarked-suv","","4-door SUV","Vapid unmarked SUV is a vehicle listed for GTA 6 on the GTA Fandom wiki, made in game by Vapid.","Vapid unmarked SUV appears on the GTA Fandom wiki as a Grand Theft Auto VI vehicle. The in-game manufacturer is given as Vapid. Grand Theft Auto uses invented car brands, so Vapid is not a real company. The body style is given as 4-door SUV. The vehicle type is given as lighttruck. Grand Theft Auto VI has not released and Rockstar has published no list of its own, so this entry records what the wiki says and does not treat it as confirmed.","Manufacturer: Vapid;Body style: 4-door SUV;Source: GTA Fandom wiki, via outlawdb","","","","COMMUNITY_IDENTIFIED","TIER_3_COMMUNITY","https://gta.fandom.com/wiki/Unnamed_GTA_VI_Vapid_unmarked_SUV","2026-09-13","LOW","NO","Vapid","gta 6 vapid unmarked suv;vapid unmarked suv gta 6;gta 6 vapid","Data from outlawdb (https://outlawdb.com/en/gta-6/vehicles), derived from GTA Wiki, CC BY-SA 3.0."
"vehicle","VCIA train","","unnamed-vcia-train","","apm","VCIA train is a vehicle listed for GTA 6 on the GTA Fandom wiki.","VCIA train appears on the GTA Fandom wiki as a Grand Theft Auto VI vehicle. The vehicle type is given as apm. Grand Theft Auto VI has not released and Rockstar has published no list of its own, so this entry records what the wiki says and does not treat it as confirmed.","Source: GTA Fandom wiki, via outlawdb","","","","COMMUNITY_IDENTIFIED","TIER_3_COMMUNITY","https://gta.fandom.com/wiki/Unnamed_GTA_VI_VCIA_train","2026-09-13","LOW","NO","","gta 6 vcia train;vcia train gta 6","Data from outlawdb (https://outlawdb.com/en/gta-6/vehicles), derived from GTA Wiki, CC BY-SA 3.0."
"vehicle","VCMM train","","unnamed-vcmm-train","","apm","VCMM train is a vehicle listed for GTA 6 on the GTA Fandom wiki.","VCMM train appears on the GTA Fandom wiki as a Grand Theft Auto VI vehicle. The vehicle type is given as apm. Grand Theft Auto VI has not released and Rockstar has published no list of its own, so this entry records what the wiki says and does not treat it as confirmed.","Source: GTA Fandom wiki, via outlawdb","","","","COMMUNITY_IDENTIFIED","TIER_3_COMMUNITY","https://gta.fandom.com/wiki/Unnamed_GTA_VI_VCMM_train","2026-09-13","LOW","NO","","gta 6 vcmm train;vcmm train gta 6","Data from outlawdb (https://outlawdb.com/en/gta-6/vehicles), derived from GTA Wiki, CC BY-SA 3.0."
"vehicle","Verus lifeguard ATV","","unnamed-verus-lifeguard-atv","","Quad bike","Verus lifeguard ATV is a vehicle listed for GTA 6 on the GTA Fandom wiki, made in game by Dinka.","Verus lifeguard ATV appears on the GTA Fandom wiki as a Grand Theft Auto VI vehicle. The in-game manufacturer is given as Dinka. Grand Theft Auto uses invented car brands, so Dinka is not a real company. The body style is given as Quad bike. The vehicle type is given as atv. Grand Theft Auto VI has not released and Rockstar has published no list of its own, so this entry records what the wiki says and does not treat it as confirmed.","Manufacturer: Dinka;Body style: Quad bike;Source: GTA Fandom wiki, via outlawdb","","","","COMMUNITY_IDENTIFIED","TIER_3_COMMUNITY","https://gta.fandom.com/wiki/Unnamed_GTA_VI_Verus_lifeguard_ATV","2026-09-13","LOW","NO","Dinka","gta 6 verus lifeguard atv;verus lifeguard atv gta 6;gta 6 dinka","Data from outlawdb (https://outlawdb.com/en/gta-6/vehicles), derived from GTA Wiki, CC BY-SA 3.0."
"vehicle","Viewliner-inspired railroad car","","unnamed-viewliner-inspired-railroad-car","","passengerrail","Viewliner-inspired railroad car is a vehicle listed for GTA 6 on the GTA Fandom wiki.","Viewliner-inspired railroad car appears on the GTA Fandom wiki as a Grand Theft Auto VI vehicle. The vehicle type is given as passengerrail. Grand Theft Auto VI has not released and Rockstar has published no list of its own, so this entry records what the wiki says and does not treat it as confirmed.","Source: GTA Fandom wiki, via outlawdb","","","","COMMUNITY_IDENTIFIED","TIER_3_COMMUNITY","https://gta.fandom.com/wiki/Unnamed_GTA_VI_Viewliner-inspired_railroad_car","2026-09-13","LOW","NO","","gta 6 viewliner-inspired railroad car;viewliner-inspired railroad car gta 6","Data from outlawdb (https://outlawdb.com/en/gta-6/vehicles), derived from GTA Wiki, CC BY-SA 3.0."
"vehicle","Weazel News helicopter","","unnamed-weazel-news-helicopter","","Three-bladed helicopter","Weazel News helicopter is a vehicle listed for GTA 6 on the GTA Fandom wiki, made in game by Buckingham.","Weazel News helicopter appears on the GTA Fandom wiki as a Grand Theft Auto VI vehicle. The in-game manufacturer is given as Buckingham. Grand Theft Auto uses invented car brands, so Buckingham is not a real company. The body style is given as Three-bladed helicopter. The vehicle type is given as singleheli. Grand Theft Auto VI has not released and Rockstar has published no list of its own, so this entry records what the wiki says and does not treat it as confirmed.","Manufacturer: Buckingham;Body style: Three-bladed helicopter;Source: GTA Fandom wiki, via outlawdb","","","","COMMUNITY_IDENTIFIED","TIER_3_COMMUNITY","https://gta.fandom.com/wiki/Unnamed_GTA_VI_Weazel_News_helicopter","2026-09-13","LOW","NO","Buckingham","gta 6 weazel news helicopter;weazel news helicopter gta 6;gta 6 buckingham","Data from outlawdb (https://outlawdb.com/en/gta-6/vehicles), derived from GTA Wiki, CC BY-SA 3.0."
"vehicle","Willard sedan","","unnamed-willard-sedan","","4-door sedan","Willard sedan is a vehicle listed for GTA 6 on the GTA Fandom wiki, made in game by Willard.","Willard sedan appears on the GTA Fandom wiki as a Grand Theft Auto VI vehicle. The in-game manufacturer is given as Willard. Grand Theft Auto uses invented car brands, so Willard is not a real company. The body style is given as 4-door sedan. The vehicle type is given as midsize. Grand Theft Auto VI has not released and Rockstar has published no list of its own, so this entry records what the wiki says and does not treat it as confirmed.","Manufacturer: Willard;Body style: 4-door sedan;Source: GTA Fandom wiki, via outlawdb","","","","COMMUNITY_IDENTIFIED","TIER_3_COMMUNITY","https://gta.fandom.com/wiki/Unnamed_GTA_VI_Willard_sedan","2026-09-13","LOW","NO","Willard","gta 6 willard sedan;willard sedan gta 6;gta 6 willard","Data from outlawdb (https://outlawdb.com/en/gta-6/vehicles), derived from GTA Wiki, CC BY-SA 3.0."
"vehicle","Willard station wagon","","unnamed-willard-station-wagon","","4-door station wagon","Willard station wagon is a vehicle listed for GTA 6 on the GTA Fandom wiki, made in game by Willard.","Willard station wagon appears on the GTA Fandom wiki as a Grand Theft Auto VI vehicle. The in-game manufacturer is given as Willard. Grand Theft Auto uses invented car brands, so Willard is not a real company. The body style is given as 4-door station wagon. The vehicle type is given as fullsize. Grand Theft Auto VI has not released and Rockstar has published no list of its own, so this entry records what the wiki says and does not treat it as confirmed.","Manufacturer: Willard;Body style: 4-door station wagon;Source: GTA Fandom wiki, via outlawdb","","","","COMMUNITY_IDENTIFIED","TIER_3_COMMUNITY","https://gta.fandom.com/wiki/Unnamed_GTA_VI_Willard_station_wagon","2026-09-13","LOW","NO","Willard","gta 6 willard station wagon;willard station wagon gta 6;gta 6 willard","Data from outlawdb (https://outlawdb.com/en/gta-6/vehicles), derived from GTA Wiki, CC BY-SA 3.0."
"vehicle","Utility Truck (Contender-based)","","utility-truck-contender-based","Utility","2-door utility pickup truck","Utility Truck (Contender-based) is a vehicle listed for GTA 6 on the GTA Fandom wiki, made in game by Vapid.","Utility Truck (Contender-based) appears on the GTA Fandom wiki as a Grand Theft Auto VI vehicle. The in-game manufacturer is given as Vapid. Grand Theft Auto uses invented car brands, so Vapid is not a real company. The wiki files it in the Utility class, with a 2-door utility pickup truck body. The vehicle type is given as lighttruck. It seats 2. Grand Theft Auto VI has not released and Rockstar has published no list of its own, so this entry records what the wiki says and does not treat it as confirmed.","Manufacturer: Vapid;Class: Utility;Body style: 2-door utility pickup truck;Seats: 2;Source: GTA Fandom wiki, via outlawdb","","","","COMMUNITY_IDENTIFIED","TIER_3_COMMUNITY","https://gta.fandom.com/wiki/Utility_Truck_(Contender-based)","2026-09-13","LOW","NO","Vapid","gta 6 utility truck (contender-based);utility truck (contender-based) gta 6;gta 6 vapid","Data from outlawdb (https://outlawdb.com/en/gta-6/vehicles), derived from GTA Wiki, CC BY-SA 3.0."
"vehicle","V-STR","","v-str","Sports","4-door sedan","V-STR is a vehicle listed for GTA 6 on the GTA Fandom wiki, made in game by Albany.","V-STR appears on the GTA Fandom wiki as a Grand Theft Auto VI vehicle. The in-game manufacturer is given as Albany. Grand Theft Auto uses invented car brands, so Albany is not a real company. The wiki files it in the Sports class, with a 4-door sedan body. The vehicle type is given as midsize. It seats 4. A price of $1,285,000 is listed. Rockstar has published no GTA 6 price. Grand Theft Auto VI has not released and Rockstar has published no list of its own, so this entry records what the wiki says and does not treat it as confirmed.","Manufacturer: Albany;Class: Sports;Body style: 4-door sedan;Seats: 4;Listed price: $1,285,000;Source: GTA Fandom wiki, via outlawdb","","","","COMMUNITY_IDENTIFIED","TIER_3_COMMUNITY","https://gta.fandom.com/wiki/V-STR","2026-09-13","LOW","NO","Albany","gta 6 v-str;v-str gta 6;gta 6 albany","Data from outlawdb (https://outlawdb.com/en/gta-6/vehicles), derived from GTA Wiki, CC BY-SA 3.0."
"vehicle","Vectre","","vectre","Sports","2-door coupe","Vectre is a vehicle listed for GTA 6 on the GTA Fandom wiki, made in game by Emperor.","Vectre appears on the GTA Fandom wiki as a Grand Theft Auto VI vehicle. The in-game manufacturer is given as Emperor. Grand Theft Auto uses invented car brands, so Emperor is not a real company. The wiki files it in the Sports class, with a 2-door coupe body. The vehicle type is given as grandtourer. It seats 2. A price of $1,785,000 is listed. Rockstar has published no GTA 6 price. Grand Theft Auto VI has not released and Rockstar has published no list of its own, so this entry records what the wiki says and does not treat it as confirmed.","Manufacturer: Emperor;Class: Sports;Body style: 2-door coupe;Seats: 2;Listed price: $1,785,000;Source: GTA Fandom wiki, via outlawdb","","","","COMMUNITY_IDENTIFIED","TIER_3_COMMUNITY","https://gta.fandom.com/wiki/Vectre","2026-09-13","LOW","NO","Emperor","gta 6 vectre;vectre gta 6;gta 6 emperor","Data from outlawdb (https://outlawdb.com/en/gta-6/vehicles), derived from GTA Wiki, CC BY-SA 3.0."
"vehicle","Verus","","verus","Off-Road","Quad bike","Verus is a vehicle listed for GTA 6 on the GTA Fandom wiki, made in game by Dinka.","Verus appears on the GTA Fandom wiki as a Grand Theft Auto VI vehicle. The in-game manufacturer is given as Dinka. Grand Theft Auto uses invented car brands, so Dinka is not a real company. The wiki files it in the Off-Road class, with a Quad bike body. The vehicle type is given as atv. It seats 2. A price of $192,000 is listed. Rockstar has published no GTA 6 price. Grand Theft Auto VI has not released and Rockstar has published no list of its own, so this entry records what the wiki says and does not treat it as confirmed.","Manufacturer: Dinka;Class: Off-Road;Body style: Quad bike;Seats: 2;Listed price: $192,000;Source: GTA Fandom wiki, via outlawdb","","","","COMMUNITY_IDENTIFIED","TIER_3_COMMUNITY","https://gta.fandom.com/wiki/Verus","2026-09-13","LOW","NO","Dinka","gta 6 verus;verus gta 6;gta 6 dinka","Data from outlawdb (https://outlawdb.com/en/gta-6/vehicles), derived from GTA Wiki, CC BY-SA 3.0."
"vehicle","Vigero ZX Convertible","","vigero-zx-convertible","Muscle","2-door convertible","Vigero ZX Convertible is a vehicle listed for GTA 6 on the GTA Fandom wiki, made in game by Declasse.","Vigero ZX Convertible appears on the GTA Fandom wiki as a Grand Theft Auto VI vehicle. The in-game manufacturer is given as Declasse. Grand Theft Auto uses invented car brands, so Declasse is not a real company. The wiki files it in the Muscle class, with a 2-door convertible body. It seats 2. A price of $2,295,000 is listed. Rockstar has published no GTA 6 price. Grand Theft Auto VI has not released and Rockstar has published no list of its own, so this entry records what the wiki says and does not treat it as confirmed.","Manufacturer: Declasse;Class: Muscle;Body style: 2-door convertible;Seats: 2;Listed price: $2,295,000;Source: GTA Fandom wiki, via outlawdb","","","","COMMUNITY_IDENTIFIED","TIER_3_COMMUNITY","https://gta.fandom.com/wiki/Vigero_ZX_Convertible","2026-09-13","LOW","NO","Declasse","gta 6 vigero zx convertible;vigero zx convertible gta 6;gta 6 declasse","Data from outlawdb (https://outlawdb.com/en/gta-6/vehicles), derived from GTA Wiki, CC BY-SA 3.0."
"vehicle","Walton L35 Stock","","walton-l35-stock","Off-Road","2-door pickup truck","Walton L35 Stock is a vehicle listed for GTA 6 on the GTA Fandom wiki, made in game by Declasse.","Walton L35 Stock appears on the GTA Fandom wiki as a Grand Theft Auto VI vehicle. The in-game manufacturer is given as Declasse. Grand Theft Auto uses invented car brands, so Declasse is not a real company. The wiki files it in the Off-Road class, with a 2-door pickup truck body. The vehicle type is given as lighttruck. It seats 2. A price of $1,303,700 is listed. Rockstar has published no GTA 6 price. Grand Theft Auto VI has not released and Rockstar has published no list of its own, so this entry records what the wiki says and does not treat it as confirmed.","Manufacturer: Declasse;Class: Off-Road;Body style: 2-door pickup truck;Seats: 2;Listed price: $1,303,700;Source: GTA Fandom wiki, via outlawdb","","","","COMMUNITY_IDENTIFIED","TIER_3_COMMUNITY","https://gta.fandom.com/wiki/Walton_L35_Stock","2026-09-13","LOW","NO","Declasse","gta 6 walton l35 stock;walton l35 stock gta 6;gta 6 declasse","Data from outlawdb (https://outlawdb.com/en/gta-6/vehicles), derived from GTA Wiki, CC BY-SA 3.0."
"vehicle","XLS","","xls","SUVs","4-door SUV","XLS is a vehicle listed for GTA 6 on the GTA Fandom wiki, made in game by Benefactor.","XLS appear on the GTA Fandom wiki as a Grand Theft Auto VI vehicle. The in-game manufacturer is given as Benefactor. Grand Theft Auto uses invented car brands, so Benefactor is not a real company. The wiki files it in the SUVs class, with a 4-door SUV body. The vehicle type is given as lighttruck. It seats 4. A price of $253,000 is listed. Rockstar has published no GTA 6 price. Grand Theft Auto VI has not released and Rockstar has published no list of its own, so this entry records what the wiki says and does not treat it as confirmed.","Manufacturer: Benefactor;Class: SUVs;Body style: 4-door SUV;Seats: 4;Listed price: $253,000;Source: GTA Fandom wiki, via outlawdb","","","","COMMUNITY_IDENTIFIED","TIER_3_COMMUNITY","https://gta.fandom.com/wiki/XLS","2026-09-13","LOW","NO","Benefactor","gta 6 xls;xls gta 6;gta 6 benefactor","Data from outlawdb (https://outlawdb.com/en/gta-6/vehicles), derived from GTA Wiki, CC BY-SA 3.0."
"vehicle","Yosemite 1500","","yosemite-1500","Off-Road","2-door pickup truck","Yosemite 1500 is a vehicle listed for GTA 6 on the GTA Fandom wiki, made in game by Declasse.","Yosemite 1500 appears on the GTA Fandom wiki as a Grand Theft Auto VI vehicle. The in-game manufacturer is given as Declasse. Grand Theft Auto uses invented car brands, so Declasse is not a real company. The wiki files it in the Off-Road class, with a 2-door pickup truck body. The vehicle type is given as lighttruck. It seats 2. A price of $1,205,000 is listed. Rockstar has published no GTA 6 price. Grand Theft Auto VI has not released and Rockstar has published no list of its own, so this entry records what the wiki says and does not treat it as confirmed.","Manufacturer: Declasse;Class: Off-Road;Body style: 2-door pickup truck;Seats: 2;Listed price: $1,205,000;Source: GTA Fandom wiki, via outlawdb","","","","COMMUNITY_IDENTIFIED","TIER_3_COMMUNITY","https://gta.fandom.com/wiki/Yosemite_1500","2026-09-13","LOW","NO","Declasse","gta 6 yosemite 1500;yosemite 1500 gta 6;gta 6 declasse","Data from outlawdb (https://outlawdb.com/en/gta-6/vehicles), derived from GTA Wiki, CC BY-SA 3.0."
"vehicle","Youga","","youga","Vans","Passenger van","Youga is a vehicle listed for GTA 6 on the GTA Fandom wiki, made in game by Bravado.","Youga appears on the GTA Fandom wiki as a Grand Theft Auto VI vehicle. The in-game manufacturer is given as Bravado. Grand Theft Auto uses invented car brands, so Bravado is not a real company. The wiki files it in the Vans class, with a Passenger van body. The vehicle type is given as lighttruck. It seats 2. A price of $16,000 is listed. Rockstar has published no GTA 6 price. Grand Theft Auto VI has not released and Rockstar has published no list of its own, so this entry records what the wiki says and does not treat it as confirmed.","Manufacturer: Bravado;Class: Vans;Body style: Passenger van;Seats: 2;Listed price: $16,000;Source: GTA Fandom wiki, via outlawdb","","","","COMMUNITY_IDENTIFIED","TIER_3_COMMUNITY","https://gta.fandom.com/wiki/Youga","2026-09-13","LOW","NO","Bravado","gta 6 youga;youga gta 6;gta 6 bravado","Data from outlawdb (https://outlawdb.com/en/gta-6/vehicles), derived from GTA Wiki, CC BY-SA 3.0."
"vehicle","Youga Classic","","youga-classic","Vans","Full-size cargo/passenger van","Youga Classic is a vehicle listed for GTA 6 on the GTA Fandom wiki, made in game by Bravado Vapid.","Youga Classic appears on the GTA Fandom wiki as a Grand Theft Auto VI vehicle. The in-game manufacturer is given as Bravado Vapid. Grand Theft Auto uses invented car brands, so Bravado Vapid is not a real company. The wiki files it in the Vans class, with a Full-size cargo/passenger van body. The vehicle type is given as lighttruck. It seats 4. A price of $195,000 is listed. Rockstar has published no GTA 6 price. Grand Theft Auto VI has not released and Rockstar has published no list of its own, so this entry records what the wiki says and does not treat it as confirmed.","Manufacturer: Bravado Vapid;Class: Vans;Body style: Full-size cargo/passenger van;Seats: 4;Listed price: $195,000;Source: GTA Fandom wiki, via outlawdb","","","","COMMUNITY_IDENTIFIED","TIER_3_COMMUNITY","https://gta.fandom.com/wiki/Youga_Classic","2026-09-13","LOW","NO","Bravado Vapid","gta 6 youga classic;youga classic gta 6;gta 6 bravado vapid","Data from outlawdb (https://outlawdb.com/en/gta-6/vehicles), derived from GTA Wiki, CC BY-SA 3.0."
"vehicle","Zombie","","zombie","Motorcycles","Chopper","Zombie is a vehicle listed for GTA 6 on the GTA Fandom wiki, made in game by Steel Horse, Liberty Chop Shop, Liberty City Cycles, Western Motorcycle Company.","Zombie appears on the GTA Fandom wiki as a Grand Theft Auto VI vehicle. The in-game manufacturer is given as Steel Horse, Liberty Chop Shop, Liberty City Cycles, Western Motorcycle Company. Grand Theft Auto uses invented car brands, so Steel Horse, Liberty Chop Shop, Liberty City Cycles, Western Motorcycle Company is not a real company. The wiki files it in the Motorcycles class, with a Chopper body. The vehicle type is given as streetbike. It seats 2. A price of $122,000 is listed, but the wiki takes that figure from GTA Online and not from GTA 6. No GTA 6 price has been published. Grand Theft Auto VI has not released and Rockstar has published no list of its own, so this entry records what the wiki says and does not treat it as confirmed.","Manufacturer: Steel Horse, Liberty Chop Shop, Liberty City Cycles, Western Motorcycle Company;Class: Motorcycles;Body style: Chopper;Seats: 2;Listed price: $122,000 (from GTA Online, not GTA 6);Source: GTA Fandom wiki, via outlawdb","","","","COMMUNITY_IDENTIFIED","TIER_3_COMMUNITY","https://gta.fandom.com/wiki/Zombie","2026-09-13","LOW","NO","Steel Horse, Liberty Chop Shop, Liberty City Cycles, Western Motorcycle Company","gta 6 zombie;zombie gta 6;gta 6 steel horse, liberty chop shop, liberty city cycles, western motorcycle company","Data from outlawdb (https://outlawdb.com/en/gta-6/vehicles), derived from GTA Wiki, CC BY-SA 3.0."
"vehicle","Zorrusso","","zorrusso","Super","2-door roadster","Zorrusso is a vehicle listed for GTA 6 on the GTA Fandom wiki, made in game by Pegassi.","Zorrusso appears on the GTA Fandom wiki as a Grand Theft Auto VI vehicle. The in-game manufacturer is given as Pegassi. Grand Theft Auto uses invented car brands, so Pegassi is not a real company. The wiki files it in the Super class, with a 2-door roadster body. The vehicle type is given as supercar. It seats 2. A price of $1,925,000 is listed, but the wiki takes that figure from GTA Online and not from GTA 6. No GTA 6 price has been published. Grand Theft Auto VI has not released and Rockstar has published no list of its own, so this entry records what the wiki says and does not treat it as confirmed.","Manufacturer: Pegassi;Class: Super;Body style: 2-door roadster;Seats: 2;Listed price: $1,925,000 (from GTA Online, not GTA 6);Source: GTA Fandom wiki, via outlawdb","","","","COMMUNITY_IDENTIFIED","TIER_3_COMMUNITY","https://gta.fandom.com/wiki/Zorrusso","2026-09-13","LOW","NO","Pegassi","gta 6 zorrusso;zorrusso gta 6;gta 6 pegassi","Data from outlawdb (https://outlawdb.com/en/gta-6/vehicles), derived from GTA Wiki, CC BY-SA 3.0."
